ISO-10303-21;
HEADER;
FILE_DESCRIPTION(('KiCad electronic assembly'),'2;1');
FILE_NAME('led-breakout.step','2026-06-17T20:21:43',('Pcbnew'),('Kicad')
  ,'Open CASCADE STEP processor 7.9','KiCad to STEP converter','Unknown'
  );
FILE_SCHEMA(('AUTOMOTIVE_DESIGN { 1 0 10303 214 1 1 1 1 }'));
ENDSEC;
DATA;
#1 = APPLICATION_PROTOCOL_DEFINITION('international standard',
  'automotive_design',2000,#2);
#2 = APPLICATION_CONTEXT(
  'core data for automotive mechanical design processes');
#3 = SHAPE_DEFINITION_REPRESENTATION(#4,#10);
#4 = PRODUCT_DEFINITION_SHAPE('','',#5);
#5 = PRODUCT_DEFINITION('design','',#6,#9);
#6 = PRODUCT_DEFINITION_FORMATION('','',#7);
#7 = PRODUCT('led-breakout 1','led-breakout 1','',(#8));
#8 = PRODUCT_CONTEXT('',#2,'mechanical');
#9 = PRODUCT_DEFINITION_CONTEXT('part definition',#2,'design');
#10 = SHAPE_REPRESENTATION('',(#11,#15,#19,#23,#27,#31,#35,#39,#43,#47,
    #51,#55,#59,#63,#67,#71,#75,#79),#83);
#11 = AXIS2_PLACEMENT_3D('',#12,#13,#14);
#12 = CARTESIAN_POINT('',(0.,0.,0.));
#13 = DIRECTION('',(0.,0.,1.));
#14 = DIRECTION('',(1.,0.,-0.));
#15 = AXIS2_PLACEMENT_3D('',#16,#17,#18);
#16 = CARTESIAN_POINT('',(114.5,-119.75,1.595));
#17 = DIRECTION('',(0.,-0.,1.));
#18 = DIRECTION('',(1.110223024625E-16,1.,0.));
#19 = AXIS2_PLACEMENT_3D('',#20,#21,#22);
#20 = CARTESIAN_POINT('',(125.5,-119.75,1.595));
#21 = DIRECTION('',(0.,-0.,1.));
#22 = DIRECTION('',(1.110223024625E-16,1.,0.));
#23 = AXIS2_PLACEMENT_3D('',#24,#25,#26);
#24 = CARTESIAN_POINT('',(114.5,-125.75,1.595));
#25 = DIRECTION('',(0.,-0.,1.));
#26 = DIRECTION('',(1.110223024625E-16,1.,0.));
#27 = AXIS2_PLACEMENT_3D('',#28,#29,#30);
#28 = CARTESIAN_POINT('',(125.5,-125.75,1.595));
#29 = DIRECTION('',(0.,-0.,1.));
#30 = DIRECTION('',(1.110223024625E-16,1.,0.));
#31 = AXIS2_PLACEMENT_3D('',#32,#33,#34);
#32 = CARTESIAN_POINT('',(120.,-125.75,1.595));
#33 = DIRECTION('',(0.,-0.,1.));
#34 = DIRECTION('',(1.110223024625E-16,1.,0.));
#35 = AXIS2_PLACEMENT_3D('',#36,#37,#38);
#36 = CARTESIAN_POINT('',(125.5,-113.75,1.595));
#37 = DIRECTION('',(0.,-0.,1.));
#38 = DIRECTION('',(1.110223024625E-16,1.,0.));
#39 = AXIS2_PLACEMENT_3D('',#40,#41,#42);
#40 = CARTESIAN_POINT('',(114.5,-113.75,1.595));
#41 = DIRECTION('',(0.,-0.,1.));
#42 = DIRECTION('',(1.110223024625E-16,1.,0.));
#43 = AXIS2_PLACEMENT_3D('',#44,#45,#46);
#44 = CARTESIAN_POINT('',(120.,-113.75,1.595));
#45 = DIRECTION('',(0.,-0.,1.));
#46 = DIRECTION('',(1.110223024625E-16,1.,0.));
#47 = AXIS2_PLACEMENT_3D('',#48,#49,#50);
#48 = CARTESIAN_POINT('',(120.,-119.75,1.595));
#49 = DIRECTION('',(0.,-0.,1.));
#50 = DIRECTION('',(1.110223024625E-16,1.,0.));
#51 = AXIS2_PLACEMENT_3D('',#52,#53,#54);
#52 = CARTESIAN_POINT('',(118.5,-119.,-8.5E-02));
#53 = DIRECTION('',(1.224646799147E-16,-1.359631073447E-32,-1.));
#54 = DIRECTION('',(1.110223024625E-16,1.,0.));
#55 = AXIS2_PLACEMENT_3D('',#56,#57,#58);
#56 = CARTESIAN_POINT('',(121.5,-119.,-8.5E-02));
#57 = DIRECTION('',(1.224646799147E-16,-1.359631073447E-32,-1.));
#58 = DIRECTION('',(1.110223024625E-16,1.,0.));
#59 = AXIS2_PLACEMENT_3D('',#60,#61,#62);
#60 = CARTESIAN_POINT('',(129.,-120.,-8.5E-02));
#61 = DIRECTION('',(1.224646799147E-16,-1.359631073447E-32,-1.));
#62 = DIRECTION('',(1.110223024625E-16,1.,0.));
#63 = AXIS2_PLACEMENT_3D('',#64,#65,#66);
#64 = CARTESIAN_POINT('',(118.5,-122.25,-8.5E-02));
#65 = DIRECTION('',(-1.224646799147E-16,-1.359631073447E-32,-1.));
#66 = DIRECTION('',(1.110223024625E-16,-1.,0.));
#67 = AXIS2_PLACEMENT_3D('',#68,#69,#70);
#68 = CARTESIAN_POINT('',(120.,-114.15,-8.5E-02));
#69 = DIRECTION('',(1.499759782662E-32,1.224646799147E-16,-1.));
#70 = DIRECTION('',(-1.,1.224646799147E-16,0.));
#71 = AXIS2_PLACEMENT_3D('',#72,#73,#74);
#72 = CARTESIAN_POINT('',(121.5,-122.25,-8.5E-02));
#73 = DIRECTION('',(1.224646799147E-16,-1.359631073447E-32,-1.));
#74 = DIRECTION('',(1.110223024625E-16,1.,0.));
#75 = AXIS2_PLACEMENT_3D('',#76,#77,#78);
#76 = CARTESIAN_POINT('',(111.,-120.,-8.5E-02));
#77 = DIRECTION('',(-1.224646799147E-16,-1.359631073447E-32,-1.));
#78 = DIRECTION('',(1.110223024625E-16,-1.,0.));
#79 = AXIS2_PLACEMENT_3D('',#80,#81,#82);
#80 = CARTESIAN_POINT('',(0.,0.,0.));
#81 = DIRECTION('',(0.,0.,1.));
#82 = DIRECTION('',(1.,0.,-0.));
#83 = ( GEOMETRIC_REPRESENTATION_CONTEXT(3) 
GLOBAL_UNCERTAINTY_ASSIGNED_CONTEXT((#87)) GLOBAL_UNIT_ASSIGNED_CONTEXT(
(#84,#85,#86)) REPRESENTATION_CONTEXT('Context #1',
  '3D Context with UNIT and UNCERTAINTY') );
#84 = ( LENGTH_UNIT() NAMED_UNIT(*) SI_UNIT(.MILLI.,.METRE.) );
#85 = ( NAMED_UNIT(*) PLANE_ANGLE_UNIT() SI_UNIT($,.RADIAN.) );
#86 = ( NAMED_UNIT(*) SI_UNIT($,.STERADIAN.) SOLID_ANGLE_UNIT() );
#87 = UNCERTAINTY_MEASURE_WITH_UNIT(LENGTH_MEASURE(1.E-07),#84,
  'distance_accuracy_value','confusion accuracy');
#88 = PRODUCT_RELATED_PRODUCT_CATEGORY('part',$,(#7));
#89 = SHAPE_DEFINITION_REPRESENTATION(#90,#96);
#90 = PRODUCT_DEFINITION_SHAPE('','',#91);
#91 = PRODUCT_DEFINITION('design','',#92,#95);
#92 = PRODUCT_DEFINITION_FORMATION('','',#93);
#93 = PRODUCT('LED-XP-E2','LED-XP-E2','',(#94));
#94 = PRODUCT_CONTEXT('',#2,'mechanical');
#95 = PRODUCT_DEFINITION_CONTEXT('part definition',#2,'design');
#96 = SHAPE_REPRESENTATION('',(#11,#97),#101);
#97 = AXIS2_PLACEMENT_3D('',#98,#99,#100);
#98 = CARTESIAN_POINT('',(0.,0.,0.));
#99 = DIRECTION('',(0.,0.,1.));
#100 = DIRECTION('',(1.,0.,-0.));
#101 = ( GEOMETRIC_REPRESENTATION_CONTEXT(3) 
GLOBAL_UNCERTAINTY_ASSIGNED_CONTEXT((#105)) GLOBAL_UNIT_ASSIGNED_CONTEXT
((#102,#103,#104)) REPRESENTATION_CONTEXT('Context #1',
  '3D Context with UNIT and UNCERTAINTY') );
#102 = ( LENGTH_UNIT() NAMED_UNIT(*) SI_UNIT(.MILLI.,.METRE.) );
#103 = ( NAMED_UNIT(*) PLANE_ANGLE_UNIT() SI_UNIT($,.RADIAN.) );
#104 = ( NAMED_UNIT(*) SI_UNIT($,.STERADIAN.) SOLID_ANGLE_UNIT() );
#105 = UNCERTAINTY_MEASURE_WITH_UNIT(LENGTH_MEASURE(1.E-07),#102,
  'distance_accuracy_value','confusion accuracy');
#106 = CONTEXT_DEPENDENT_SHAPE_REPRESENTATION(#107,#109);
#107 = ( REPRESENTATION_RELATIONSHIP('','',#96,#10) 
REPRESENTATION_RELATIONSHIP_WITH_TRANSFORMATION(#108) 
SHAPE_REPRESENTATION_RELATIONSHIP() );
#108 = ITEM_DEFINED_TRANSFORMATION('','',#11,#15);
#109 = PRODUCT_DEFINITION_SHAPE('Placement','Placement of an item',#110
  );
#110 = NEXT_ASSEMBLY_USAGE_OCCURRENCE('8','D3','',#5,#91,$);
#111 = PRODUCT_RELATED_PRODUCT_CATEGORY('part',$,(#93));
#112 = SHAPE_DEFINITION_REPRESENTATION(#113,#119);
#113 = PRODUCT_DEFINITION_SHAPE('','',#114);
#114 = PRODUCT_DEFINITION('design','',#115,#118);
#115 = PRODUCT_DEFINITION_FORMATION('','',#116);
#116 = PRODUCT('LED-XP-E2','LED-XP-E2','',(#117));
#117 = PRODUCT_CONTEXT('',#2,'mechanical');
#118 = PRODUCT_DEFINITION_CONTEXT('part definition',#2,'design');
#119 = SHAPE_REPRESENTATION('',(#11,#120,#124),#128);
#120 = AXIS2_PLACEMENT_3D('',#121,#122,#123);
#121 = CARTESIAN_POINT('',(1.236852417361E-16,-1.236852417361E-16,
    9.5E-02));
#122 = DIRECTION('',(1.,-2.449212707645E-16,2.449212707645E-16));
#123 = DIRECTION('',(2.449212707645E-16,1.,-2.449212707645E-16));
#124 = AXIS2_PLACEMENT_3D('',#125,#126,#127);
#125 = CARTESIAN_POINT('',(0.,0.,0.6));
#126 = DIRECTION('',(1.,-2.449212707645E-16,2.449212707645E-16));
#127 = DIRECTION('',(2.449212707645E-16,1.,-2.449212707645E-16));
#128 = ( GEOMETRIC_REPRESENTATION_CONTEXT(3) 
GLOBAL_UNCERTAINTY_ASSIGNED_CONTEXT((#132)) GLOBAL_UNIT_ASSIGNED_CONTEXT
((#129,#130,#131)) REPRESENTATION_CONTEXT('Context #1',
  '3D Context with UNIT and UNCERTAINTY') );
#129 = ( LENGTH_UNIT() NAMED_UNIT(*) SI_UNIT(.MILLI.,.METRE.) );
#130 = ( NAMED_UNIT(*) PLANE_ANGLE_UNIT() SI_UNIT($,.RADIAN.) );
#131 = ( NAMED_UNIT(*) SI_UNIT($,.STERADIAN.) SOLID_ANGLE_UNIT() );
#132 = UNCERTAINTY_MEASURE_WITH_UNIT(LENGTH_MEASURE(1.E-07),#129,
  'distance_accuracy_value','confusion accuracy');
#133 = CONTEXT_DEPENDENT_SHAPE_REPRESENTATION(#134,#136);
#134 = ( REPRESENTATION_RELATIONSHIP('','',#119,#96) 
REPRESENTATION_RELATIONSHIP_WITH_TRANSFORMATION(#135) 
SHAPE_REPRESENTATION_RELATIONSHIP() );
#135 = ITEM_DEFINED_TRANSFORMATION('','',#11,#97);
#136 = PRODUCT_DEFINITION_SHAPE('Placement','Placement of an item',#137
  );
#137 = NEXT_ASSEMBLY_USAGE_OCCURRENCE('7','=>[0:1:1:3]','',#91,#114,$);
#138 = PRODUCT_RELATED_PRODUCT_CATEGORY('part',$,(#116));
#139 = SHAPE_DEFINITION_REPRESENTATION(#140,#146);
#140 = PRODUCT_DEFINITION_SHAPE('','',#141);
#141 = PRODUCT_DEFINITION('design','',#142,#145);
#142 = PRODUCT_DEFINITION_FORMATION('','',#143);
#143 = PRODUCT('2500-00565C_ASM','2500-00565C_ASM','',(#144));
#144 = PRODUCT_CONTEXT('',#2,'mechanical');
#145 = PRODUCT_DEFINITION_CONTEXT('part definition',#2,'design');
#146 = SHAPE_REPRESENTATION('',(#11,#147,#151,#155,#159),#163);
#147 = AXIS2_PLACEMENT_3D('',#148,#149,#150);
#148 = CARTESIAN_POINT('',(0.,0.,0.));
#149 = DIRECTION('',(0.,0.,1.));
#150 = DIRECTION('',(1.,0.,0.));
#151 = AXIS2_PLACEMENT_3D('',#152,#153,#154);
#152 = CARTESIAN_POINT('',(0.,0.,0.));
#153 = DIRECTION('',(0.,0.,-1.));
#154 = DIRECTION('',(1.,0.,0.));
#155 = AXIS2_PLACEMENT_3D('',#156,#157,#158);
#156 = CARTESIAN_POINT('',(1.15,0.,1.65));
#157 = DIRECTION('',(0.,0.,1.));
#158 = DIRECTION('',(-1.,0.,0.));
#159 = AXIS2_PLACEMENT_3D('',#160,#161,#162);
#160 = CARTESIAN_POINT('',(-1.15,-1.7E-02,1.65));
#161 = DIRECTION('',(0.,0.,1.));
#162 = DIRECTION('',(1.,0.,0.));
#163 = ( GEOMETRIC_REPRESENTATION_CONTEXT(3) 
GLOBAL_UNCERTAINTY_ASSIGNED_CONTEXT((#167)) GLOBAL_UNIT_ASSIGNED_CONTEXT
((#164,#165,#166)) REPRESENTATION_CONTEXT('Context #1',
  '3D Context with UNIT and UNCERTAINTY') );
#164 = ( LENGTH_UNIT() NAMED_UNIT(*) SI_UNIT(.MILLI.,.METRE.) );
#165 = ( NAMED_UNIT(*) PLANE_ANGLE_UNIT() SI_UNIT($,.RADIAN.) );
#166 = ( NAMED_UNIT(*) SI_UNIT($,.STERADIAN.) SOLID_ANGLE_UNIT() );
#167 = UNCERTAINTY_MEASURE_WITH_UNIT(LENGTH_MEASURE(1.E-07),#164,
  'distance_accuracy_value','confusion accuracy');
#168 = CONTEXT_DEPENDENT_SHAPE_REPRESENTATION(#169,#171);
#169 = ( REPRESENTATION_RELATIONSHIP('','',#146,#119) 
REPRESENTATION_RELATIONSHIP_WITH_TRANSFORMATION(#170) 
SHAPE_REPRESENTATION_RELATIONSHIP() );
#170 = ITEM_DEFINED_TRANSFORMATION('','',#11,#120);
#171 = PRODUCT_DEFINITION_SHAPE('Placement','Placement of an item',#172
  );
#172 = NEXT_ASSEMBLY_USAGE_OCCURRENCE('5','2500-00565C_ASM:1','',#114,
  #141,$);
#173 = PRODUCT_RELATED_PRODUCT_CATEGORY('part',$,(#143));
#174 = SHAPE_DEFINITION_REPRESENTATION(#175,#181);
#175 = PRODUCT_DEFINITION_SHAPE('','',#176);
#176 = PRODUCT_DEFINITION('design','',#177,#180);
#177 = PRODUCT_DEFINITION_FORMATION('','',#178);
#178 = PRODUCT('2500-00565C','2500-00565C','',(#179));
#179 = PRODUCT_CONTEXT('',#2,'mechanical');
#180 = PRODUCT_DEFINITION_CONTEXT('part definition',#2,'design');
#181 = ADVANCED_BREP_SHAPE_REPRESENTATION('',(#11,#182),#430);
#182 = MANIFOLD_SOLID_BREP('',#183);
#183 = CLOSED_SHELL('',(#184,#255,#286,#310,#334,#351,#394,#411));
#184 = ADVANCED_FACE('',(#185,#219,#230),#250,.F.);
#185 = FACE_BOUND('',#186,.T.);
#186 = EDGE_LOOP('',(#187,#197,#205,#213));
#187 = ORIENTED_EDGE('',*,*,#188,.F.);
#188 = EDGE_CURVE('',#189,#191,#193,.T.);
#189 = VERTEX_POINT('',#190);
#190 = CARTESIAN_POINT('',(1.725,0.,-1.725));
#191 = VERTEX_POINT('',#192);
#192 = CARTESIAN_POINT('',(-1.725,0.,-1.725));
#193 = LINE('',#194,#195);
#194 = CARTESIAN_POINT('',(1.725,0.,-1.725));
#195 = VECTOR('',#196,1.);
#196 = DIRECTION('',(-1.,0.,0.));
#197 = ORIENTED_EDGE('',*,*,#198,.F.);
#198 = EDGE_CURVE('',#199,#189,#201,.T.);
#199 = VERTEX_POINT('',#200);
#200 = CARTESIAN_POINT('',(1.725,0.,1.725));
#201 = LINE('',#202,#203);
#202 = CARTESIAN_POINT('',(1.725,0.,1.725));
#203 = VECTOR('',#204,1.);
#204 = DIRECTION('',(0.,0.,-1.));
#205 = ORIENTED_EDGE('',*,*,#206,.F.);
#206 = EDGE_CURVE('',#207,#199,#209,.T.);
#207 = VERTEX_POINT('',#208);
#208 = CARTESIAN_POINT('',(-1.725,0.,1.725));
#209 = LINE('',#210,#211);
#210 = CARTESIAN_POINT('',(-1.725,0.,1.725));
#211 = VECTOR('',#212,1.);
#212 = DIRECTION('',(1.,0.,0.));
#213 = ORIENTED_EDGE('',*,*,#214,.F.);
#214 = EDGE_CURVE('',#191,#207,#215,.T.);
#215 = LINE('',#216,#217);
#216 = CARTESIAN_POINT('',(-1.725,0.,-1.725));
#217 = VECTOR('',#218,1.);
#218 = DIRECTION('',(0.,0.,1.));
#219 = FACE_BOUND('',#220,.T.);
#220 = EDGE_LOOP('',(#221));
#221 = ORIENTED_EDGE('',*,*,#222,.T.);
#222 = EDGE_CURVE('',#223,#223,#225,.T.);
#223 = VERTEX_POINT('',#224);
#224 = CARTESIAN_POINT('',(-1.5315,0.,0.));
#225 = CIRCLE('',#226,3.15E-02);
#226 = AXIS2_PLACEMENT_3D('',#227,#228,#229);
#227 = CARTESIAN_POINT('',(-1.5,0.,0.));
#228 = DIRECTION('',(-0.,1.,0.));
#229 = DIRECTION('',(1.,0.,0.));
#230 = FACE_BOUND('',#231,.T.);
#231 = EDGE_LOOP('',(#232,#243));
#232 = ORIENTED_EDGE('',*,*,#233,.F.);
#233 = EDGE_CURVE('',#234,#236,#238,.T.);
#234 = VERTEX_POINT('',#235);
#235 = CARTESIAN_POINT('',(1.5315,0.,0.));
#236 = VERTEX_POINT('',#237);
#237 = CARTESIAN_POINT('',(1.4685,3.469446951954E-17,3.857637417314E-18)
  );
#238 = CIRCLE('',#239,3.15E-02);
#239 = AXIS2_PLACEMENT_3D('',#240,#241,#242);
#240 = CARTESIAN_POINT('',(1.5,0.,0.));
#241 = DIRECTION('',(0.,-1.,0.));
#242 = DIRECTION('',(-1.,0.,0.));
#243 = ORIENTED_EDGE('',*,*,#244,.F.);
#244 = EDGE_CURVE('',#236,#234,#245,.T.);
#245 = CIRCLE('',#246,3.15E-02);
#246 = AXIS2_PLACEMENT_3D('',#247,#248,#249);
#247 = CARTESIAN_POINT('',(1.5,0.,0.));
#248 = DIRECTION('',(0.,-1.,0.));
#249 = DIRECTION('',(-1.,0.,0.));
#250 = PLANE('',#251);
#251 = AXIS2_PLACEMENT_3D('',#252,#253,#254);
#252 = CARTESIAN_POINT('',(0.,0.,0.));
#253 = DIRECTION('',(0.,1.,0.));
#254 = DIRECTION('',(1.,0.,0.));
#255 = ADVANCED_FACE('',(#256),#281,.T.);
#256 = FACE_BOUND('',#257,.T.);
#257 = EDGE_LOOP('',(#258,#259,#267,#275));
#258 = ORIENTED_EDGE('',*,*,#188,.T.);
#259 = ORIENTED_EDGE('',*,*,#260,.T.);
#260 = EDGE_CURVE('',#191,#261,#263,.T.);
#261 = VERTEX_POINT('',#262);
#262 = CARTESIAN_POINT('',(-1.725,0.505,-1.725));
#263 = LINE('',#264,#265);
#264 = CARTESIAN_POINT('',(-1.725,0.,-1.725));
#265 = VECTOR('',#266,1.);
#266 = DIRECTION('',(0.,1.,0.));
#267 = ORIENTED_EDGE('',*,*,#268,.F.);
#268 = EDGE_CURVE('',#269,#261,#271,.T.);
#269 = VERTEX_POINT('',#270);
#270 = CARTESIAN_POINT('',(1.725,0.505,-1.725));
#271 = LINE('',#272,#273);
#272 = CARTESIAN_POINT('',(1.725,0.505,-1.725));
#273 = VECTOR('',#274,1.);
#274 = DIRECTION('',(-1.,0.,0.));
#275 = ORIENTED_EDGE('',*,*,#276,.F.);
#276 = EDGE_CURVE('',#189,#269,#277,.T.);
#277 = LINE('',#278,#279);
#278 = CARTESIAN_POINT('',(1.725,0.,-1.725));
#279 = VECTOR('',#280,1.);
#280 = DIRECTION('',(0.,1.,0.));
#281 = PLANE('',#282);
#282 = AXIS2_PLACEMENT_3D('',#283,#284,#285);
#283 = CARTESIAN_POINT('',(1.725,0.,-1.725));
#284 = DIRECTION('',(0.,0.,-1.));
#285 = DIRECTION('',(-1.,0.,0.));
#286 = ADVANCED_FACE('',(#287),#305,.T.);
#287 = FACE_BOUND('',#288,.T.);
#288 = EDGE_LOOP('',(#289,#290,#291,#299));
#289 = ORIENTED_EDGE('',*,*,#198,.T.);
#290 = ORIENTED_EDGE('',*,*,#276,.T.);
#291 = ORIENTED_EDGE('',*,*,#292,.F.);
#292 = EDGE_CURVE('',#293,#269,#295,.T.);
#293 = VERTEX_POINT('',#294);
#294 = CARTESIAN_POINT('',(1.725,0.505,1.725));
#295 = LINE('',#296,#297);
#296 = CARTESIAN_POINT('',(1.725,0.505,1.725));
#297 = VECTOR('',#298,1.);
#298 = DIRECTION('',(0.,0.,-1.));
#299 = ORIENTED_EDGE('',*,*,#300,.F.);
#300 = EDGE_CURVE('',#199,#293,#301,.T.);
#301 = LINE('',#302,#303);
#302 = CARTESIAN_POINT('',(1.725,0.,1.725));
#303 = VECTOR('',#304,1.);
#304 = DIRECTION('',(0.,1.,0.));
#305 = PLANE('',#306);
#306 = AXIS2_PLACEMENT_3D('',#307,#308,#309);
#307 = CARTESIAN_POINT('',(1.725,0.,1.725));
#308 = DIRECTION('',(1.,0.,0.));
#309 = DIRECTION('',(0.,0.,-1.));
#310 = ADVANCED_FACE('',(#311),#329,.T.);
#311 = FACE_BOUND('',#312,.T.);
#312 = EDGE_LOOP('',(#313,#314,#315,#323));
#313 = ORIENTED_EDGE('',*,*,#206,.T.);
#314 = ORIENTED_EDGE('',*,*,#300,.T.);
#315 = ORIENTED_EDGE('',*,*,#316,.F.);
#316 = EDGE_CURVE('',#317,#293,#319,.T.);
#317 = VERTEX_POINT('',#318);
#318 = CARTESIAN_POINT('',(-1.725,0.505,1.725));
#319 = LINE('',#320,#321);
#320 = CARTESIAN_POINT('',(-1.725,0.505,1.725));
#321 = VECTOR('',#322,1.);
#322 = DIRECTION('',(1.,0.,0.));
#323 = ORIENTED_EDGE('',*,*,#324,.F.);
#324 = EDGE_CURVE('',#207,#317,#325,.T.);
#325 = LINE('',#326,#327);
#326 = CARTESIAN_POINT('',(-1.725,0.,1.725));
#327 = VECTOR('',#328,1.);
#328 = DIRECTION('',(0.,1.,0.));
#329 = PLANE('',#330);
#330 = AXIS2_PLACEMENT_3D('',#331,#332,#333);
#331 = CARTESIAN_POINT('',(-1.725,0.,1.725));
#332 = DIRECTION('',(0.,0.,1.));
#333 = DIRECTION('',(1.,0.,-0.));
#334 = ADVANCED_FACE('',(#335),#346,.T.);
#335 = FACE_BOUND('',#336,.T.);
#336 = EDGE_LOOP('',(#337,#338,#339,#345));
#337 = ORIENTED_EDGE('',*,*,#214,.T.);
#338 = ORIENTED_EDGE('',*,*,#324,.T.);
#339 = ORIENTED_EDGE('',*,*,#340,.F.);
#340 = EDGE_CURVE('',#261,#317,#341,.T.);
#341 = LINE('',#342,#343);
#342 = CARTESIAN_POINT('',(-1.725,0.505,-1.725));
#343 = VECTOR('',#344,1.);
#344 = DIRECTION('',(0.,0.,1.));
#345 = ORIENTED_EDGE('',*,*,#260,.F.);
#346 = PLANE('',#347);
#347 = AXIS2_PLACEMENT_3D('',#348,#349,#350);
#348 = CARTESIAN_POINT('',(-1.725,0.,-1.725));
#349 = DIRECTION('',(-1.,0.,0.));
#350 = DIRECTION('',(0.,0.,1.));
#351 = ADVANCED_FACE('',(#352,#358,#369),#389,.T.);
#352 = FACE_BOUND('',#353,.T.);
#353 = EDGE_LOOP('',(#354,#355,#356,#357));
#354 = ORIENTED_EDGE('',*,*,#268,.T.);
#355 = ORIENTED_EDGE('',*,*,#340,.T.);
#356 = ORIENTED_EDGE('',*,*,#316,.T.);
#357 = ORIENTED_EDGE('',*,*,#292,.T.);
#358 = FACE_BOUND('',#359,.T.);
#359 = EDGE_LOOP('',(#360));
#360 = ORIENTED_EDGE('',*,*,#361,.F.);
#361 = EDGE_CURVE('',#362,#362,#364,.T.);
#362 = VERTEX_POINT('',#363);
#363 = CARTESIAN_POINT('',(-1.5445,0.505,0.));
#364 = CIRCLE('',#365,4.45E-02);
#365 = AXIS2_PLACEMENT_3D('',#366,#367,#368);
#366 = CARTESIAN_POINT('',(-1.5,0.505,0.));
#367 = DIRECTION('',(-0.,1.,0.));
#368 = DIRECTION('',(1.,0.,0.));
#369 = FACE_BOUND('',#370,.T.);
#370 = EDGE_LOOP('',(#371,#382));
#371 = ORIENTED_EDGE('',*,*,#372,.T.);
#372 = EDGE_CURVE('',#373,#375,#377,.T.);
#373 = VERTEX_POINT('',#374);
#374 = CARTESIAN_POINT('',(1.5445,0.505,0.));
#375 = VERTEX_POINT('',#376);
#376 = CARTESIAN_POINT('',(1.4555,0.505,5.449678256206E-18));
#377 = CIRCLE('',#378,4.45E-02);
#378 = AXIS2_PLACEMENT_3D('',#379,#380,#381);
#379 = CARTESIAN_POINT('',(1.5,0.505,0.));
#380 = DIRECTION('',(0.,-1.,0.));
#381 = DIRECTION('',(-1.,0.,0.));
#382 = ORIENTED_EDGE('',*,*,#383,.T.);
#383 = EDGE_CURVE('',#375,#373,#384,.T.);
#384 = CIRCLE('',#385,4.45E-02);
#385 = AXIS2_PLACEMENT_3D('',#386,#387,#388);
#386 = CARTESIAN_POINT('',(1.5,0.505,0.));
#387 = DIRECTION('',(0.,-1.,0.));
#388 = DIRECTION('',(-1.,0.,0.));
#389 = PLANE('',#390);
#390 = AXIS2_PLACEMENT_3D('',#391,#392,#393);
#391 = CARTESIAN_POINT('',(0.,0.505,0.));
#392 = DIRECTION('',(0.,1.,0.));
#393 = DIRECTION('',(1.,0.,0.));
#394 = ADVANCED_FACE('',(#395),#406,.F.);
#395 = FACE_BOUND('',#396,.F.);
#396 = EDGE_LOOP('',(#397,#403,#404,#405));
#397 = ORIENTED_EDGE('',*,*,#398,.T.);
#398 = EDGE_CURVE('',#223,#362,#399,.T.);
#399 = LINE('',#400,#401);
#400 = CARTESIAN_POINT('',(-1.538,0.2525,4.65365783676E-18));
#401 = VECTOR('',#402,1.);
#402 = DIRECTION('',(-2.573404894815E-02,0.999668824524,
    3.151512067345E-18));
#403 = ORIENTED_EDGE('',*,*,#361,.F.);
#404 = ORIENTED_EDGE('',*,*,#398,.F.);
#405 = ORIENTED_EDGE('',*,*,#222,.T.);
#406 = CONICAL_SURFACE('',#407,3.8E-02,2.573689015316E-02);
#407 = AXIS2_PLACEMENT_3D('',#408,#409,#410);
#408 = CARTESIAN_POINT('',(-1.5,0.2525,0.));
#409 = DIRECTION('',(0.,1.,0.));
#410 = DIRECTION('',(1.,0.,0.));
#411 = ADVANCED_FACE('',(#412),#425,.F.);
#412 = FACE_BOUND('',#413,.F.);
#413 = EDGE_LOOP('',(#414,#415,#421,#422,#423,#424));
#414 = ORIENTED_EDGE('',*,*,#244,.F.);
#415 = ORIENTED_EDGE('',*,*,#416,.T.);
#416 = EDGE_CURVE('',#236,#375,#417,.T.);
#417 = LINE('',#418,#419);
#418 = CARTESIAN_POINT('',(1.462,0.2525,4.65365783676E-18));
#419 = VECTOR('',#420,1.);
#420 = DIRECTION('',(-2.573404894815E-02,0.999668824524,
    3.151512067345E-18));
#421 = ORIENTED_EDGE('',*,*,#383,.T.);
#422 = ORIENTED_EDGE('',*,*,#372,.T.);
#423 = ORIENTED_EDGE('',*,*,#416,.F.);
#424 = ORIENTED_EDGE('',*,*,#233,.F.);
#425 = CONICAL_SURFACE('',#426,3.8E-02,2.573689015316E-02);
#426 = AXIS2_PLACEMENT_3D('',#427,#428,#429);
#427 = CARTESIAN_POINT('',(1.5,0.2525,0.));
#428 = DIRECTION('',(0.,1.,0.));
#429 = DIRECTION('',(1.,0.,0.));
#430 = ( GEOMETRIC_REPRESENTATION_CONTEXT(3) 
GLOBAL_UNCERTAINTY_ASSIGNED_CONTEXT((#434)) GLOBAL_UNIT_ASSIGNED_CONTEXT
((#431,#432,#433)) REPRESENTATION_CONTEXT('Context #1',
  '3D Context with UNIT and UNCERTAINTY') );
#431 = ( LENGTH_UNIT() NAMED_UNIT(*) SI_UNIT(.MILLI.,.METRE.) );
#432 = ( NAMED_UNIT(*) PLANE_ANGLE_UNIT() SI_UNIT($,.RADIAN.) );
#433 = ( NAMED_UNIT(*) SI_UNIT($,.STERADIAN.) SOLID_ANGLE_UNIT() );
#434 = UNCERTAINTY_MEASURE_WITH_UNIT(LENGTH_MEASURE(1.E-07),#431,
  'distance_accuracy_value','confusion accuracy');
#435 = CONTEXT_DEPENDENT_SHAPE_REPRESENTATION(#436,#438);
#436 = ( REPRESENTATION_RELATIONSHIP('','',#181,#146) 
REPRESENTATION_RELATIONSHIP_WITH_TRANSFORMATION(#437) 
SHAPE_REPRESENTATION_RELATIONSHIP() );
#437 = ITEM_DEFINED_TRANSFORMATION('','',#11,#147);
#438 = PRODUCT_DEFINITION_SHAPE('Placement','Placement of an item',#439
  );
#439 = NEXT_ASSEMBLY_USAGE_OCCURRENCE('1','2500-00565C:1','',#141,#176,$
  );
#440 = PRODUCT_RELATED_PRODUCT_CATEGORY('part',$,(#178));
#441 = SHAPE_DEFINITION_REPRESENTATION(#442,#448);
#442 = PRODUCT_DEFINITION_SHAPE('','',#443);
#443 = PRODUCT_DEFINITION('design','',#444,#447);
#444 = PRODUCT_DEFINITION_FORMATION('','',#445);
#445 = PRODUCT('2500-00565C-BT','2500-00565C-BT','',(#446));
#446 = PRODUCT_CONTEXT('',#2,'mechanical');
#447 = PRODUCT_DEFINITION_CONTEXT('part definition',#2,'design');
#448 = SHAPE_REPRESENTATION('',(#11,#449,#638,#887),#1076);
#449 = MANIFOLD_SOLID_BREP('',#450);
#450 = CLOSED_SHELL('',(#451,#491,#533,#557,#592,#609,#621));
#451 = ADVANCED_FACE('',(#452),#486,.T.);
#452 = FACE_BOUND('',#453,.T.);
#453 = EDGE_LOOP('',(#454,#464,#472,#480));
#454 = ORIENTED_EDGE('',*,*,#455,.T.);
#455 = EDGE_CURVE('',#456,#458,#460,.T.);
#456 = VERTEX_POINT('',#457);
#457 = CARTESIAN_POINT('',(-1.65,0.,-1.65));
#458 = VERTEX_POINT('',#459);
#459 = CARTESIAN_POINT('',(-1.65,0.,1.65));
#460 = LINE('',#461,#462);
#461 = CARTESIAN_POINT('',(-1.65,0.,-1.65));
#462 = VECTOR('',#463,1.);
#463 = DIRECTION('',(0.,0.,1.));
#464 = ORIENTED_EDGE('',*,*,#465,.T.);
#465 = EDGE_CURVE('',#458,#466,#468,.T.);
#466 = VERTEX_POINT('',#467);
#467 = CARTESIAN_POINT('',(-1.65,7.5E-02,1.65));
#468 = LINE('',#469,#470);
#469 = CARTESIAN_POINT('',(-1.65,0.,1.65));
#470 = VECTOR('',#471,1.);
#471 = DIRECTION('',(0.,1.,0.));
#472 = ORIENTED_EDGE('',*,*,#473,.F.);
#473 = EDGE_CURVE('',#474,#466,#476,.T.);
#474 = VERTEX_POINT('',#475);
#475 = CARTESIAN_POINT('',(-1.65,7.5E-02,-1.65));
#476 = LINE('',#477,#478);
#477 = CARTESIAN_POINT('',(-1.65,7.5E-02,-1.65));
#478 = VECTOR('',#479,1.);
#479 = DIRECTION('',(0.,0.,1.));
#480 = ORIENTED_EDGE('',*,*,#481,.F.);
#481 = EDGE_CURVE('',#456,#474,#482,.T.);
#482 = LINE('',#483,#484);
#483 = CARTESIAN_POINT('',(-1.65,0.,-1.65));
#484 = VECTOR('',#485,1.);
#485 = DIRECTION('',(0.,1.,0.));
#486 = PLANE('',#487);
#487 = AXIS2_PLACEMENT_3D('',#488,#489,#490);
#488 = CARTESIAN_POINT('',(-1.65,0.,-1.65));
#489 = DIRECTION('',(-1.,0.,0.));
#490 = DIRECTION('',(0.,0.,1.));
#491 = ADVANCED_FACE('',(#492,#517),#528,.F.);
#492 = FACE_BOUND('',#493,.T.);
#493 = EDGE_LOOP('',(#494,#495,#503,#511));
#494 = ORIENTED_EDGE('',*,*,#455,.F.);
#495 = ORIENTED_EDGE('',*,*,#496,.F.);
#496 = EDGE_CURVE('',#497,#456,#499,.T.);
#497 = VERTEX_POINT('',#498);
#498 = CARTESIAN_POINT('',(-1.15,0.,-1.65));
#499 = LINE('',#500,#501);
#500 = CARTESIAN_POINT('',(-1.15,0.,-1.65));
#501 = VECTOR('',#502,1.);
#502 = DIRECTION('',(-1.,0.,0.));
#503 = ORIENTED_EDGE('',*,*,#504,.F.);
#504 = EDGE_CURVE('',#505,#497,#507,.T.);
#505 = VERTEX_POINT('',#506);
#506 = CARTESIAN_POINT('',(-1.15,0.,1.65));
#507 = LINE('',#508,#509);
#508 = CARTESIAN_POINT('',(-1.15,0.,1.65));
#509 = VECTOR('',#510,1.);
#510 = DIRECTION('',(0.,0.,-1.));
#511 = ORIENTED_EDGE('',*,*,#512,.F.);
#512 = EDGE_CURVE('',#458,#505,#513,.T.);
#513 = LINE('',#514,#515);
#514 = CARTESIAN_POINT('',(-1.65,0.,1.65));
#515 = VECTOR('',#516,1.);
#516 = DIRECTION('',(1.,0.,0.));
#517 = FACE_BOUND('',#518,.T.);
#518 = EDGE_LOOP('',(#519));
#519 = ORIENTED_EDGE('',*,*,#520,.T.);
#520 = EDGE_CURVE('',#521,#521,#523,.T.);
#521 = VERTEX_POINT('',#522);
#522 = CARTESIAN_POINT('',(-1.529,0.,0.));
#523 = CIRCLE('',#524,3.15E-02);
#524 = AXIS2_PLACEMENT_3D('',#525,#526,#527);
#525 = CARTESIAN_POINT('',(-1.4975,0.,0.));
#526 = DIRECTION('',(-0.,1.,0.));
#527 = DIRECTION('',(1.,0.,0.));
#528 = PLANE('',#529);
#529 = AXIS2_PLACEMENT_3D('',#530,#531,#532);
#530 = CARTESIAN_POINT('',(0.,0.,0.));
#531 = DIRECTION('',(0.,1.,0.));
#532 = DIRECTION('',(1.,0.,0.));
#533 = ADVANCED_FACE('',(#534),#552,.T.);
#534 = FACE_BOUND('',#535,.T.);
#535 = EDGE_LOOP('',(#536,#537,#545,#551));
#536 = ORIENTED_EDGE('',*,*,#512,.T.);
#537 = ORIENTED_EDGE('',*,*,#538,.T.);
#538 = EDGE_CURVE('',#505,#539,#541,.T.);
#539 = VERTEX_POINT('',#540);
#540 = CARTESIAN_POINT('',(-1.15,7.5E-02,1.65));
#541 = LINE('',#542,#543);
#542 = CARTESIAN_POINT('',(-1.15,0.,1.65));
#543 = VECTOR('',#544,1.);
#544 = DIRECTION('',(0.,1.,0.));
#545 = ORIENTED_EDGE('',*,*,#546,.F.);
#546 = EDGE_CURVE('',#466,#539,#547,.T.);
#547 = LINE('',#548,#549);
#548 = CARTESIAN_POINT('',(-1.65,7.5E-02,1.65));
#549 = VECTOR('',#550,1.);
#550 = DIRECTION('',(1.,0.,0.));
#551 = ORIENTED_EDGE('',*,*,#465,.F.);
#552 = PLANE('',#553);
#553 = AXIS2_PLACEMENT_3D('',#554,#555,#556);
#554 = CARTESIAN_POINT('',(-1.65,0.,1.65));
#555 = DIRECTION('',(0.,0.,1.));
#556 = DIRECTION('',(1.,0.,-0.));
#557 = ADVANCED_FACE('',(#558,#576),#587,.T.);
#558 = FACE_BOUND('',#559,.T.);
#559 = EDGE_LOOP('',(#560,#561,#562,#570));
#560 = ORIENTED_EDGE('',*,*,#473,.T.);
#561 = ORIENTED_EDGE('',*,*,#546,.T.);
#562 = ORIENTED_EDGE('',*,*,#563,.T.);
#563 = EDGE_CURVE('',#539,#564,#566,.T.);
#564 = VERTEX_POINT('',#565);
#565 = CARTESIAN_POINT('',(-1.15,7.5E-02,-1.65));
#566 = LINE('',#567,#568);
#567 = CARTESIAN_POINT('',(-1.15,7.5E-02,1.65));
#568 = VECTOR('',#569,1.);
#569 = DIRECTION('',(0.,0.,-1.));
#570 = ORIENTED_EDGE('',*,*,#571,.T.);
#571 = EDGE_CURVE('',#564,#474,#572,.T.);
#572 = LINE('',#573,#574);
#573 = CARTESIAN_POINT('',(-1.15,7.5E-02,-1.65));
#574 = VECTOR('',#575,1.);
#575 = DIRECTION('',(-1.,0.,0.));
#576 = FACE_BOUND('',#577,.T.);
#577 = EDGE_LOOP('',(#578));
#578 = ORIENTED_EDGE('',*,*,#579,.F.);
#579 = EDGE_CURVE('',#580,#580,#582,.T.);
#580 = VERTEX_POINT('',#581);
#581 = CARTESIAN_POINT('',(-1.529,7.5E-02,0.));
#582 = CIRCLE('',#583,3.15E-02);
#583 = AXIS2_PLACEMENT_3D('',#584,#585,#586);
#584 = CARTESIAN_POINT('',(-1.4975,7.5E-02,0.));
#585 = DIRECTION('',(-0.,1.,0.));
#586 = DIRECTION('',(1.,0.,0.));
#587 = PLANE('',#588);
#588 = AXIS2_PLACEMENT_3D('',#589,#590,#591);
#589 = CARTESIAN_POINT('',(0.,7.5E-02,0.));
#590 = DIRECTION('',(0.,1.,0.));
#591 = DIRECTION('',(1.,0.,0.));
#592 = ADVANCED_FACE('',(#593),#604,.T.);
#593 = FACE_BOUND('',#594,.T.);
#594 = EDGE_LOOP('',(#595,#596,#597,#598));
#595 = ORIENTED_EDGE('',*,*,#496,.T.);
#596 = ORIENTED_EDGE('',*,*,#481,.T.);
#597 = ORIENTED_EDGE('',*,*,#571,.F.);
#598 = ORIENTED_EDGE('',*,*,#599,.F.);
#599 = EDGE_CURVE('',#497,#564,#600,.T.);
#600 = LINE('',#601,#602);
#601 = CARTESIAN_POINT('',(-1.15,0.,-1.65));
#602 = VECTOR('',#603,1.);
#603 = DIRECTION('',(0.,1.,0.));
#604 = PLANE('',#605);
#605 = AXIS2_PLACEMENT_3D('',#606,#607,#608);
#606 = CARTESIAN_POINT('',(-1.15,0.,-1.65));
#607 = DIRECTION('',(0.,0.,-1.));
#608 = DIRECTION('',(-1.,0.,0.));
#609 = ADVANCED_FACE('',(#610),#616,.T.);
#610 = FACE_BOUND('',#611,.T.);
#611 = EDGE_LOOP('',(#612,#613,#614,#615));
#612 = ORIENTED_EDGE('',*,*,#504,.T.);
#613 = ORIENTED_EDGE('',*,*,#599,.T.);
#614 = ORIENTED_EDGE('',*,*,#563,.F.);
#615 = ORIENTED_EDGE('',*,*,#538,.F.);
#616 = PLANE('',#617);
#617 = AXIS2_PLACEMENT_3D('',#618,#619,#620);
#618 = CARTESIAN_POINT('',(-1.15,0.,1.65));
#619 = DIRECTION('',(1.,0.,0.));
#620 = DIRECTION('',(0.,0.,-1.));
#621 = ADVANCED_FACE('',(#622),#633,.F.);
#622 = FACE_BOUND('',#623,.F.);
#623 = EDGE_LOOP('',(#624,#630,#631,#632));
#624 = ORIENTED_EDGE('',*,*,#625,.T.);
#625 = EDGE_CURVE('',#521,#580,#626,.T.);
#626 = LINE('',#627,#628);
#627 = CARTESIAN_POINT('',(-1.529,7.5E-02,3.857637417314E-18));
#628 = VECTOR('',#629,1.);
#629 = DIRECTION('',(0.,1.,0.));
#630 = ORIENTED_EDGE('',*,*,#579,.F.);
#631 = ORIENTED_EDGE('',*,*,#625,.F.);
#632 = ORIENTED_EDGE('',*,*,#520,.T.);
#633 = CYLINDRICAL_SURFACE('',#634,3.15E-02);
#634 = AXIS2_PLACEMENT_3D('',#635,#636,#637);
#635 = CARTESIAN_POINT('',(-1.4975,7.5E-02,0.));
#636 = DIRECTION('',(0.,1.,0.));
#637 = DIRECTION('',(1.,0.,0.));
#638 = MANIFOLD_SOLID_BREP('',#639);
#639 = CLOSED_SHELL('',(#640,#680,#735,#766,#790,#821,#838,#863,#875));
#640 = ADVANCED_FACE('',(#641),#675,.T.);
#641 = FACE_BOUND('',#642,.T.);
#642 = EDGE_LOOP('',(#643,#653,#661,#669));
#643 = ORIENTED_EDGE('',*,*,#644,.T.);
#644 = EDGE_CURVE('',#645,#647,#649,.T.);
#645 = VERTEX_POINT('',#646);
#646 = CARTESIAN_POINT('',(-0.65,0.,-1.65));
#647 = VERTEX_POINT('',#648);
#648 = CARTESIAN_POINT('',(-0.65,0.,1.65));
#649 = LINE('',#650,#651);
#650 = CARTESIAN_POINT('',(-0.65,0.,-1.65));
#651 = VECTOR('',#652,1.);
#652 = DIRECTION('',(0.,0.,1.));
#653 = ORIENTED_EDGE('',*,*,#654,.T.);
#654 = EDGE_CURVE('',#647,#655,#657,.T.);
#655 = VERTEX_POINT('',#656);
#656 = CARTESIAN_POINT('',(-0.65,7.5E-02,1.65));
#657 = LINE('',#658,#659);
#658 = CARTESIAN_POINT('',(-0.65,0.,1.65));
#659 = VECTOR('',#660,1.);
#660 = DIRECTION('',(0.,1.,0.));
#661 = ORIENTED_EDGE('',*,*,#662,.F.);
#662 = EDGE_CURVE('',#663,#655,#665,.T.);
#663 = VERTEX_POINT('',#664);
#664 = CARTESIAN_POINT('',(-0.65,7.5E-02,-1.65));
#665 = LINE('',#666,#667);
#666 = CARTESIAN_POINT('',(-0.65,7.5E-02,-1.65));
#667 = VECTOR('',#668,1.);
#668 = DIRECTION('',(0.,0.,1.));
#669 = ORIENTED_EDGE('',*,*,#670,.F.);
#670 = EDGE_CURVE('',#645,#663,#671,.T.);
#671 = LINE('',#672,#673);
#672 = CARTESIAN_POINT('',(-0.65,0.,-1.65));
#673 = VECTOR('',#674,1.);
#674 = DIRECTION('',(0.,1.,0.));
#675 = PLANE('',#676);
#676 = AXIS2_PLACEMENT_3D('',#677,#678,#679);
#677 = CARTESIAN_POINT('',(-0.65,0.,-1.65));
#678 = DIRECTION('',(-1.,0.,0.));
#679 = DIRECTION('',(0.,0.,1.));
#680 = ADVANCED_FACE('',(#681),#730,.F.);
#681 = FACE_BOUND('',#682,.T.);
#682 = EDGE_LOOP('',(#683,#693,#701,#707,#708,#716,#724));
#683 = ORIENTED_EDGE('',*,*,#684,.T.);
#684 = EDGE_CURVE('',#685,#687,#689,.T.);
#685 = VERTEX_POINT('',#686);
#686 = CARTESIAN_POINT('',(0.44,0.,0.));
#687 = VERTEX_POINT('',#688);
#688 = CARTESIAN_POINT('',(0.65,0.,0.21));
#689 = LINE('',#690,#691);
#690 = CARTESIAN_POINT('',(0.44,0.,0.));
#691 = VECTOR('',#692,1.);
#692 = DIRECTION('',(0.707106781187,0.,0.707106781187));
#693 = ORIENTED_EDGE('',*,*,#694,.F.);
#694 = EDGE_CURVE('',#695,#687,#697,.T.);
#695 = VERTEX_POINT('',#696);
#696 = CARTESIAN_POINT('',(0.65,0.,1.65));
#697 = LINE('',#698,#699);
#698 = CARTESIAN_POINT('',(0.65,0.,1.65));
#699 = VECTOR('',#700,1.);
#700 = DIRECTION('',(0.,0.,-1.));
#701 = ORIENTED_EDGE('',*,*,#702,.F.);
#702 = EDGE_CURVE('',#647,#695,#703,.T.);
#703 = LINE('',#704,#705);
#704 = CARTESIAN_POINT('',(-0.65,0.,1.65));
#705 = VECTOR('',#706,1.);
#706 = DIRECTION('',(1.,0.,0.));
#707 = ORIENTED_EDGE('',*,*,#644,.F.);
#708 = ORIENTED_EDGE('',*,*,#709,.F.);
#709 = EDGE_CURVE('',#710,#645,#712,.T.);
#710 = VERTEX_POINT('',#711);
#711 = CARTESIAN_POINT('',(0.65,0.,-1.65));
#712 = LINE('',#713,#714);
#713 = CARTESIAN_POINT('',(0.65,0.,-1.65));
#714 = VECTOR('',#715,1.);
#715 = DIRECTION('',(-1.,0.,0.));
#716 = ORIENTED_EDGE('',*,*,#717,.F.);
#717 = EDGE_CURVE('',#718,#710,#720,.T.);
#718 = VERTEX_POINT('',#719);
#719 = CARTESIAN_POINT('',(0.65,0.,-0.21));
#720 = LINE('',#721,#722);
#721 = CARTESIAN_POINT('',(0.65,0.,-0.21));
#722 = VECTOR('',#723,1.);
#723 = DIRECTION('',(0.,0.,-1.));
#724 = ORIENTED_EDGE('',*,*,#725,.T.);
#725 = EDGE_CURVE('',#718,#685,#726,.T.);
#726 = LINE('',#727,#728);
#727 = CARTESIAN_POINT('',(0.65,0.,-0.21));
#728 = VECTOR('',#729,1.);
#729 = DIRECTION('',(-0.707106781187,0.,0.707106781187));
#730 = PLANE('',#731);
#731 = AXIS2_PLACEMENT_3D('',#732,#733,#734);
#732 = CARTESIAN_POINT('',(0.,0.,0.));
#733 = DIRECTION('',(0.,1.,0.));
#734 = DIRECTION('',(1.,0.,0.));
#735 = ADVANCED_FACE('',(#736),#761,.F.);
#736 = FACE_BOUND('',#737,.T.);
#737 = EDGE_LOOP('',(#738,#739,#747,#755));
#738 = ORIENTED_EDGE('',*,*,#684,.F.);
#739 = ORIENTED_EDGE('',*,*,#740,.F.);
#740 = EDGE_CURVE('',#741,#685,#743,.T.);
#741 = VERTEX_POINT('',#742);
#742 = CARTESIAN_POINT('',(0.44,7.5E-02,0.));
#743 = LINE('',#744,#745);
#744 = CARTESIAN_POINT('',(0.44,7.5E-02,0.));
#745 = VECTOR('',#746,1.);
#746 = DIRECTION('',(0.,-1.,0.));
#747 = ORIENTED_EDGE('',*,*,#748,.T.);
#748 = EDGE_CURVE('',#741,#749,#751,.T.);
#749 = VERTEX_POINT('',#750);
#750 = CARTESIAN_POINT('',(0.65,7.5E-02,0.21));
#751 = LINE('',#752,#753);
#752 = CARTESIAN_POINT('',(0.44,7.5E-02,0.));
#753 = VECTOR('',#754,1.);
#754 = DIRECTION('',(0.707106781187,0.,0.707106781187));
#755 = ORIENTED_EDGE('',*,*,#756,.F.);
#756 = EDGE_CURVE('',#687,#749,#757,.T.);
#757 = LINE('',#758,#759);
#758 = CARTESIAN_POINT('',(0.65,0.,0.21));
#759 = VECTOR('',#760,1.);
#760 = DIRECTION('',(0.,1.,0.));
#761 = PLANE('',#762);
#762 = AXIS2_PLACEMENT_3D('',#763,#764,#765);
#763 = CARTESIAN_POINT('',(0.44,7.5E-02,0.));
#764 = DIRECTION('',(-0.707106781187,0.,0.707106781187));
#765 = DIRECTION('',(0.707106781187,0.,0.707106781187));
#766 = ADVANCED_FACE('',(#767),#785,.T.);
#767 = FACE_BOUND('',#768,.T.);
#768 = EDGE_LOOP('',(#769,#770,#778,#784));
#769 = ORIENTED_EDGE('',*,*,#756,.T.);
#770 = ORIENTED_EDGE('',*,*,#771,.F.);
#771 = EDGE_CURVE('',#772,#749,#774,.T.);
#772 = VERTEX_POINT('',#773);
#773 = CARTESIAN_POINT('',(0.65,7.5E-02,1.65));
#774 = LINE('',#775,#776);
#775 = CARTESIAN_POINT('',(0.65,7.5E-02,1.65));
#776 = VECTOR('',#777,1.);
#777 = DIRECTION('',(0.,0.,-1.));
#778 = ORIENTED_EDGE('',*,*,#779,.F.);
#779 = EDGE_CURVE('',#695,#772,#780,.T.);
#780 = LINE('',#781,#782);
#781 = CARTESIAN_POINT('',(0.65,0.,1.65));
#782 = VECTOR('',#783,1.);
#783 = DIRECTION('',(0.,1.,0.));
#784 = ORIENTED_EDGE('',*,*,#694,.T.);
#785 = PLANE('',#786);
#786 = AXIS2_PLACEMENT_3D('',#787,#788,#789);
#787 = CARTESIAN_POINT('',(0.65,0.,1.65));
#788 = DIRECTION('',(1.,0.,0.));
#789 = DIRECTION('',(0.,0.,-1.));
#790 = ADVANCED_FACE('',(#791),#816,.T.);
#791 = FACE_BOUND('',#792,.T.);
#792 = EDGE_LOOP('',(#793,#801,#802,#810));
#793 = ORIENTED_EDGE('',*,*,#794,.F.);
#794 = EDGE_CURVE('',#718,#795,#797,.T.);
#795 = VERTEX_POINT('',#796);
#796 = CARTESIAN_POINT('',(0.65,7.5E-02,-0.21));
#797 = LINE('',#798,#799);
#798 = CARTESIAN_POINT('',(0.65,0.,-0.21));
#799 = VECTOR('',#800,1.);
#800 = DIRECTION('',(0.,1.,0.));
#801 = ORIENTED_EDGE('',*,*,#717,.T.);
#802 = ORIENTED_EDGE('',*,*,#803,.T.);
#803 = EDGE_CURVE('',#710,#804,#806,.T.);
#804 = VERTEX_POINT('',#805);
#805 = CARTESIAN_POINT('',(0.65,7.5E-02,-1.65));
#806 = LINE('',#807,#808);
#807 = CARTESIAN_POINT('',(0.65,0.,-1.65));
#808 = VECTOR('',#809,1.);
#809 = DIRECTION('',(0.,1.,0.));
#810 = ORIENTED_EDGE('',*,*,#811,.F.);
#811 = EDGE_CURVE('',#795,#804,#812,.T.);
#812 = LINE('',#813,#814);
#813 = CARTESIAN_POINT('',(0.65,7.5E-02,-0.21));
#814 = VECTOR('',#815,1.);
#815 = DIRECTION('',(0.,0.,-1.));
#816 = PLANE('',#817);
#817 = AXIS2_PLACEMENT_3D('',#818,#819,#820);
#818 = CARTESIAN_POINT('',(0.65,0.,1.65));
#819 = DIRECTION('',(1.,0.,0.));
#820 = DIRECTION('',(0.,0.,-1.));
#821 = ADVANCED_FACE('',(#822),#833,.T.);
#822 = FACE_BOUND('',#823,.T.);
#823 = EDGE_LOOP('',(#824,#825,#826,#832));
#824 = ORIENTED_EDGE('',*,*,#702,.T.);
#825 = ORIENTED_EDGE('',*,*,#779,.T.);
#826 = ORIENTED_EDGE('',*,*,#827,.F.);
#827 = EDGE_CURVE('',#655,#772,#828,.T.);
#828 = LINE('',#829,#830);
#829 = CARTESIAN_POINT('',(-0.65,7.5E-02,1.65));
#830 = VECTOR('',#831,1.);
#831 = DIRECTION('',(1.,0.,0.));
#832 = ORIENTED_EDGE('',*,*,#654,.F.);
#833 = PLANE('',#834);
#834 = AXIS2_PLACEMENT_3D('',#835,#836,#837);
#835 = CARTESIAN_POINT('',(-0.65,0.,1.65));
#836 = DIRECTION('',(0.,0.,1.));
#837 = DIRECTION('',(1.,0.,-0.));
#838 = ADVANCED_FACE('',(#839),#858,.T.);
#839 = FACE_BOUND('',#840,.T.);
#840 = EDGE_LOOP('',(#841,#842,#848,#849,#855,#856,#857));
#841 = ORIENTED_EDGE('',*,*,#748,.F.);
#842 = ORIENTED_EDGE('',*,*,#843,.F.);
#843 = EDGE_CURVE('',#795,#741,#844,.T.);
#844 = LINE('',#845,#846);
#845 = CARTESIAN_POINT('',(0.65,7.5E-02,-0.21));
#846 = VECTOR('',#847,1.);
#847 = DIRECTION('',(-0.707106781187,0.,0.707106781187));
#848 = ORIENTED_EDGE('',*,*,#811,.T.);
#849 = ORIENTED_EDGE('',*,*,#850,.T.);
#850 = EDGE_CURVE('',#804,#663,#851,.T.);
#851 = LINE('',#852,#853);
#852 = CARTESIAN_POINT('',(0.65,7.5E-02,-1.65));
#853 = VECTOR('',#854,1.);
#854 = DIRECTION('',(-1.,0.,0.));
#855 = ORIENTED_EDGE('',*,*,#662,.T.);
#856 = ORIENTED_EDGE('',*,*,#827,.T.);
#857 = ORIENTED_EDGE('',*,*,#771,.T.);
#858 = PLANE('',#859);
#859 = AXIS2_PLACEMENT_3D('',#860,#861,#862);
#860 = CARTESIAN_POINT('',(0.,7.5E-02,0.));
#861 = DIRECTION('',(0.,1.,0.));
#862 = DIRECTION('',(1.,0.,0.));
#863 = ADVANCED_FACE('',(#864),#870,.T.);
#864 = FACE_BOUND('',#865,.T.);
#865 = EDGE_LOOP('',(#866,#867,#868,#869));
#866 = ORIENTED_EDGE('',*,*,#709,.T.);
#867 = ORIENTED_EDGE('',*,*,#670,.T.);
#868 = ORIENTED_EDGE('',*,*,#850,.F.);
#869 = ORIENTED_EDGE('',*,*,#803,.F.);
#870 = PLANE('',#871);
#871 = AXIS2_PLACEMENT_3D('',#872,#873,#874);
#872 = CARTESIAN_POINT('',(0.65,0.,-1.65));
#873 = DIRECTION('',(0.,0.,-1.));
#874 = DIRECTION('',(-1.,0.,0.));
#875 = ADVANCED_FACE('',(#876),#882,.F.);
#876 = FACE_BOUND('',#877,.T.);
#877 = EDGE_LOOP('',(#878,#879,#880,#881));
#878 = ORIENTED_EDGE('',*,*,#725,.F.);
#879 = ORIENTED_EDGE('',*,*,#794,.T.);
#880 = ORIENTED_EDGE('',*,*,#843,.T.);
#881 = ORIENTED_EDGE('',*,*,#740,.T.);
#882 = PLANE('',#883);
#883 = AXIS2_PLACEMENT_3D('',#884,#885,#886);
#884 = CARTESIAN_POINT('',(0.65,7.5E-02,-0.21));
#885 = DIRECTION('',(-0.707106781187,0.,-0.707106781187));
#886 = DIRECTION('',(-0.707106781187,0.,0.707106781187));
#887 = MANIFOLD_SOLID_BREP('',#888);
#888 = CLOSED_SHELL('',(#889,#929,#971,#995,#1030,#1047,#1059));
#889 = ADVANCED_FACE('',(#890),#924,.T.);
#890 = FACE_BOUND('',#891,.T.);
#891 = EDGE_LOOP('',(#892,#902,#910,#918));
#892 = ORIENTED_EDGE('',*,*,#893,.T.);
#893 = EDGE_CURVE('',#894,#896,#898,.T.);
#894 = VERTEX_POINT('',#895);
#895 = CARTESIAN_POINT('',(1.65,0.,-1.65));
#896 = VERTEX_POINT('',#897);
#897 = CARTESIAN_POINT('',(1.15,0.,-1.65));
#898 = LINE('',#899,#900);
#899 = CARTESIAN_POINT('',(1.65,0.,-1.65));
#900 = VECTOR('',#901,1.);
#901 = DIRECTION('',(-1.,0.,0.));
#902 = ORIENTED_EDGE('',*,*,#903,.T.);
#903 = EDGE_CURVE('',#896,#904,#906,.T.);
#904 = VERTEX_POINT('',#905);
#905 = CARTESIAN_POINT('',(1.15,7.5E-02,-1.65));
#906 = LINE('',#907,#908);
#907 = CARTESIAN_POINT('',(1.15,0.,-1.65));
#908 = VECTOR('',#909,1.);
#909 = DIRECTION('',(0.,1.,0.));
#910 = ORIENTED_EDGE('',*,*,#911,.F.);
#911 = EDGE_CURVE('',#912,#904,#914,.T.);
#912 = VERTEX_POINT('',#913);
#913 = CARTESIAN_POINT('',(1.65,7.5E-02,-1.65));
#914 = LINE('',#915,#916);
#915 = CARTESIAN_POINT('',(1.65,7.5E-02,-1.65));
#916 = VECTOR('',#917,1.);
#917 = DIRECTION('',(-1.,0.,0.));
#918 = ORIENTED_EDGE('',*,*,#919,.F.);
#919 = EDGE_CURVE('',#894,#912,#920,.T.);
#920 = LINE('',#921,#922);
#921 = CARTESIAN_POINT('',(1.65,0.,-1.65));
#922 = VECTOR('',#923,1.);
#923 = DIRECTION('',(0.,1.,0.));
#924 = PLANE('',#925);
#925 = AXIS2_PLACEMENT_3D('',#926,#927,#928);
#926 = CARTESIAN_POINT('',(1.65,0.,-1.65));
#927 = DIRECTION('',(0.,0.,-1.));
#928 = DIRECTION('',(-1.,0.,0.));
#929 = ADVANCED_FACE('',(#930,#955),#966,.F.);
#930 = FACE_BOUND('',#931,.T.);
#931 = EDGE_LOOP('',(#932,#933,#941,#949));
#932 = ORIENTED_EDGE('',*,*,#893,.F.);
#933 = ORIENTED_EDGE('',*,*,#934,.F.);
#934 = EDGE_CURVE('',#935,#894,#937,.T.);
#935 = VERTEX_POINT('',#936);
#936 = CARTESIAN_POINT('',(1.65,0.,1.65));
#937 = LINE('',#938,#939);
#938 = CARTESIAN_POINT('',(1.65,0.,1.65));
#939 = VECTOR('',#940,1.);
#940 = DIRECTION('',(0.,0.,-1.));
#941 = ORIENTED_EDGE('',*,*,#942,.F.);
#942 = EDGE_CURVE('',#943,#935,#945,.T.);
#943 = VERTEX_POINT('',#944);
#944 = CARTESIAN_POINT('',(1.15,0.,1.65));
#945 = LINE('',#946,#947);
#946 = CARTESIAN_POINT('',(1.15,0.,1.65));
#947 = VECTOR('',#948,1.);
#948 = DIRECTION('',(1.,0.,0.));
#949 = ORIENTED_EDGE('',*,*,#950,.F.);
#950 = EDGE_CURVE('',#896,#943,#951,.T.);
#951 = LINE('',#952,#953);
#952 = CARTESIAN_POINT('',(1.15,0.,-1.65));
#953 = VECTOR('',#954,1.);
#954 = DIRECTION('',(0.,0.,1.));
#955 = FACE_BOUND('',#956,.T.);
#956 = EDGE_LOOP('',(#957));
#957 = ORIENTED_EDGE('',*,*,#958,.T.);
#958 = EDGE_CURVE('',#959,#959,#961,.T.);
#959 = VERTEX_POINT('',#960);
#960 = CARTESIAN_POINT('',(1.466,0.,0.));
#961 = CIRCLE('',#962,3.15E-02);
#962 = AXIS2_PLACEMENT_3D('',#963,#964,#965);
#963 = CARTESIAN_POINT('',(1.4975,0.,0.));
#964 = DIRECTION('',(-0.,1.,0.));
#965 = DIRECTION('',(1.,0.,0.));
#966 = PLANE('',#967);
#967 = AXIS2_PLACEMENT_3D('',#968,#969,#970);
#968 = CARTESIAN_POINT('',(0.,0.,0.));
#969 = DIRECTION('',(0.,1.,0.));
#970 = DIRECTION('',(1.,0.,0.));
#971 = ADVANCED_FACE('',(#972),#990,.T.);
#972 = FACE_BOUND('',#973,.T.);
#973 = EDGE_LOOP('',(#974,#975,#983,#989));
#974 = ORIENTED_EDGE('',*,*,#950,.T.);
#975 = ORIENTED_EDGE('',*,*,#976,.T.);
#976 = EDGE_CURVE('',#943,#977,#979,.T.);
#977 = VERTEX_POINT('',#978);
#978 = CARTESIAN_POINT('',(1.15,7.5E-02,1.65));
#979 = LINE('',#980,#981);
#980 = CARTESIAN_POINT('',(1.15,0.,1.65));
#981 = VECTOR('',#982,1.);
#982 = DIRECTION('',(0.,1.,0.));
#983 = ORIENTED_EDGE('',*,*,#984,.F.);
#984 = EDGE_CURVE('',#904,#977,#985,.T.);
#985 = LINE('',#986,#987);
#986 = CARTESIAN_POINT('',(1.15,7.5E-02,-1.65));
#987 = VECTOR('',#988,1.);
#988 = DIRECTION('',(0.,0.,1.));
#989 = ORIENTED_EDGE('',*,*,#903,.F.);
#990 = PLANE('',#991);
#991 = AXIS2_PLACEMENT_3D('',#992,#993,#994);
#992 = CARTESIAN_POINT('',(1.15,0.,-1.65));
#993 = DIRECTION('',(-1.,0.,0.));
#994 = DIRECTION('',(0.,0.,1.));
#995 = ADVANCED_FACE('',(#996,#1014),#1025,.T.);
#996 = FACE_BOUND('',#997,.T.);
#997 = EDGE_LOOP('',(#998,#999,#1000,#1008));
#998 = ORIENTED_EDGE('',*,*,#911,.T.);
#999 = ORIENTED_EDGE('',*,*,#984,.T.);
#1000 = ORIENTED_EDGE('',*,*,#1001,.T.);
#1001 = EDGE_CURVE('',#977,#1002,#1004,.T.);
#1002 = VERTEX_POINT('',#1003);
#1003 = CARTESIAN_POINT('',(1.65,7.5E-02,1.65));
#1004 = LINE('',#1005,#1006);
#1005 = CARTESIAN_POINT('',(1.15,7.5E-02,1.65));
#1006 = VECTOR('',#1007,1.);
#1007 = DIRECTION('',(1.,0.,0.));
#1008 = ORIENTED_EDGE('',*,*,#1009,.T.);
#1009 = EDGE_CURVE('',#1002,#912,#1010,.T.);
#1010 = LINE('',#1011,#1012);
#1011 = CARTESIAN_POINT('',(1.65,7.5E-02,1.65));
#1012 = VECTOR('',#1013,1.);
#1013 = DIRECTION('',(0.,0.,-1.));
#1014 = FACE_BOUND('',#1015,.T.);
#1015 = EDGE_LOOP('',(#1016));
#1016 = ORIENTED_EDGE('',*,*,#1017,.F.);
#1017 = EDGE_CURVE('',#1018,#1018,#1020,.T.);
#1018 = VERTEX_POINT('',#1019);
#1019 = CARTESIAN_POINT('',(1.466,7.5E-02,0.));
#1020 = CIRCLE('',#1021,3.15E-02);
#1021 = AXIS2_PLACEMENT_3D('',#1022,#1023,#1024);
#1022 = CARTESIAN_POINT('',(1.4975,7.5E-02,0.));
#1023 = DIRECTION('',(-0.,1.,0.));
#1024 = DIRECTION('',(1.,0.,0.));
#1025 = PLANE('',#1026);
#1026 = AXIS2_PLACEMENT_3D('',#1027,#1028,#1029);
#1027 = CARTESIAN_POINT('',(0.,7.5E-02,0.));
#1028 = DIRECTION('',(0.,1.,0.));
#1029 = DIRECTION('',(1.,0.,0.));
#1030 = ADVANCED_FACE('',(#1031),#1042,.T.);
#1031 = FACE_BOUND('',#1032,.T.);
#1032 = EDGE_LOOP('',(#1033,#1034,#1035,#1036));
#1033 = ORIENTED_EDGE('',*,*,#934,.T.);
#1034 = ORIENTED_EDGE('',*,*,#919,.T.);
#1035 = ORIENTED_EDGE('',*,*,#1009,.F.);
#1036 = ORIENTED_EDGE('',*,*,#1037,.F.);
#1037 = EDGE_CURVE('',#935,#1002,#1038,.T.);
#1038 = LINE('',#1039,#1040);
#1039 = CARTESIAN_POINT('',(1.65,0.,1.65));
#1040 = VECTOR('',#1041,1.);
#1041 = DIRECTION('',(0.,1.,0.));
#1042 = PLANE('',#1043);
#1043 = AXIS2_PLACEMENT_3D('',#1044,#1045,#1046);
#1044 = CARTESIAN_POINT('',(1.65,0.,1.65));
#1045 = DIRECTION('',(1.,0.,0.));
#1046 = DIRECTION('',(0.,0.,-1.));
#1047 = ADVANCED_FACE('',(#1048),#1054,.T.);
#1048 = FACE_BOUND('',#1049,.T.);
#1049 = EDGE_LOOP('',(#1050,#1051,#1052,#1053));
#1050 = ORIENTED_EDGE('',*,*,#942,.T.);
#1051 = ORIENTED_EDGE('',*,*,#1037,.T.);
#1052 = ORIENTED_EDGE('',*,*,#1001,.F.);
#1053 = ORIENTED_EDGE('',*,*,#976,.F.);
#1054 = PLANE('',#1055);
#1055 = AXIS2_PLACEMENT_3D('',#1056,#1057,#1058);
#1056 = CARTESIAN_POINT('',(1.15,0.,1.65));
#1057 = DIRECTION('',(0.,0.,1.));
#1058 = DIRECTION('',(1.,0.,-0.));
#1059 = ADVANCED_FACE('',(#1060),#1071,.F.);
#1060 = FACE_BOUND('',#1061,.F.);
#1061 = EDGE_LOOP('',(#1062,#1068,#1069,#1070));
#1062 = ORIENTED_EDGE('',*,*,#1063,.T.);
#1063 = EDGE_CURVE('',#959,#1018,#1064,.T.);
#1064 = LINE('',#1065,#1066);
#1065 = CARTESIAN_POINT('',(1.466,7.5E-02,3.857637417314E-18));
#1066 = VECTOR('',#1067,1.);
#1067 = DIRECTION('',(0.,1.,0.));
#1068 = ORIENTED_EDGE('',*,*,#1017,.F.);
#1069 = ORIENTED_EDGE('',*,*,#1063,.F.);
#1070 = ORIENTED_EDGE('',*,*,#958,.T.);
#1071 = CYLINDRICAL_SURFACE('',#1072,3.15E-02);
#1072 = AXIS2_PLACEMENT_3D('',#1073,#1074,#1075);
#1073 = CARTESIAN_POINT('',(1.4975,7.5E-02,0.));
#1074 = DIRECTION('',(0.,1.,0.));
#1075 = DIRECTION('',(1.,0.,0.));
#1076 = ( GEOMETRIC_REPRESENTATION_CONTEXT(3) 
GLOBAL_UNCERTAINTY_ASSIGNED_CONTEXT((#1080)) 
GLOBAL_UNIT_ASSIGNED_CONTEXT((#1077,#1078,#1079)) REPRESENTATION_CONTEXT
('Context #1','3D Context with UNIT and UNCERTAINTY') );
#1077 = ( LENGTH_UNIT() NAMED_UNIT(*) SI_UNIT(.MILLI.,.METRE.) );
#1078 = ( NAMED_UNIT(*) PLANE_ANGLE_UNIT() SI_UNIT($,.RADIAN.) );
#1079 = ( NAMED_UNIT(*) SI_UNIT($,.STERADIAN.) SOLID_ANGLE_UNIT() );
#1080 = UNCERTAINTY_MEASURE_WITH_UNIT(LENGTH_MEASURE(1.E-07),#1077,
  'distance_accuracy_value','confusion accuracy');
#1081 = CONTEXT_DEPENDENT_SHAPE_REPRESENTATION(#1082,#1084);
#1082 = ( REPRESENTATION_RELATIONSHIP('','',#448,#146) 
REPRESENTATION_RELATIONSHIP_WITH_TRANSFORMATION(#1083) 
SHAPE_REPRESENTATION_RELATIONSHIP() );
#1083 = ITEM_DEFINED_TRANSFORMATION('','',#11,#151);
#1084 = PRODUCT_DEFINITION_SHAPE('Placement','Placement of an item',
  #1085);
#1085 = NEXT_ASSEMBLY_USAGE_OCCURRENCE('2','2500-00565C-BT:1','',#141,
  #443,$);
#1086 = PRODUCT_RELATED_PRODUCT_CATEGORY('part',$,(#445));
#1087 = SHAPE_DEFINITION_REPRESENTATION(#1088,#1094);
#1088 = PRODUCT_DEFINITION_SHAPE('','',#1089);
#1089 = PRODUCT_DEFINITION('design','',#1090,#1093);
#1090 = PRODUCT_DEFINITION_FORMATION('','',#1091);
#1091 = PRODUCT('2500-00565C-SBN','2500-00565C-SBN','',(#1092));
#1092 = PRODUCT_CONTEXT('',#2,'mechanical');
#1093 = PRODUCT_DEFINITION_CONTEXT('part definition',#2,'design');
#1094 = ADVANCED_BREP_SHAPE_REPRESENTATION('',(#11,#1095),#1344);
#1095 = MANIFOLD_SOLID_BREP('',#1096);
#1096 = CLOSED_SHELL('',(#1097,#1161,#1192,#1223,#1247,#1286,#1298,#1315
    ,#1332));
#1097 = ADVANCED_FACE('',(#1098),#1156,.F.);
#1098 = FACE_BOUND('',#1099,.T.);
#1099 = EDGE_LOOP('',(#1100,#1110,#1118,#1126,#1134,#1142,#1150));
#1100 = ORIENTED_EDGE('',*,*,#1101,.F.);
#1101 = EDGE_CURVE('',#1102,#1104,#1106,.T.);
#1102 = VERTEX_POINT('',#1103);
#1103 = CARTESIAN_POINT('',(0.5,0.,0.));
#1104 = VERTEX_POINT('',#1105);
#1105 = CARTESIAN_POINT('',(0.5,0.,-1.43));
#1106 = LINE('',#1107,#1108);
#1107 = CARTESIAN_POINT('',(0.5,0.,0.));
#1108 = VECTOR('',#1109,1.);
#1109 = DIRECTION('',(0.,0.,-1.));
#1110 = ORIENTED_EDGE('',*,*,#1111,.F.);
#1111 = EDGE_CURVE('',#1112,#1102,#1114,.T.);
#1112 = VERTEX_POINT('',#1113);
#1113 = CARTESIAN_POINT('',(0.,0.,0.));
#1114 = LINE('',#1115,#1116);
#1115 = CARTESIAN_POINT('',(0.,0.,0.));
#1116 = VECTOR('',#1117,1.);
#1117 = DIRECTION('',(1.,0.,0.));
#1118 = ORIENTED_EDGE('',*,*,#1119,.F.);
#1119 = EDGE_CURVE('',#1120,#1112,#1122,.T.);
#1120 = VERTEX_POINT('',#1121);
#1121 = CARTESIAN_POINT('',(0.,0.,-3.3));
#1122 = LINE('',#1123,#1124);
#1123 = CARTESIAN_POINT('',(0.,0.,-3.3));
#1124 = VECTOR('',#1125,1.);
#1125 = DIRECTION('',(0.,0.,1.));
#1126 = ORIENTED_EDGE('',*,*,#1127,.F.);
#1127 = EDGE_CURVE('',#1128,#1120,#1130,.T.);
#1128 = VERTEX_POINT('',#1129);
#1129 = CARTESIAN_POINT('',(0.5,0.,-3.3));
#1130 = LINE('',#1131,#1132);
#1131 = CARTESIAN_POINT('',(0.5,0.,-3.3));
#1132 = VECTOR('',#1133,1.);
#1133 = DIRECTION('',(-1.,0.,0.));
#1134 = ORIENTED_EDGE('',*,*,#1135,.F.);
#1135 = EDGE_CURVE('',#1136,#1128,#1138,.T.);
#1136 = VERTEX_POINT('',#1137);
#1137 = CARTESIAN_POINT('',(0.5,0.,-1.87));
#1138 = LINE('',#1139,#1140);
#1139 = CARTESIAN_POINT('',(0.5,0.,-1.87));
#1140 = VECTOR('',#1141,1.);
#1141 = DIRECTION('',(0.,0.,-1.));
#1142 = ORIENTED_EDGE('',*,*,#1143,.F.);
#1143 = EDGE_CURVE('',#1144,#1136,#1146,.T.);
#1144 = VERTEX_POINT('',#1145);
#1145 = CARTESIAN_POINT('',(0.72,0.,-1.65));
#1146 = LINE('',#1147,#1148);
#1147 = CARTESIAN_POINT('',(0.72,0.,-1.65));
#1148 = VECTOR('',#1149,1.);
#1149 = DIRECTION('',(-0.707106781187,0.,-0.707106781187));
#1150 = ORIENTED_EDGE('',*,*,#1151,.F.);
#1151 = EDGE_CURVE('',#1104,#1144,#1152,.T.);
#1152 = LINE('',#1153,#1154);
#1153 = CARTESIAN_POINT('',(0.5,0.,-1.43));
#1154 = VECTOR('',#1155,1.);
#1155 = DIRECTION('',(0.707106781187,0.,-0.707106781187));
#1156 = PLANE('',#1157);
#1157 = AXIS2_PLACEMENT_3D('',#1158,#1159,#1160);
#1158 = CARTESIAN_POINT('',(0.,0.,0.));
#1159 = DIRECTION('',(0.,1.,0.));
#1160 = DIRECTION('',(1.,0.,0.));
#1161 = ADVANCED_FACE('',(#1162),#1187,.T.);
#1162 = FACE_BOUND('',#1163,.T.);
#1163 = EDGE_LOOP('',(#1164,#1172,#1180,#1186));
#1164 = ORIENTED_EDGE('',*,*,#1165,.T.);
#1165 = EDGE_CURVE('',#1104,#1166,#1168,.T.);
#1166 = VERTEX_POINT('',#1167);
#1167 = CARTESIAN_POINT('',(0.5,1.7E-02,-1.43));
#1168 = LINE('',#1169,#1170);
#1169 = CARTESIAN_POINT('',(0.5,0.,-1.43));
#1170 = VECTOR('',#1171,1.);
#1171 = DIRECTION('',(0.,1.,0.));
#1172 = ORIENTED_EDGE('',*,*,#1173,.F.);
#1173 = EDGE_CURVE('',#1174,#1166,#1176,.T.);
#1174 = VERTEX_POINT('',#1175);
#1175 = CARTESIAN_POINT('',(0.5,1.7E-02,0.));
#1176 = LINE('',#1177,#1178);
#1177 = CARTESIAN_POINT('',(0.5,1.7E-02,0.));
#1178 = VECTOR('',#1179,1.);
#1179 = DIRECTION('',(0.,0.,-1.));
#1180 = ORIENTED_EDGE('',*,*,#1181,.F.);
#1181 = EDGE_CURVE('',#1102,#1174,#1182,.T.);
#1182 = LINE('',#1183,#1184);
#1183 = CARTESIAN_POINT('',(0.5,0.,0.));
#1184 = VECTOR('',#1185,1.);
#1185 = DIRECTION('',(0.,1.,0.));
#1186 = ORIENTED_EDGE('',*,*,#1101,.T.);
#1187 = PLANE('',#1188);
#1188 = AXIS2_PLACEMENT_3D('',#1189,#1190,#1191);
#1189 = CARTESIAN_POINT('',(0.5,0.,0.));
#1190 = DIRECTION('',(1.,0.,0.));
#1191 = DIRECTION('',(0.,0.,-1.));
#1192 = ADVANCED_FACE('',(#1193),#1218,.T.);
#1193 = FACE_BOUND('',#1194,.T.);
#1194 = EDGE_LOOP('',(#1195,#1203,#1204,#1212));
#1195 = ORIENTED_EDGE('',*,*,#1196,.F.);
#1196 = EDGE_CURVE('',#1136,#1197,#1199,.T.);
#1197 = VERTEX_POINT('',#1198);
#1198 = CARTESIAN_POINT('',(0.5,1.7E-02,-1.87));
#1199 = LINE('',#1200,#1201);
#1200 = CARTESIAN_POINT('',(0.5,0.,-1.87));
#1201 = VECTOR('',#1202,1.);
#1202 = DIRECTION('',(0.,1.,1.306144734853E-14));
#1203 = ORIENTED_EDGE('',*,*,#1135,.T.);
#1204 = ORIENTED_EDGE('',*,*,#1205,.T.);
#1205 = EDGE_CURVE('',#1128,#1206,#1208,.T.);
#1206 = VERTEX_POINT('',#1207);
#1207 = CARTESIAN_POINT('',(0.5,1.7E-02,-3.3));
#1208 = LINE('',#1209,#1210);
#1209 = CARTESIAN_POINT('',(0.5,0.,-3.3));
#1210 = VECTOR('',#1211,1.);
#1211 = DIRECTION('',(0.,1.,0.));
#1212 = ORIENTED_EDGE('',*,*,#1213,.F.);
#1213 = EDGE_CURVE('',#1197,#1206,#1214,.T.);
#1214 = LINE('',#1215,#1216);
#1215 = CARTESIAN_POINT('',(0.5,1.7E-02,-1.87));
#1216 = VECTOR('',#1217,1.);
#1217 = DIRECTION('',(0.,0.,-1.));
#1218 = PLANE('',#1219);
#1219 = AXIS2_PLACEMENT_3D('',#1220,#1221,#1222);
#1220 = CARTESIAN_POINT('',(0.5,0.,0.));
#1221 = DIRECTION('',(1.,0.,0.));
#1222 = DIRECTION('',(0.,0.,-1.));
#1223 = ADVANCED_FACE('',(#1224),#1242,.T.);
#1224 = FACE_BOUND('',#1225,.T.);
#1225 = EDGE_LOOP('',(#1226,#1227,#1228,#1236));
#1226 = ORIENTED_EDGE('',*,*,#1165,.F.);
#1227 = ORIENTED_EDGE('',*,*,#1151,.T.);
#1228 = ORIENTED_EDGE('',*,*,#1229,.F.);
#1229 = EDGE_CURVE('',#1230,#1144,#1232,.T.);
#1230 = VERTEX_POINT('',#1231);
#1231 = CARTESIAN_POINT('',(0.72,1.7E-02,-1.65));
#1232 = LINE('',#1233,#1234);
#1233 = CARTESIAN_POINT('',(0.72,1.7E-02,-1.65));
#1234 = VECTOR('',#1235,1.);
#1235 = DIRECTION('',(0.,-1.,0.));
#1236 = ORIENTED_EDGE('',*,*,#1237,.F.);
#1237 = EDGE_CURVE('',#1166,#1230,#1238,.T.);
#1238 = LINE('',#1239,#1240);
#1239 = CARTESIAN_POINT('',(0.5,1.7E-02,-1.43));
#1240 = VECTOR('',#1241,1.);
#1241 = DIRECTION('',(0.707106781187,0.,-0.707106781187));
#1242 = PLANE('',#1243);
#1243 = AXIS2_PLACEMENT_3D('',#1244,#1245,#1246);
#1244 = CARTESIAN_POINT('',(0.5,1.7E-02,-1.43));
#1245 = DIRECTION('',(0.707106781187,0.,0.707106781187));
#1246 = DIRECTION('',(0.707106781187,0.,-0.707106781187));
#1247 = ADVANCED_FACE('',(#1248),#1281,.T.);
#1248 = FACE_BOUND('',#1249,.T.);
#1249 = EDGE_LOOP('',(#1250,#1251,#1259,#1267,#1273,#1274,#1275));
#1250 = ORIENTED_EDGE('',*,*,#1213,.T.);
#1251 = ORIENTED_EDGE('',*,*,#1252,.T.);
#1252 = EDGE_CURVE('',#1206,#1253,#1255,.T.);
#1253 = VERTEX_POINT('',#1254);
#1254 = CARTESIAN_POINT('',(0.,1.7E-02,-3.3));
#1255 = LINE('',#1256,#1257);
#1256 = CARTESIAN_POINT('',(0.5,1.7E-02,-3.3));
#1257 = VECTOR('',#1258,1.);
#1258 = DIRECTION('',(-1.,0.,0.));
#1259 = ORIENTED_EDGE('',*,*,#1260,.T.);
#1260 = EDGE_CURVE('',#1253,#1261,#1263,.T.);
#1261 = VERTEX_POINT('',#1262);
#1262 = CARTESIAN_POINT('',(0.,1.7E-02,0.));
#1263 = LINE('',#1264,#1265);
#1264 = CARTESIAN_POINT('',(0.,1.7E-02,-3.3));
#1265 = VECTOR('',#1266,1.);
#1266 = DIRECTION('',(0.,0.,1.));
#1267 = ORIENTED_EDGE('',*,*,#1268,.T.);
#1268 = EDGE_CURVE('',#1261,#1174,#1269,.T.);
#1269 = LINE('',#1270,#1271);
#1270 = CARTESIAN_POINT('',(0.,1.7E-02,0.));
#1271 = VECTOR('',#1272,1.);
#1272 = DIRECTION('',(1.,0.,0.));
#1273 = ORIENTED_EDGE('',*,*,#1173,.T.);
#1274 = ORIENTED_EDGE('',*,*,#1237,.T.);
#1275 = ORIENTED_EDGE('',*,*,#1276,.T.);
#1276 = EDGE_CURVE('',#1230,#1197,#1277,.T.);
#1277 = LINE('',#1278,#1279);
#1278 = CARTESIAN_POINT('',(0.72,1.7E-02,-1.65));
#1279 = VECTOR('',#1280,1.);
#1280 = DIRECTION('',(-0.707106781187,0.,-0.707106781187));
#1281 = PLANE('',#1282);
#1282 = AXIS2_PLACEMENT_3D('',#1283,#1284,#1285);
#1283 = CARTESIAN_POINT('',(0.,1.7E-02,0.));
#1284 = DIRECTION('',(0.,1.,0.));
#1285 = DIRECTION('',(1.,0.,0.));
#1286 = ADVANCED_FACE('',(#1287),#1293,.T.);
#1287 = FACE_BOUND('',#1288,.T.);
#1288 = EDGE_LOOP('',(#1289,#1290,#1291,#1292));
#1289 = ORIENTED_EDGE('',*,*,#1196,.T.);
#1290 = ORIENTED_EDGE('',*,*,#1276,.F.);
#1291 = ORIENTED_EDGE('',*,*,#1229,.T.);
#1292 = ORIENTED_EDGE('',*,*,#1143,.T.);
#1293 = PLANE('',#1294);
#1294 = AXIS2_PLACEMENT_3D('',#1295,#1296,#1297);
#1295 = CARTESIAN_POINT('',(0.72,1.7E-02,-1.65));
#1296 = DIRECTION('',(0.707106781187,0.,-0.707106781187));
#1297 = DIRECTION('',(-0.707106781187,0.,-0.707106781187));
#1298 = ADVANCED_FACE('',(#1299),#1310,.T.);
#1299 = FACE_BOUND('',#1300,.T.);
#1300 = EDGE_LOOP('',(#1301,#1302,#1303,#1304));
#1301 = ORIENTED_EDGE('',*,*,#1111,.T.);
#1302 = ORIENTED_EDGE('',*,*,#1181,.T.);
#1303 = ORIENTED_EDGE('',*,*,#1268,.F.);
#1304 = ORIENTED_EDGE('',*,*,#1305,.F.);
#1305 = EDGE_CURVE('',#1112,#1261,#1306,.T.);
#1306 = LINE('',#1307,#1308);
#1307 = CARTESIAN_POINT('',(0.,0.,0.));
#1308 = VECTOR('',#1309,1.);
#1309 = DIRECTION('',(0.,1.,0.));
#1310 = PLANE('',#1311);
#1311 = AXIS2_PLACEMENT_3D('',#1312,#1313,#1314);
#1312 = CARTESIAN_POINT('',(0.,0.,0.));
#1313 = DIRECTION('',(0.,0.,1.));
#1314 = DIRECTION('',(1.,0.,-0.));
#1315 = ADVANCED_FACE('',(#1316),#1327,.T.);
#1316 = FACE_BOUND('',#1317,.T.);
#1317 = EDGE_LOOP('',(#1318,#1319,#1320,#1321));
#1318 = ORIENTED_EDGE('',*,*,#1119,.T.);
#1319 = ORIENTED_EDGE('',*,*,#1305,.T.);
#1320 = ORIENTED_EDGE('',*,*,#1260,.F.);
#1321 = ORIENTED_EDGE('',*,*,#1322,.F.);
#1322 = EDGE_CURVE('',#1120,#1253,#1323,.T.);
#1323 = LINE('',#1324,#1325);
#1324 = CARTESIAN_POINT('',(0.,0.,-3.3));
#1325 = VECTOR('',#1326,1.);
#1326 = DIRECTION('',(0.,1.,0.));
#1327 = PLANE('',#1328);
#1328 = AXIS2_PLACEMENT_3D('',#1329,#1330,#1331);
#1329 = CARTESIAN_POINT('',(0.,0.,-3.3));
#1330 = DIRECTION('',(-1.,0.,0.));
#1331 = DIRECTION('',(0.,0.,1.));
#1332 = ADVANCED_FACE('',(#1333),#1339,.T.);
#1333 = FACE_BOUND('',#1334,.T.);
#1334 = EDGE_LOOP('',(#1335,#1336,#1337,#1338));
#1335 = ORIENTED_EDGE('',*,*,#1127,.T.);
#1336 = ORIENTED_EDGE('',*,*,#1322,.T.);
#1337 = ORIENTED_EDGE('',*,*,#1252,.F.);
#1338 = ORIENTED_EDGE('',*,*,#1205,.F.);
#1339 = PLANE('',#1340);
#1340 = AXIS2_PLACEMENT_3D('',#1341,#1342,#1343);
#1341 = CARTESIAN_POINT('',(0.5,0.,-3.3));
#1342 = DIRECTION('',(0.,0.,-1.));
#1343 = DIRECTION('',(-1.,0.,0.));
#1344 = ( GEOMETRIC_REPRESENTATION_CONTEXT(3) 
GLOBAL_UNCERTAINTY_ASSIGNED_CONTEXT((#1348)) 
GLOBAL_UNIT_ASSIGNED_CONTEXT((#1345,#1346,#1347)) REPRESENTATION_CONTEXT
('Context #1','3D Context with UNIT and UNCERTAINTY') );
#1345 = ( LENGTH_UNIT() NAMED_UNIT(*) SI_UNIT(.MILLI.,.METRE.) );
#1346 = ( NAMED_UNIT(*) PLANE_ANGLE_UNIT() SI_UNIT($,.RADIAN.) );
#1347 = ( NAMED_UNIT(*) SI_UNIT($,.STERADIAN.) SOLID_ANGLE_UNIT() );
#1348 = UNCERTAINTY_MEASURE_WITH_UNIT(LENGTH_MEASURE(1.E-07),#1345,
  'distance_accuracy_value','confusion accuracy');
#1349 = CONTEXT_DEPENDENT_SHAPE_REPRESENTATION(#1350,#1352);
#1350 = ( REPRESENTATION_RELATIONSHIP('','',#1094,#146) 
REPRESENTATION_RELATIONSHIP_WITH_TRANSFORMATION(#1351) 
SHAPE_REPRESENTATION_RELATIONSHIP() );
#1351 = ITEM_DEFINED_TRANSFORMATION('','',#11,#155);
#1352 = PRODUCT_DEFINITION_SHAPE('Placement','Placement of an item',
  #1353);
#1353 = NEXT_ASSEMBLY_USAGE_OCCURRENCE('3','2500-00565C-SBN:1','',#141,
  #1089,$);
#1354 = PRODUCT_RELATED_PRODUCT_CATEGORY('part',$,(#1091));
#1355 = SHAPE_DEFINITION_REPRESENTATION(#1356,#1362);
#1356 = PRODUCT_DEFINITION_SHAPE('','',#1357);
#1357 = PRODUCT_DEFINITION('design','',#1358,#1361);
#1358 = PRODUCT_DEFINITION_FORMATION('','',#1359);
#1359 = PRODUCT('2500-00565C-SB','2500-00565C-SB','',(#1360));
#1360 = PRODUCT_CONTEXT('',#2,'mechanical');
#1361 = PRODUCT_DEFINITION_CONTEXT('part definition',#2,'design');
#1362 = ADVANCED_BREP_SHAPE_REPRESENTATION('',(#11,#1363),#1513);
#1363 = MANIFOLD_SOLID_BREP('',#1364);
#1364 = CLOSED_SHELL('',(#1365,#1405,#1436,#1460,#1484,#1501));
#1365 = ADVANCED_FACE('',(#1366),#1400,.F.);
#1366 = FACE_BOUND('',#1367,.T.);
#1367 = EDGE_LOOP('',(#1368,#1378,#1386,#1394));
#1368 = ORIENTED_EDGE('',*,*,#1369,.F.);
#1369 = EDGE_CURVE('',#1370,#1372,#1374,.T.);
#1370 = VERTEX_POINT('',#1371);
#1371 = CARTESIAN_POINT('',(0.,0.,0.));
#1372 = VERTEX_POINT('',#1373);
#1373 = CARTESIAN_POINT('',(0.5,0.,0.));
#1374 = LINE('',#1375,#1376);
#1375 = CARTESIAN_POINT('',(0.,0.,0.));
#1376 = VECTOR('',#1377,1.);
#1377 = DIRECTION('',(1.,0.,0.));
#1378 = ORIENTED_EDGE('',*,*,#1379,.F.);
#1379 = EDGE_CURVE('',#1380,#1370,#1382,.T.);
#1380 = VERTEX_POINT('',#1381);
#1381 = CARTESIAN_POINT('',(0.,0.,-3.3));
#1382 = LINE('',#1383,#1384);
#1383 = CARTESIAN_POINT('',(0.,0.,-3.3));
#1384 = VECTOR('',#1385,1.);
#1385 = DIRECTION('',(0.,0.,1.));
#1386 = ORIENTED_EDGE('',*,*,#1387,.F.);
#1387 = EDGE_CURVE('',#1388,#1380,#1390,.T.);
#1388 = VERTEX_POINT('',#1389);
#1389 = CARTESIAN_POINT('',(0.5,0.,-3.3));
#1390 = LINE('',#1391,#1392);
#1391 = CARTESIAN_POINT('',(0.5,0.,-3.3));
#1392 = VECTOR('',#1393,1.);
#1393 = DIRECTION('',(-1.,0.,0.));
#1394 = ORIENTED_EDGE('',*,*,#1395,.F.);
#1395 = EDGE_CURVE('',#1372,#1388,#1396,.T.);
#1396 = LINE('',#1397,#1398);
#1397 = CARTESIAN_POINT('',(0.5,0.,0.));
#1398 = VECTOR('',#1399,1.);
#1399 = DIRECTION('',(0.,0.,-1.));
#1400 = PLANE('',#1401);
#1401 = AXIS2_PLACEMENT_3D('',#1402,#1403,#1404);
#1402 = CARTESIAN_POINT('',(0.,0.,0.));
#1403 = DIRECTION('',(0.,1.,0.));
#1404 = DIRECTION('',(1.,0.,0.));
#1405 = ADVANCED_FACE('',(#1406),#1431,.T.);
#1406 = FACE_BOUND('',#1407,.T.);
#1407 = EDGE_LOOP('',(#1408,#1409,#1417,#1425));
#1408 = ORIENTED_EDGE('',*,*,#1369,.T.);
#1409 = ORIENTED_EDGE('',*,*,#1410,.T.);
#1410 = EDGE_CURVE('',#1372,#1411,#1413,.T.);
#1411 = VERTEX_POINT('',#1412);
#1412 = CARTESIAN_POINT('',(0.5,1.7E-02,0.));
#1413 = LINE('',#1414,#1415);
#1414 = CARTESIAN_POINT('',(0.5,0.,0.));
#1415 = VECTOR('',#1416,1.);
#1416 = DIRECTION('',(0.,1.,0.));
#1417 = ORIENTED_EDGE('',*,*,#1418,.F.);
#1418 = EDGE_CURVE('',#1419,#1411,#1421,.T.);
#1419 = VERTEX_POINT('',#1420);
#1420 = CARTESIAN_POINT('',(0.,1.7E-02,0.));
#1421 = LINE('',#1422,#1423);
#1422 = CARTESIAN_POINT('',(0.,1.7E-02,0.));
#1423 = VECTOR('',#1424,1.);
#1424 = DIRECTION('',(1.,0.,0.));
#1425 = ORIENTED_EDGE('',*,*,#1426,.F.);
#1426 = EDGE_CURVE('',#1370,#1419,#1427,.T.);
#1427 = LINE('',#1428,#1429);
#1428 = CARTESIAN_POINT('',(0.,0.,0.));
#1429 = VECTOR('',#1430,1.);
#1430 = DIRECTION('',(0.,1.,0.));
#1431 = PLANE('',#1432);
#1432 = AXIS2_PLACEMENT_3D('',#1433,#1434,#1435);
#1433 = CARTESIAN_POINT('',(0.,0.,0.));
#1434 = DIRECTION('',(0.,0.,1.));
#1435 = DIRECTION('',(1.,0.,-0.));
#1436 = ADVANCED_FACE('',(#1437),#1455,.T.);
#1437 = FACE_BOUND('',#1438,.T.);
#1438 = EDGE_LOOP('',(#1439,#1440,#1441,#1449));
#1439 = ORIENTED_EDGE('',*,*,#1379,.T.);
#1440 = ORIENTED_EDGE('',*,*,#1426,.T.);
#1441 = ORIENTED_EDGE('',*,*,#1442,.F.);
#1442 = EDGE_CURVE('',#1443,#1419,#1445,.T.);
#1443 = VERTEX_POINT('',#1444);
#1444 = CARTESIAN_POINT('',(0.,1.7E-02,-3.3));
#1445 = LINE('',#1446,#1447);
#1446 = CARTESIAN_POINT('',(0.,1.7E-02,-3.3));
#1447 = VECTOR('',#1448,1.);
#1448 = DIRECTION('',(0.,0.,1.));
#1449 = ORIENTED_EDGE('',*,*,#1450,.F.);
#1450 = EDGE_CURVE('',#1380,#1443,#1451,.T.);
#1451 = LINE('',#1452,#1453);
#1452 = CARTESIAN_POINT('',(0.,0.,-3.3));
#1453 = VECTOR('',#1454,1.);
#1454 = DIRECTION('',(0.,1.,0.));
#1455 = PLANE('',#1456);
#1456 = AXIS2_PLACEMENT_3D('',#1457,#1458,#1459);
#1457 = CARTESIAN_POINT('',(0.,0.,-3.3));
#1458 = DIRECTION('',(-1.,0.,0.));
#1459 = DIRECTION('',(0.,0.,1.));
#1460 = ADVANCED_FACE('',(#1461),#1479,.T.);
#1461 = FACE_BOUND('',#1462,.T.);
#1462 = EDGE_LOOP('',(#1463,#1464,#1465,#1473));
#1463 = ORIENTED_EDGE('',*,*,#1387,.T.);
#1464 = ORIENTED_EDGE('',*,*,#1450,.T.);
#1465 = ORIENTED_EDGE('',*,*,#1466,.F.);
#1466 = EDGE_CURVE('',#1467,#1443,#1469,.T.);
#1467 = VERTEX_POINT('',#1468);
#1468 = CARTESIAN_POINT('',(0.5,1.7E-02,-3.3));
#1469 = LINE('',#1470,#1471);
#1470 = CARTESIAN_POINT('',(0.5,1.7E-02,-3.3));
#1471 = VECTOR('',#1472,1.);
#1472 = DIRECTION('',(-1.,0.,0.));
#1473 = ORIENTED_EDGE('',*,*,#1474,.F.);
#1474 = EDGE_CURVE('',#1388,#1467,#1475,.T.);
#1475 = LINE('',#1476,#1477);
#1476 = CARTESIAN_POINT('',(0.5,0.,-3.3));
#1477 = VECTOR('',#1478,1.);
#1478 = DIRECTION('',(0.,1.,0.));
#1479 = PLANE('',#1480);
#1480 = AXIS2_PLACEMENT_3D('',#1481,#1482,#1483);
#1481 = CARTESIAN_POINT('',(0.5,0.,-3.3));
#1482 = DIRECTION('',(0.,0.,-1.));
#1483 = DIRECTION('',(-1.,0.,0.));
#1484 = ADVANCED_FACE('',(#1485),#1496,.T.);
#1485 = FACE_BOUND('',#1486,.T.);
#1486 = EDGE_LOOP('',(#1487,#1488,#1489,#1495));
#1487 = ORIENTED_EDGE('',*,*,#1395,.T.);
#1488 = ORIENTED_EDGE('',*,*,#1474,.T.);
#1489 = ORIENTED_EDGE('',*,*,#1490,.F.);
#1490 = EDGE_CURVE('',#1411,#1467,#1491,.T.);
#1491 = LINE('',#1492,#1493);
#1492 = CARTESIAN_POINT('',(0.5,1.7E-02,0.));
#1493 = VECTOR('',#1494,1.);
#1494 = DIRECTION('',(0.,0.,-1.));
#1495 = ORIENTED_EDGE('',*,*,#1410,.F.);
#1496 = PLANE('',#1497);
#1497 = AXIS2_PLACEMENT_3D('',#1498,#1499,#1500);
#1498 = CARTESIAN_POINT('',(0.5,0.,0.));
#1499 = DIRECTION('',(1.,0.,0.));
#1500 = DIRECTION('',(0.,0.,-1.));
#1501 = ADVANCED_FACE('',(#1502),#1508,.T.);
#1502 = FACE_BOUND('',#1503,.T.);
#1503 = EDGE_LOOP('',(#1504,#1505,#1506,#1507));
#1504 = ORIENTED_EDGE('',*,*,#1418,.T.);
#1505 = ORIENTED_EDGE('',*,*,#1490,.T.);
#1506 = ORIENTED_EDGE('',*,*,#1466,.T.);
#1507 = ORIENTED_EDGE('',*,*,#1442,.T.);
#1508 = PLANE('',#1509);
#1509 = AXIS2_PLACEMENT_3D('',#1510,#1511,#1512);
#1510 = CARTESIAN_POINT('',(0.,1.7E-02,0.));
#1511 = DIRECTION('',(0.,1.,0.));
#1512 = DIRECTION('',(1.,0.,0.));
#1513 = ( GEOMETRIC_REPRESENTATION_CONTEXT(3) 
GLOBAL_UNCERTAINTY_ASSIGNED_CONTEXT((#1517)) 
GLOBAL_UNIT_ASSIGNED_CONTEXT((#1514,#1515,#1516)) REPRESENTATION_CONTEXT
('Context #1','3D Context with UNIT and UNCERTAINTY') );
#1514 = ( LENGTH_UNIT() NAMED_UNIT(*) SI_UNIT(.MILLI.,.METRE.) );
#1515 = ( NAMED_UNIT(*) PLANE_ANGLE_UNIT() SI_UNIT($,.RADIAN.) );
#1516 = ( NAMED_UNIT(*) SI_UNIT($,.STERADIAN.) SOLID_ANGLE_UNIT() );
#1517 = UNCERTAINTY_MEASURE_WITH_UNIT(LENGTH_MEASURE(1.E-07),#1514,
  'distance_accuracy_value','confusion accuracy');
#1518 = CONTEXT_DEPENDENT_SHAPE_REPRESENTATION(#1519,#1521);
#1519 = ( REPRESENTATION_RELATIONSHIP('','',#1362,#146) 
REPRESENTATION_RELATIONSHIP_WITH_TRANSFORMATION(#1520) 
SHAPE_REPRESENTATION_RELATIONSHIP() );
#1520 = ITEM_DEFINED_TRANSFORMATION('','',#11,#159);
#1521 = PRODUCT_DEFINITION_SHAPE('Placement','Placement of an item',
  #1522);
#1522 = NEXT_ASSEMBLY_USAGE_OCCURRENCE('4','2500-00565C-SB:1','',#141,
  #1357,$);
#1523 = PRODUCT_RELATED_PRODUCT_CATEGORY('part',$,(#1359));
#1524 = SHAPE_DEFINITION_REPRESENTATION(#1525,#1531);
#1525 = PRODUCT_DEFINITION_SHAPE('','',#1526);
#1526 = PRODUCT_DEFINITION('design','',#1527,#1530);
#1527 = PRODUCT_DEFINITION_FORMATION('','',#1528);
#1528 = PRODUCT('2610-00066-DOME','2610-00066-DOME','',(#1529));
#1529 = PRODUCT_CONTEXT('',#2,'mechanical');
#1530 = PRODUCT_DEFINITION_CONTEXT('part definition',#2,'design');
#1531 = ADVANCED_BREP_SHAPE_REPRESENTATION('',(#11,#1532),#1758);
#1532 = MANIFOLD_SOLID_BREP('',#1533);
#1533 = CLOSED_SHELL('',(#1534,#1574,#1605,#1629,#1653,#1670,#1702,#1738
    ));
#1534 = ADVANCED_FACE('',(#1535),#1569,.F.);
#1535 = FACE_BOUND('',#1536,.T.);
#1536 = EDGE_LOOP('',(#1537,#1547,#1555,#1563));
#1537 = ORIENTED_EDGE('',*,*,#1538,.F.);
#1538 = EDGE_CURVE('',#1539,#1541,#1543,.T.);
#1539 = VERTEX_POINT('',#1540);
#1540 = CARTESIAN_POINT('',(1.725,0.,-1.725));
#1541 = VERTEX_POINT('',#1542);
#1542 = CARTESIAN_POINT('',(-1.725,0.,-1.725));
#1543 = LINE('',#1544,#1545);
#1544 = CARTESIAN_POINT('',(1.725,0.,-1.725));
#1545 = VECTOR('',#1546,1.);
#1546 = DIRECTION('',(-1.,0.,0.));
#1547 = ORIENTED_EDGE('',*,*,#1548,.F.);
#1548 = EDGE_CURVE('',#1549,#1539,#1551,.T.);
#1549 = VERTEX_POINT('',#1550);
#1550 = CARTESIAN_POINT('',(1.725,0.,1.725));
#1551 = LINE('',#1552,#1553);
#1552 = CARTESIAN_POINT('',(1.725,0.,1.725));
#1553 = VECTOR('',#1554,1.);
#1554 = DIRECTION('',(0.,0.,-1.));
#1555 = ORIENTED_EDGE('',*,*,#1556,.F.);
#1556 = EDGE_CURVE('',#1557,#1549,#1559,.T.);
#1557 = VERTEX_POINT('',#1558);
#1558 = CARTESIAN_POINT('',(-1.725,0.,1.725));
#1559 = LINE('',#1560,#1561);
#1560 = CARTESIAN_POINT('',(-1.725,0.,1.725));
#1561 = VECTOR('',#1562,1.);
#1562 = DIRECTION('',(1.,0.,0.));
#1563 = ORIENTED_EDGE('',*,*,#1564,.F.);
#1564 = EDGE_CURVE('',#1541,#1557,#1565,.T.);
#1565 = LINE('',#1566,#1567);
#1566 = CARTESIAN_POINT('',(-1.725,0.,-1.725));
#1567 = VECTOR('',#1568,1.);
#1568 = DIRECTION('',(0.,0.,1.));
#1569 = PLANE('',#1570);
#1570 = AXIS2_PLACEMENT_3D('',#1571,#1572,#1573);
#1571 = CARTESIAN_POINT('',(0.,0.,0.));
#1572 = DIRECTION('',(0.,1.,0.));
#1573 = DIRECTION('',(1.,0.,0.));
#1574 = ADVANCED_FACE('',(#1575),#1600,.T.);
#1575 = FACE_BOUND('',#1576,.T.);
#1576 = EDGE_LOOP('',(#1577,#1578,#1586,#1594));
#1577 = ORIENTED_EDGE('',*,*,#1538,.T.);
#1578 = ORIENTED_EDGE('',*,*,#1579,.T.);
#1579 = EDGE_CURVE('',#1541,#1580,#1582,.T.);
#1580 = VERTEX_POINT('',#1581);
#1581 = CARTESIAN_POINT('',(-1.725,0.15,-1.725));
#1582 = LINE('',#1583,#1584);
#1583 = CARTESIAN_POINT('',(-1.725,0.,-1.725));
#1584 = VECTOR('',#1585,1.);
#1585 = DIRECTION('',(0.,1.,0.));
#1586 = ORIENTED_EDGE('',*,*,#1587,.F.);
#1587 = EDGE_CURVE('',#1588,#1580,#1590,.T.);
#1588 = VERTEX_POINT('',#1589);
#1589 = CARTESIAN_POINT('',(1.725,0.15,-1.725));
#1590 = LINE('',#1591,#1592);
#1591 = CARTESIAN_POINT('',(1.725,0.15,-1.725));
#1592 = VECTOR('',#1593,1.);
#1593 = DIRECTION('',(-1.,0.,0.));
#1594 = ORIENTED_EDGE('',*,*,#1595,.F.);
#1595 = EDGE_CURVE('',#1539,#1588,#1596,.T.);
#1596 = LINE('',#1597,#1598);
#1597 = CARTESIAN_POINT('',(1.725,0.,-1.725));
#1598 = VECTOR('',#1599,1.);
#1599 = DIRECTION('',(0.,1.,0.));
#1600 = PLANE('',#1601);
#1601 = AXIS2_PLACEMENT_3D('',#1602,#1603,#1604);
#1602 = CARTESIAN_POINT('',(1.725,0.,-1.725));
#1603 = DIRECTION('',(0.,0.,-1.));
#1604 = DIRECTION('',(-1.,0.,0.));
#1605 = ADVANCED_FACE('',(#1606),#1624,.T.);
#1606 = FACE_BOUND('',#1607,.T.);
#1607 = EDGE_LOOP('',(#1608,#1609,#1610,#1618));
#1608 = ORIENTED_EDGE('',*,*,#1548,.T.);
#1609 = ORIENTED_EDGE('',*,*,#1595,.T.);
#1610 = ORIENTED_EDGE('',*,*,#1611,.F.);
#1611 = EDGE_CURVE('',#1612,#1588,#1614,.T.);
#1612 = VERTEX_POINT('',#1613);
#1613 = CARTESIAN_POINT('',(1.725,0.15,1.725));
#1614 = LINE('',#1615,#1616);
#1615 = CARTESIAN_POINT('',(1.725,0.15,1.725));
#1616 = VECTOR('',#1617,1.);
#1617 = DIRECTION('',(0.,0.,-1.));
#1618 = ORIENTED_EDGE('',*,*,#1619,.F.);
#1619 = EDGE_CURVE('',#1549,#1612,#1620,.T.);
#1620 = LINE('',#1621,#1622);
#1621 = CARTESIAN_POINT('',(1.725,0.,1.725));
#1622 = VECTOR('',#1623,1.);
#1623 = DIRECTION('',(0.,1.,0.));
#1624 = PLANE('',#1625);
#1625 = AXIS2_PLACEMENT_3D('',#1626,#1627,#1628);
#1626 = CARTESIAN_POINT('',(1.725,0.,1.725));
#1627 = DIRECTION('',(1.,0.,0.));
#1628 = DIRECTION('',(0.,0.,-1.));
#1629 = ADVANCED_FACE('',(#1630),#1648,.T.);
#1630 = FACE_BOUND('',#1631,.T.);
#1631 = EDGE_LOOP('',(#1632,#1633,#1634,#1642));
#1632 = ORIENTED_EDGE('',*,*,#1556,.T.);
#1633 = ORIENTED_EDGE('',*,*,#1619,.T.);
#1634 = ORIENTED_EDGE('',*,*,#1635,.F.);
#1635 = EDGE_CURVE('',#1636,#1612,#1638,.T.);
#1636 = VERTEX_POINT('',#1637);
#1637 = CARTESIAN_POINT('',(-1.725,0.15,1.725));
#1638 = LINE('',#1639,#1640);
#1639 = CARTESIAN_POINT('',(-1.725,0.15,1.725));
#1640 = VECTOR('',#1641,1.);
#1641 = DIRECTION('',(1.,0.,0.));
#1642 = ORIENTED_EDGE('',*,*,#1643,.F.);
#1643 = EDGE_CURVE('',#1557,#1636,#1644,.T.);
#1644 = LINE('',#1645,#1646);
#1645 = CARTESIAN_POINT('',(-1.725,0.,1.725));
#1646 = VECTOR('',#1647,1.);
#1647 = DIRECTION('',(0.,1.,0.));
#1648 = PLANE('',#1649);
#1649 = AXIS2_PLACEMENT_3D('',#1650,#1651,#1652);
#1650 = CARTESIAN_POINT('',(-1.725,0.,1.725));
#1651 = DIRECTION('',(0.,0.,1.));
#1652 = DIRECTION('',(1.,0.,-0.));
#1653 = ADVANCED_FACE('',(#1654),#1665,.T.);
#1654 = FACE_BOUND('',#1655,.T.);
#1655 = EDGE_LOOP('',(#1656,#1657,#1658,#1664));
#1656 = ORIENTED_EDGE('',*,*,#1564,.T.);
#1657 = ORIENTED_EDGE('',*,*,#1643,.T.);
#1658 = ORIENTED_EDGE('',*,*,#1659,.F.);
#1659 = EDGE_CURVE('',#1580,#1636,#1660,.T.);
#1660 = LINE('',#1661,#1662);
#1661 = CARTESIAN_POINT('',(-1.725,0.15,-1.725));
#1662 = VECTOR('',#1663,1.);
#1663 = DIRECTION('',(0.,0.,1.));
#1664 = ORIENTED_EDGE('',*,*,#1579,.F.);
#1665 = PLANE('',#1666);
#1666 = AXIS2_PLACEMENT_3D('',#1667,#1668,#1669);
#1667 = CARTESIAN_POINT('',(-1.725,0.,-1.725));
#1668 = DIRECTION('',(-1.,0.,0.));
#1669 = DIRECTION('',(0.,0.,1.));
#1670 = ADVANCED_FACE('',(#1671,#1677),#1697,.T.);
#1671 = FACE_BOUND('',#1672,.T.);
#1672 = EDGE_LOOP('',(#1673,#1674,#1675,#1676));
#1673 = ORIENTED_EDGE('',*,*,#1587,.T.);
#1674 = ORIENTED_EDGE('',*,*,#1659,.T.);
#1675 = ORIENTED_EDGE('',*,*,#1635,.T.);
#1676 = ORIENTED_EDGE('',*,*,#1611,.T.);
#1677 = FACE_BOUND('',#1678,.T.);
#1678 = EDGE_LOOP('',(#1679,#1690));
#1679 = ORIENTED_EDGE('',*,*,#1680,.F.);
#1680 = EDGE_CURVE('',#1681,#1683,#1685,.T.);
#1681 = VERTEX_POINT('',#1682);
#1682 = CARTESIAN_POINT('',(1.673290172086,0.15,0.));
#1683 = VERTEX_POINT('',#1684);
#1684 = CARTESIAN_POINT('',(-1.673191940447,0.15,-1.813092451216E-02));
#1685 = CIRCLE('',#1686,1.673290172086);
#1686 = AXIS2_PLACEMENT_3D('',#1687,#1688,#1689);
#1687 = CARTESIAN_POINT('',(0.,0.15,0.));
#1688 = DIRECTION('',(-0.,1.,0.));
#1689 = DIRECTION('',(1.,0.,0.));
#1690 = ORIENTED_EDGE('',*,*,#1691,.F.);
#1691 = EDGE_CURVE('',#1683,#1681,#1692,.T.);
#1692 = CIRCLE('',#1693,1.673290172086);
#1693 = AXIS2_PLACEMENT_3D('',#1694,#1695,#1696);
#1694 = CARTESIAN_POINT('',(0.,0.15,0.));
#1695 = DIRECTION('',(-0.,1.,0.));
#1696 = DIRECTION('',(1.,0.,0.));
#1697 = PLANE('',#1698);
#1698 = AXIS2_PLACEMENT_3D('',#1699,#1700,#1701);
#1699 = CARTESIAN_POINT('',(0.,0.15,0.));
#1700 = DIRECTION('',(0.,1.,0.));
#1701 = DIRECTION('',(1.,0.,0.));
#1702 = ADVANCED_FACE('',(#1703),#1733,.F.);
#1703 = FACE_BOUND('',#1704,.F.);
#1704 = EDGE_LOOP('',(#1705,#1714,#1715,#1716,#1717,#1726));
#1705 = ORIENTED_EDGE('',*,*,#1706,.T.);
#1706 = EDGE_CURVE('',#1707,#1683,#1709,.T.);
#1707 = VERTEX_POINT('',#1708);
#1708 = CARTESIAN_POINT('',(-1.523799802907,0.286607142857,
    -1.651209196643E-02));
#1709 = CIRCLE('',#1710,0.15);
#1710 = AXIS2_PLACEMENT_3D('',#1711,#1712,#1713);
#1711 = CARTESIAN_POINT('',(-1.673191940447,0.3,-1.813092451216E-02));
#1712 = DIRECTION('',(1.083549333799E-02,0.,-0.999941294319));
#1713 = DIRECTION('',(-0.999941294319,0.,-1.083549333799E-02));
#1714 = ORIENTED_EDGE('',*,*,#1680,.F.);
#1715 = ORIENTED_EDGE('',*,*,#1691,.F.);
#1716 = ORIENTED_EDGE('',*,*,#1706,.F.);
#1717 = ORIENTED_EDGE('',*,*,#1718,.T.);
#1718 = EDGE_CURVE('',#1707,#1719,#1721,.T.);
#1719 = VERTEX_POINT('',#1720);
#1720 = CARTESIAN_POINT('',(1.523889263864,0.286607142857,0.));
#1721 = CIRCLE('',#1722,1.523889263864);
#1722 = AXIS2_PLACEMENT_3D('',#1723,#1724,#1725);
#1723 = CARTESIAN_POINT('',(0.,0.286607142857,0.));
#1724 = DIRECTION('',(-0.,1.,0.));
#1725 = DIRECTION('',(1.,0.,0.));
#1726 = ORIENTED_EDGE('',*,*,#1727,.T.);
#1727 = EDGE_CURVE('',#1719,#1707,#1728,.T.);
#1728 = CIRCLE('',#1729,1.523889263864);
#1729 = AXIS2_PLACEMENT_3D('',#1730,#1731,#1732);
#1730 = CARTESIAN_POINT('',(0.,0.286607142857,0.));
#1731 = DIRECTION('',(-0.,1.,0.));
#1732 = DIRECTION('',(1.,0.,0.));
#1733 = TOROIDAL_SURFACE('',#1734,1.673290172086,0.15);
#1734 = AXIS2_PLACEMENT_3D('',#1735,#1736,#1737);
#1735 = CARTESIAN_POINT('',(0.,0.3,0.));
#1736 = DIRECTION('',(0.,1.,0.));
#1737 = DIRECTION('',(0.999941294319,-0.,1.083549333799E-02));
#1738 = ADVANCED_FACE('',(#1739),#1753,.T.);
#1739 = FACE_BOUND('',#1740,.T.);
#1740 = EDGE_LOOP('',(#1741,#1742,#1743,#1752));
#1741 = ORIENTED_EDGE('',*,*,#1727,.T.);
#1742 = ORIENTED_EDGE('',*,*,#1718,.T.);
#1743 = ORIENTED_EDGE('',*,*,#1744,.T.);
#1744 = EDGE_CURVE('',#1719,#1745,#1747,.T.);
#1745 = VERTEX_POINT('',#1746);
#1746 = CARTESIAN_POINT('',(2.845050624922E-16,1.68,1.189549673751E-32)
  );
#1747 = CIRCLE('',#1748,1.53);
#1748 = AXIS2_PLACEMENT_3D('',#1749,#1750,#1751);
#1749 = CARTESIAN_POINT('',(0.,0.15,0.));
#1750 = DIRECTION('',(-1.224646799147E-16,1.499759782662E-32,1.));
#1751 = DIRECTION('',(1.,-1.247186812794E-16,1.224646799147E-16));
#1752 = ORIENTED_EDGE('',*,*,#1744,.F.);
#1753 = SPHERICAL_SURFACE('',#1754,1.53);
#1754 = AXIS2_PLACEMENT_3D('',#1755,#1756,#1757);
#1755 = CARTESIAN_POINT('',(0.,0.15,0.));
#1756 = DIRECTION('',(-1.836970198721E-16,-1.,0.));
#1757 = DIRECTION('',(-1.,1.836970198721E-16,0.));
#1758 = ( GEOMETRIC_REPRESENTATION_CONTEXT(3) 
GLOBAL_UNCERTAINTY_ASSIGNED_CONTEXT((#1762)) 
GLOBAL_UNIT_ASSIGNED_CONTEXT((#1759,#1760,#1761)) REPRESENTATION_CONTEXT
('Context #1','3D Context with UNIT and UNCERTAINTY') );
#1759 = ( LENGTH_UNIT() NAMED_UNIT(*) SI_UNIT(.MILLI.,.METRE.) );
#1760 = ( NAMED_UNIT(*) PLANE_ANGLE_UNIT() SI_UNIT($,.RADIAN.) );
#1761 = ( NAMED_UNIT(*) SI_UNIT($,.STERADIAN.) SOLID_ANGLE_UNIT() );
#1762 = UNCERTAINTY_MEASURE_WITH_UNIT(LENGTH_MEASURE(1.E-07),#1759,
  'distance_accuracy_value','confusion accuracy');
#1763 = CONTEXT_DEPENDENT_SHAPE_REPRESENTATION(#1764,#1766);
#1764 = ( REPRESENTATION_RELATIONSHIP('','',#1531,#119) 
REPRESENTATION_RELATIONSHIP_WITH_TRANSFORMATION(#1765) 
SHAPE_REPRESENTATION_RELATIONSHIP() );
#1765 = ITEM_DEFINED_TRANSFORMATION('','',#11,#124);
#1766 = PRODUCT_DEFINITION_SHAPE('Placement','Placement of an item',
  #1767);
#1767 = NEXT_ASSEMBLY_USAGE_OCCURRENCE('6','2610-00066-DOME:1','',#114,
  #1526,$);
#1768 = PRODUCT_RELATED_PRODUCT_CATEGORY('part',$,(#1528));
#1769 = CONTEXT_DEPENDENT_SHAPE_REPRESENTATION(#1770,#1772);
#1770 = ( REPRESENTATION_RELATIONSHIP('','',#96,#10) 
REPRESENTATION_RELATIONSHIP_WITH_TRANSFORMATION(#1771) 
SHAPE_REPRESENTATION_RELATIONSHIP() );
#1771 = ITEM_DEFINED_TRANSFORMATION('','',#11,#19);
#1772 = PRODUCT_DEFINITION_SHAPE('Placement','Placement of an item',
  #1773);
#1773 = NEXT_ASSEMBLY_USAGE_OCCURRENCE('9','D8','',#5,#91,$);
#1774 = CONTEXT_DEPENDENT_SHAPE_REPRESENTATION(#1775,#1777);
#1775 = ( REPRESENTATION_RELATIONSHIP('','',#96,#10) 
REPRESENTATION_RELATIONSHIP_WITH_TRANSFORMATION(#1776) 
SHAPE_REPRESENTATION_RELATIONSHIP() );
#1776 = ITEM_DEFINED_TRANSFORMATION('','',#11,#23);
#1777 = PRODUCT_DEFINITION_SHAPE('Placement','Placement of an item',
  #1778);
#1778 = NEXT_ASSEMBLY_USAGE_OCCURRENCE('10','D2','',#5,#91,$);
#1779 = CONTEXT_DEPENDENT_SHAPE_REPRESENTATION(#1780,#1782);
#1780 = ( REPRESENTATION_RELATIONSHIP('','',#96,#10) 
REPRESENTATION_RELATIONSHIP_WITH_TRANSFORMATION(#1781) 
SHAPE_REPRESENTATION_RELATIONSHIP() );
#1781 = ITEM_DEFINED_TRANSFORMATION('','',#11,#27);
#1782 = PRODUCT_DEFINITION_SHAPE('Placement','Placement of an item',
  #1783);
#1783 = NEXT_ASSEMBLY_USAGE_OCCURRENCE('11','D7','',#5,#91,$);
#1784 = CONTEXT_DEPENDENT_SHAPE_REPRESENTATION(#1785,#1787);
#1785 = ( REPRESENTATION_RELATIONSHIP('','',#96,#10) 
REPRESENTATION_RELATIONSHIP_WITH_TRANSFORMATION(#1786) 
SHAPE_REPRESENTATION_RELATIONSHIP() );
#1786 = ITEM_DEFINED_TRANSFORMATION('','',#11,#31);
#1787 = PRODUCT_DEFINITION_SHAPE('Placement','Placement of an item',
  #1788);
#1788 = NEXT_ASSEMBLY_USAGE_OCCURRENCE('12','D4','',#5,#91,$);
#1789 = CONTEXT_DEPENDENT_SHAPE_REPRESENTATION(#1790,#1792);
#1790 = ( REPRESENTATION_RELATIONSHIP('','',#96,#10) 
REPRESENTATION_RELATIONSHIP_WITH_TRANSFORMATION(#1791) 
SHAPE_REPRESENTATION_RELATIONSHIP() );
#1791 = ITEM_DEFINED_TRANSFORMATION('','',#11,#35);
#1792 = PRODUCT_DEFINITION_SHAPE('Placement','Placement of an item',
  #1793);
#1793 = NEXT_ASSEMBLY_USAGE_OCCURRENCE('13','D9','',#5,#91,$);
#1794 = CONTEXT_DEPENDENT_SHAPE_REPRESENTATION(#1795,#1797);
#1795 = ( REPRESENTATION_RELATIONSHIP('','',#96,#10) 
REPRESENTATION_RELATIONSHIP_WITH_TRANSFORMATION(#1796) 
SHAPE_REPRESENTATION_RELATIONSHIP() );
#1796 = ITEM_DEFINED_TRANSFORMATION('','',#11,#39);
#1797 = PRODUCT_DEFINITION_SHAPE('Placement','Placement of an item',
  #1798);
#1798 = NEXT_ASSEMBLY_USAGE_OCCURRENCE('14','D1','',#5,#91,$);
#1799 = CONTEXT_DEPENDENT_SHAPE_REPRESENTATION(#1800,#1802);
#1800 = ( REPRESENTATION_RELATIONSHIP('','',#96,#10) 
REPRESENTATION_RELATIONSHIP_WITH_TRANSFORMATION(#1801) 
SHAPE_REPRESENTATION_RELATIONSHIP() );
#1801 = ITEM_DEFINED_TRANSFORMATION('','',#11,#43);
#1802 = PRODUCT_DEFINITION_SHAPE('Placement','Placement of an item',
  #1803);
#1803 = NEXT_ASSEMBLY_USAGE_OCCURRENCE('15','D6','',#5,#91,$);
#1804 = CONTEXT_DEPENDENT_SHAPE_REPRESENTATION(#1805,#1807);
#1805 = ( REPRESENTATION_RELATIONSHIP('','',#96,#10) 
REPRESENTATION_RELATIONSHIP_WITH_TRANSFORMATION(#1806) 
SHAPE_REPRESENTATION_RELATIONSHIP() );
#1806 = ITEM_DEFINED_TRANSFORMATION('','',#11,#47);
#1807 = PRODUCT_DEFINITION_SHAPE('Placement','Placement of an item',
  #1808);
#1808 = NEXT_ASSEMBLY_USAGE_OCCURRENCE('16','D5','',#5,#91,$);
#1809 = SHAPE_DEFINITION_REPRESENTATION(#1810,#1816);
#1810 = PRODUCT_DEFINITION_SHAPE('','',#1811);
#1811 = PRODUCT_DEFINITION('design','',#1812,#1815);
#1812 = PRODUCT_DEFINITION_FORMATION('','',#1813);
#1813 = PRODUCT('R_0603_1608Metric','R_0603_1608Metric','',(#1814));
#1814 = PRODUCT_CONTEXT('',#2,'mechanical');
#1815 = PRODUCT_DEFINITION_CONTEXT('part definition',#2,'design');
#1816 = SHAPE_REPRESENTATION('',(#11,#1817),#1821);
#1817 = AXIS2_PLACEMENT_3D('',#1818,#1819,#1820);
#1818 = CARTESIAN_POINT('',(0.,0.,0.));
#1819 = DIRECTION('',(0.,0.,1.));
#1820 = DIRECTION('',(1.,0.,-0.));
#1821 = ( GEOMETRIC_REPRESENTATION_CONTEXT(3) 
GLOBAL_UNCERTAINTY_ASSIGNED_CONTEXT((#1825)) 
GLOBAL_UNIT_ASSIGNED_CONTEXT((#1822,#1823,#1824)) REPRESENTATION_CONTEXT
('Context #1','3D Context with UNIT and UNCERTAINTY') );
#1822 = ( LENGTH_UNIT() NAMED_UNIT(*) SI_UNIT(.MILLI.,.METRE.) );
#1823 = ( NAMED_UNIT(*) PLANE_ANGLE_UNIT() SI_UNIT($,.RADIAN.) );
#1824 = ( NAMED_UNIT(*) SI_UNIT($,.STERADIAN.) SOLID_ANGLE_UNIT() );
#1825 = UNCERTAINTY_MEASURE_WITH_UNIT(LENGTH_MEASURE(1.E-07),#1822,
  'distance_accuracy_value','confusion accuracy');
#1826 = CONTEXT_DEPENDENT_SHAPE_REPRESENTATION(#1827,#1829);
#1827 = ( REPRESENTATION_RELATIONSHIP('','',#1816,#10) 
REPRESENTATION_RELATIONSHIP_WITH_TRANSFORMATION(#1828) 
SHAPE_REPRESENTATION_RELATIONSHIP() );
#1828 = ITEM_DEFINED_TRANSFORMATION('','',#11,#51);
#1829 = PRODUCT_DEFINITION_SHAPE('Placement','Placement of an item',
  #1830);
#1830 = NEXT_ASSEMBLY_USAGE_OCCURRENCE('18','R5','',#5,#1811,$);
#1831 = PRODUCT_RELATED_PRODUCT_CATEGORY('part',$,(#1813));
#1832 = SHAPE_DEFINITION_REPRESENTATION(#1833,#1839);
#1833 = PRODUCT_DEFINITION_SHAPE('','',#1834);
#1834 = PRODUCT_DEFINITION('design','',#1835,#1838);
#1835 = PRODUCT_DEFINITION_FORMATION('','',#1836);
#1836 = PRODUCT('R_0603_1608Metric','R_0603_1608Metric','',(#1837));
#1837 = PRODUCT_CONTEXT('',#2,'mechanical');
#1838 = PRODUCT_DEFINITION_CONTEXT('part definition',#2,'design');
#1839 = ADVANCED_BREP_SHAPE_REPRESENTATION('',(#11,#1840),#2630);
#1840 = MANIFOLD_SOLID_BREP('',#1841);
#1841 = CLOSED_SHELL('',(#1842,#1882,#1965,#1990,#2015,#2082,#2099,#2116
    ,#2165,#2182,#2199,#2248,#2265,#2334,#2365,#2389,#2458,#2482,#2499,
    #2516,#2533,#2550,#2567,#2584,#2601,#2618));
#1842 = ADVANCED_FACE('',(#1843),#1877,.F.);
#1843 = FACE_BOUND('',#1844,.F.);
#1844 = EDGE_LOOP('',(#1845,#1855,#1863,#1871));
#1845 = ORIENTED_EDGE('',*,*,#1846,.F.);
#1846 = EDGE_CURVE('',#1847,#1849,#1851,.T.);
#1847 = VERTEX_POINT('',#1848);
#1848 = CARTESIAN_POINT('',(-0.8,-0.4,4.5E-02));
#1849 = VERTEX_POINT('',#1850);
#1850 = CARTESIAN_POINT('',(-0.8,-0.4,0.405));
#1851 = LINE('',#1852,#1853);
#1852 = CARTESIAN_POINT('',(-0.8,-0.4,0.));
#1853 = VECTOR('',#1854,1.);
#1854 = DIRECTION('',(0.,0.,1.));
#1855 = ORIENTED_EDGE('',*,*,#1856,.T.);
#1856 = EDGE_CURVE('',#1847,#1857,#1859,.T.);
#1857 = VERTEX_POINT('',#1858);
#1858 = CARTESIAN_POINT('',(-0.8,0.4,4.5E-02));
#1859 = LINE('',#1860,#1861);
#1860 = CARTESIAN_POINT('',(-0.8,-0.4,4.5E-02));
#1861 = VECTOR('',#1862,1.);
#1862 = DIRECTION('',(0.,1.,0.));
#1863 = ORIENTED_EDGE('',*,*,#1864,.T.);
#1864 = EDGE_CURVE('',#1857,#1865,#1867,.T.);
#1865 = VERTEX_POINT('',#1866);
#1866 = CARTESIAN_POINT('',(-0.8,0.4,0.405));
#1867 = LINE('',#1868,#1869);
#1868 = CARTESIAN_POINT('',(-0.8,0.4,0.));
#1869 = VECTOR('',#1870,1.);
#1870 = DIRECTION('',(0.,0.,1.));
#1871 = ORIENTED_EDGE('',*,*,#1872,.F.);
#1872 = EDGE_CURVE('',#1849,#1865,#1873,.T.);
#1873 = LINE('',#1874,#1875);
#1874 = CARTESIAN_POINT('',(-0.8,-0.4,0.405));
#1875 = VECTOR('',#1876,1.);
#1876 = DIRECTION('',(0.,1.,0.));
#1877 = PLANE('',#1878);
#1878 = AXIS2_PLACEMENT_3D('',#1879,#1880,#1881);
#1879 = CARTESIAN_POINT('',(-0.8,-0.4,0.));
#1880 = DIRECTION('',(1.,0.,0.));
#1881 = DIRECTION('',(0.,0.,1.));
#1882 = ADVANCED_FACE('',(#1883),#1960,.F.);
#1883 = FACE_BOUND('',#1884,.F.);
#1884 = EDGE_LOOP('',(#1885,#1895,#1902,#1903,#1912,#1920,#1929,#1937,
    #1945,#1953));
#1885 = ORIENTED_EDGE('',*,*,#1886,.F.);
#1886 = EDGE_CURVE('',#1887,#1889,#1891,.T.);
#1887 = VERTEX_POINT('',#1888);
#1888 = CARTESIAN_POINT('',(-0.755,-0.4,-2.775557561563E-17));
#1889 = VERTEX_POINT('',#1890);
#1890 = CARTESIAN_POINT('',(-0.545,-0.4,-2.775557561563E-17));
#1891 = LINE('',#1892,#1893);
#1892 = CARTESIAN_POINT('',(-0.8,-0.4,0.));
#1893 = VECTOR('',#1894,1.);
#1894 = DIRECTION('',(1.,0.,0.));
#1895 = ORIENTED_EDGE('',*,*,#1896,.F.);
#1896 = EDGE_CURVE('',#1847,#1887,#1897,.T.);
#1897 = CIRCLE('',#1898,4.5E-02);
#1898 = AXIS2_PLACEMENT_3D('',#1899,#1900,#1901);
#1899 = CARTESIAN_POINT('',(-0.755,-0.4,4.5E-02));
#1900 = DIRECTION('',(0.,-1.,0.));
#1901 = DIRECTION('',(0.,0.,1.));
#1902 = ORIENTED_EDGE('',*,*,#1846,.T.);
#1903 = ORIENTED_EDGE('',*,*,#1904,.T.);
#1904 = EDGE_CURVE('',#1849,#1905,#1907,.T.);
#1905 = VERTEX_POINT('',#1906);
#1906 = CARTESIAN_POINT('',(-0.755,-0.4,0.45));
#1907 = CIRCLE('',#1908,4.5E-02);
#1908 = AXIS2_PLACEMENT_3D('',#1909,#1910,#1911);
#1909 = CARTESIAN_POINT('',(-0.755,-0.4,0.405));
#1910 = DIRECTION('',(0.,1.,0.));
#1911 = DIRECTION('',(0.,-0.,1.));
#1912 = ORIENTED_EDGE('',*,*,#1913,.T.);
#1913 = EDGE_CURVE('',#1905,#1914,#1916,.T.);
#1914 = VERTEX_POINT('',#1915);
#1915 = CARTESIAN_POINT('',(-0.545,-0.4,0.45));
#1916 = LINE('',#1917,#1918);
#1917 = CARTESIAN_POINT('',(-0.8,-0.4,0.45));
#1918 = VECTOR('',#1919,1.);
#1919 = DIRECTION('',(1.,0.,0.));
#1920 = ORIENTED_EDGE('',*,*,#1921,.F.);
#1921 = EDGE_CURVE('',#1922,#1914,#1924,.T.);
#1922 = VERTEX_POINT('',#1923);
#1923 = CARTESIAN_POINT('',(-0.5,-0.4,0.405));
#1924 = CIRCLE('',#1925,4.5E-02);
#1925 = AXIS2_PLACEMENT_3D('',#1926,#1927,#1928);
#1926 = CARTESIAN_POINT('',(-0.545,-0.4,0.405));
#1927 = DIRECTION('',(0.,-1.,0.));
#1928 = DIRECTION('',(0.,0.,1.));
#1929 = ORIENTED_EDGE('',*,*,#1930,.F.);
#1930 = EDGE_CURVE('',#1931,#1922,#1933,.T.);
#1931 = VERTEX_POINT('',#1932);
#1932 = CARTESIAN_POINT('',(-0.755,-0.4,0.405));
#1933 = LINE('',#1934,#1935);
#1934 = CARTESIAN_POINT('',(-0.755,-0.4,0.405));
#1935 = VECTOR('',#1936,1.);
#1936 = DIRECTION('',(1.,0.,0.));
#1937 = ORIENTED_EDGE('',*,*,#1938,.F.);
#1938 = EDGE_CURVE('',#1939,#1931,#1941,.T.);
#1939 = VERTEX_POINT('',#1940);
#1940 = CARTESIAN_POINT('',(-0.755,-0.4,4.5E-02));
#1941 = LINE('',#1942,#1943);
#1942 = CARTESIAN_POINT('',(-0.755,-0.4,4.5E-02));
#1943 = VECTOR('',#1944,1.);
#1944 = DIRECTION('',(0.,0.,1.));
#1945 = ORIENTED_EDGE('',*,*,#1946,.T.);
#1946 = EDGE_CURVE('',#1939,#1947,#1949,.T.);
#1947 = VERTEX_POINT('',#1948);
#1948 = CARTESIAN_POINT('',(-0.5,-0.4,4.5E-02));
#1949 = LINE('',#1950,#1951);
#1950 = CARTESIAN_POINT('',(-0.755,-0.4,4.5E-02));
#1951 = VECTOR('',#1952,1.);
#1952 = DIRECTION('',(1.,0.,0.));
#1953 = ORIENTED_EDGE('',*,*,#1954,.T.);
#1954 = EDGE_CURVE('',#1947,#1889,#1955,.T.);
#1955 = CIRCLE('',#1956,4.5E-02);
#1956 = AXIS2_PLACEMENT_3D('',#1957,#1958,#1959);
#1957 = CARTESIAN_POINT('',(-0.545,-0.4,4.5E-02));
#1958 = DIRECTION('',(0.,1.,0.));
#1959 = DIRECTION('',(0.,-0.,1.));
#1960 = PLANE('',#1961);
#1961 = AXIS2_PLACEMENT_3D('',#1962,#1963,#1964);
#1962 = CARTESIAN_POINT('',(-0.8,-0.4,0.));
#1963 = DIRECTION('',(0.,1.,0.));
#1964 = DIRECTION('',(0.,-0.,1.));
#1965 = ADVANCED_FACE('',(#1966),#1985,.T.);
#1966 = FACE_BOUND('',#1967,.T.);
#1967 = EDGE_LOOP('',(#1968,#1969,#1978,#1984));
#1968 = ORIENTED_EDGE('',*,*,#1856,.T.);
#1969 = ORIENTED_EDGE('',*,*,#1970,.T.);
#1970 = EDGE_CURVE('',#1857,#1971,#1973,.T.);
#1971 = VERTEX_POINT('',#1972);
#1972 = CARTESIAN_POINT('',(-0.755,0.4,-2.775557561563E-17));
#1973 = CIRCLE('',#1974,4.5E-02);
#1974 = AXIS2_PLACEMENT_3D('',#1975,#1976,#1977);
#1975 = CARTESIAN_POINT('',(-0.755,0.4,4.5E-02));
#1976 = DIRECTION('',(0.,-1.,0.));
#1977 = DIRECTION('',(0.,0.,1.));
#1978 = ORIENTED_EDGE('',*,*,#1979,.F.);
#1979 = EDGE_CURVE('',#1887,#1971,#1980,.T.);
#1980 = LINE('',#1981,#1982);
#1981 = CARTESIAN_POINT('',(-0.755,-0.4,-2.775557561563E-17));
#1982 = VECTOR('',#1983,1.);
#1983 = DIRECTION('',(0.,1.,0.));
#1984 = ORIENTED_EDGE('',*,*,#1896,.F.);
#1985 = CYLINDRICAL_SURFACE('',#1986,4.5E-02);
#1986 = AXIS2_PLACEMENT_3D('',#1987,#1988,#1989);
#1987 = CARTESIAN_POINT('',(-0.755,-0.4,4.5E-02));
#1988 = DIRECTION('',(0.,1.,0.));
#1989 = DIRECTION('',(-1.,0.,0.));
#1990 = ADVANCED_FACE('',(#1991),#2010,.T.);
#1991 = FACE_BOUND('',#1992,.T.);
#1992 = EDGE_LOOP('',(#1993,#1994,#2002,#2009));
#1993 = ORIENTED_EDGE('',*,*,#1904,.T.);
#1994 = ORIENTED_EDGE('',*,*,#1995,.T.);
#1995 = EDGE_CURVE('',#1905,#1996,#1998,.T.);
#1996 = VERTEX_POINT('',#1997);
#1997 = CARTESIAN_POINT('',(-0.755,0.4,0.45));
#1998 = LINE('',#1999,#2000);
#1999 = CARTESIAN_POINT('',(-0.755,-0.4,0.45));
#2000 = VECTOR('',#2001,1.);
#2001 = DIRECTION('',(0.,1.,0.));
#2002 = ORIENTED_EDGE('',*,*,#2003,.F.);
#2003 = EDGE_CURVE('',#1865,#1996,#2004,.T.);
#2004 = CIRCLE('',#2005,4.5E-02);
#2005 = AXIS2_PLACEMENT_3D('',#2006,#2007,#2008);
#2006 = CARTESIAN_POINT('',(-0.755,0.4,0.405));
#2007 = DIRECTION('',(0.,1.,0.));
#2008 = DIRECTION('',(0.,-0.,1.));
#2009 = ORIENTED_EDGE('',*,*,#1872,.F.);
#2010 = CYLINDRICAL_SURFACE('',#2011,4.5E-02);
#2011 = AXIS2_PLACEMENT_3D('',#2012,#2013,#2014);
#2012 = CARTESIAN_POINT('',(-0.755,-0.4,0.405));
#2013 = DIRECTION('',(0.,1.,0.));
#2014 = DIRECTION('',(-1.,0.,0.));
#2015 = ADVANCED_FACE('',(#2016),#2077,.T.);
#2016 = FACE_BOUND('',#2017,.T.);
#2017 = EDGE_LOOP('',(#2018,#2026,#2027,#2028,#2029,#2037,#2046,#2054,
    #2062,#2070));
#2018 = ORIENTED_EDGE('',*,*,#2019,.F.);
#2019 = EDGE_CURVE('',#1971,#2020,#2022,.T.);
#2020 = VERTEX_POINT('',#2021);
#2021 = CARTESIAN_POINT('',(-0.545,0.4,-2.775557561563E-17));
#2022 = LINE('',#2023,#2024);
#2023 = CARTESIAN_POINT('',(-0.8,0.4,0.));
#2024 = VECTOR('',#2025,1.);
#2025 = DIRECTION('',(1.,0.,0.));
#2026 = ORIENTED_EDGE('',*,*,#1970,.F.);
#2027 = ORIENTED_EDGE('',*,*,#1864,.T.);
#2028 = ORIENTED_EDGE('',*,*,#2003,.T.);
#2029 = ORIENTED_EDGE('',*,*,#2030,.T.);
#2030 = EDGE_CURVE('',#1996,#2031,#2033,.T.);
#2031 = VERTEX_POINT('',#2032);
#2032 = CARTESIAN_POINT('',(-0.545,0.4,0.45));
#2033 = LINE('',#2034,#2035);
#2034 = CARTESIAN_POINT('',(-0.8,0.4,0.45));
#2035 = VECTOR('',#2036,1.);
#2036 = DIRECTION('',(1.,0.,0.));
#2037 = ORIENTED_EDGE('',*,*,#2038,.F.);
#2038 = EDGE_CURVE('',#2039,#2031,#2041,.T.);
#2039 = VERTEX_POINT('',#2040);
#2040 = CARTESIAN_POINT('',(-0.5,0.4,0.405));
#2041 = CIRCLE('',#2042,4.5E-02);
#2042 = AXIS2_PLACEMENT_3D('',#2043,#2044,#2045);
#2043 = CARTESIAN_POINT('',(-0.545,0.4,0.405));
#2044 = DIRECTION('',(0.,-1.,0.));
#2045 = DIRECTION('',(0.,0.,1.));
#2046 = ORIENTED_EDGE('',*,*,#2047,.F.);
#2047 = EDGE_CURVE('',#2048,#2039,#2050,.T.);
#2048 = VERTEX_POINT('',#2049);
#2049 = CARTESIAN_POINT('',(-0.755,0.4,0.405));
#2050 = LINE('',#2051,#2052);
#2051 = CARTESIAN_POINT('',(-0.755,0.4,0.405));
#2052 = VECTOR('',#2053,1.);
#2053 = DIRECTION('',(1.,0.,0.));
#2054 = ORIENTED_EDGE('',*,*,#2055,.F.);
#2055 = EDGE_CURVE('',#2056,#2048,#2058,.T.);
#2056 = VERTEX_POINT('',#2057);
#2057 = CARTESIAN_POINT('',(-0.755,0.4,4.5E-02));
#2058 = LINE('',#2059,#2060);
#2059 = CARTESIAN_POINT('',(-0.755,0.4,4.5E-02));
#2060 = VECTOR('',#2061,1.);
#2061 = DIRECTION('',(0.,0.,1.));
#2062 = ORIENTED_EDGE('',*,*,#2063,.T.);
#2063 = EDGE_CURVE('',#2056,#2064,#2066,.T.);
#2064 = VERTEX_POINT('',#2065);
#2065 = CARTESIAN_POINT('',(-0.5,0.4,4.5E-02));
#2066 = LINE('',#2067,#2068);
#2067 = CARTESIAN_POINT('',(-0.755,0.4,4.5E-02));
#2068 = VECTOR('',#2069,1.);
#2069 = DIRECTION('',(1.,0.,0.));
#2070 = ORIENTED_EDGE('',*,*,#2071,.T.);
#2071 = EDGE_CURVE('',#2064,#2020,#2072,.T.);
#2072 = CIRCLE('',#2073,4.5E-02);
#2073 = AXIS2_PLACEMENT_3D('',#2074,#2075,#2076);
#2074 = CARTESIAN_POINT('',(-0.545,0.4,4.5E-02));
#2075 = DIRECTION('',(0.,1.,0.));
#2076 = DIRECTION('',(0.,-0.,1.));
#2077 = PLANE('',#2078);
#2078 = AXIS2_PLACEMENT_3D('',#2079,#2080,#2081);
#2079 = CARTESIAN_POINT('',(-0.8,0.4,0.));
#2080 = DIRECTION('',(0.,1.,0.));
#2081 = DIRECTION('',(0.,-0.,1.));
#2082 = ADVANCED_FACE('',(#2083),#2094,.F.);
#2083 = FACE_BOUND('',#2084,.F.);
#2084 = EDGE_LOOP('',(#2085,#2086,#2087,#2088));
#2085 = ORIENTED_EDGE('',*,*,#2019,.F.);
#2086 = ORIENTED_EDGE('',*,*,#1979,.F.);
#2087 = ORIENTED_EDGE('',*,*,#1886,.T.);
#2088 = ORIENTED_EDGE('',*,*,#2089,.T.);
#2089 = EDGE_CURVE('',#1889,#2020,#2090,.T.);
#2090 = LINE('',#2091,#2092);
#2091 = CARTESIAN_POINT('',(-0.545,-0.4,-2.775557561563E-17));
#2092 = VECTOR('',#2093,1.);
#2093 = DIRECTION('',(0.,1.,0.));
#2094 = PLANE('',#2095);
#2095 = AXIS2_PLACEMENT_3D('',#2096,#2097,#2098);
#2096 = CARTESIAN_POINT('',(-0.8,-0.4,0.));
#2097 = DIRECTION('',(0.,0.,1.));
#2098 = DIRECTION('',(1.,0.,-0.));
#2099 = ADVANCED_FACE('',(#2100),#2111,.T.);
#2100 = FACE_BOUND('',#2101,.T.);
#2101 = EDGE_LOOP('',(#2102,#2103,#2104,#2105));
#2102 = ORIENTED_EDGE('',*,*,#1954,.T.);
#2103 = ORIENTED_EDGE('',*,*,#2089,.T.);
#2104 = ORIENTED_EDGE('',*,*,#2071,.F.);
#2105 = ORIENTED_EDGE('',*,*,#2106,.F.);
#2106 = EDGE_CURVE('',#1947,#2064,#2107,.T.);
#2107 = LINE('',#2108,#2109);
#2108 = CARTESIAN_POINT('',(-0.5,-0.4,4.5E-02));
#2109 = VECTOR('',#2110,1.);
#2110 = DIRECTION('',(0.,1.,0.));
#2111 = CYLINDRICAL_SURFACE('',#2112,4.5E-02);
#2112 = AXIS2_PLACEMENT_3D('',#2113,#2114,#2115);
#2113 = CARTESIAN_POINT('',(-0.545,-0.4,4.5E-02));
#2114 = DIRECTION('',(0.,1.,0.));
#2115 = DIRECTION('',(1.,0.,0.));
#2116 = ADVANCED_FACE('',(#2117),#2160,.F.);
#2117 = FACE_BOUND('',#2118,.F.);
#2118 = EDGE_LOOP('',(#2119,#2120,#2121,#2122,#2130,#2138,#2146,#2154));
#2119 = ORIENTED_EDGE('',*,*,#1946,.F.);
#2120 = ORIENTED_EDGE('',*,*,#1938,.T.);
#2121 = ORIENTED_EDGE('',*,*,#1930,.T.);
#2122 = ORIENTED_EDGE('',*,*,#2123,.T.);
#2123 = EDGE_CURVE('',#1922,#2124,#2126,.T.);
#2124 = VERTEX_POINT('',#2125);
#2125 = CARTESIAN_POINT('',(0.5,-0.4,0.405));
#2126 = LINE('',#2127,#2128);
#2127 = CARTESIAN_POINT('',(-0.5,-0.4,0.405));
#2128 = VECTOR('',#2129,1.);
#2129 = DIRECTION('',(1.,0.,0.));
#2130 = ORIENTED_EDGE('',*,*,#2131,.T.);
#2131 = EDGE_CURVE('',#2124,#2132,#2134,.T.);
#2132 = VERTEX_POINT('',#2133);
#2133 = CARTESIAN_POINT('',(0.755,-0.4,0.405));
#2134 = LINE('',#2135,#2136);
#2135 = CARTESIAN_POINT('',(-0.755,-0.4,0.405));
#2136 = VECTOR('',#2137,1.);
#2137 = DIRECTION('',(1.,0.,0.));
#2138 = ORIENTED_EDGE('',*,*,#2139,.F.);
#2139 = EDGE_CURVE('',#2140,#2132,#2142,.T.);
#2140 = VERTEX_POINT('',#2141);
#2141 = CARTESIAN_POINT('',(0.755,-0.4,4.5E-02));
#2142 = LINE('',#2143,#2144);
#2143 = CARTESIAN_POINT('',(0.755,-0.4,4.5E-02));
#2144 = VECTOR('',#2145,1.);
#2145 = DIRECTION('',(0.,0.,1.));
#2146 = ORIENTED_EDGE('',*,*,#2147,.F.);
#2147 = EDGE_CURVE('',#2148,#2140,#2150,.T.);
#2148 = VERTEX_POINT('',#2149);
#2149 = CARTESIAN_POINT('',(0.5,-0.4,4.5E-02));
#2150 = LINE('',#2151,#2152);
#2151 = CARTESIAN_POINT('',(-0.755,-0.4,4.5E-02));
#2152 = VECTOR('',#2153,1.);
#2153 = DIRECTION('',(1.,0.,0.));
#2154 = ORIENTED_EDGE('',*,*,#2155,.F.);
#2155 = EDGE_CURVE('',#1947,#2148,#2156,.T.);
#2156 = LINE('',#2157,#2158);
#2157 = CARTESIAN_POINT('',(-0.755,-0.4,4.5E-02));
#2158 = VECTOR('',#2159,1.);
#2159 = DIRECTION('',(1.,0.,0.));
#2160 = PLANE('',#2161);
#2161 = AXIS2_PLACEMENT_3D('',#2162,#2163,#2164);
#2162 = CARTESIAN_POINT('',(-0.755,-0.4,4.5E-02));
#2163 = DIRECTION('',(0.,1.,0.));
#2164 = DIRECTION('',(0.,-0.,1.));
#2165 = ADVANCED_FACE('',(#2166),#2177,.T.);
#2166 = FACE_BOUND('',#2167,.T.);
#2167 = EDGE_LOOP('',(#2168,#2169,#2170,#2171));
#2168 = ORIENTED_EDGE('',*,*,#2030,.F.);
#2169 = ORIENTED_EDGE('',*,*,#1995,.F.);
#2170 = ORIENTED_EDGE('',*,*,#1913,.T.);
#2171 = ORIENTED_EDGE('',*,*,#2172,.T.);
#2172 = EDGE_CURVE('',#1914,#2031,#2173,.T.);
#2173 = LINE('',#2174,#2175);
#2174 = CARTESIAN_POINT('',(-0.545,-0.4,0.45));
#2175 = VECTOR('',#2176,1.);
#2176 = DIRECTION('',(0.,1.,0.));
#2177 = PLANE('',#2178);
#2178 = AXIS2_PLACEMENT_3D('',#2179,#2180,#2181);
#2179 = CARTESIAN_POINT('',(-0.8,-0.4,0.45));
#2180 = DIRECTION('',(0.,0.,1.));
#2181 = DIRECTION('',(1.,0.,-0.));
#2182 = ADVANCED_FACE('',(#2183),#2194,.T.);
#2183 = FACE_BOUND('',#2184,.T.);
#2184 = EDGE_LOOP('',(#2185,#2191,#2192,#2193));
#2185 = ORIENTED_EDGE('',*,*,#2186,.T.);
#2186 = EDGE_CURVE('',#1922,#2039,#2187,.T.);
#2187 = LINE('',#2188,#2189);
#2188 = CARTESIAN_POINT('',(-0.5,-0.4,0.405));
#2189 = VECTOR('',#2190,1.);
#2190 = DIRECTION('',(0.,1.,0.));
#2191 = ORIENTED_EDGE('',*,*,#2038,.T.);
#2192 = ORIENTED_EDGE('',*,*,#2172,.F.);
#2193 = ORIENTED_EDGE('',*,*,#1921,.F.);
#2194 = CYLINDRICAL_SURFACE('',#2195,4.5E-02);
#2195 = AXIS2_PLACEMENT_3D('',#2196,#2197,#2198);
#2196 = CARTESIAN_POINT('',(-0.545,-0.4,0.405));
#2197 = DIRECTION('',(0.,1.,0.));
#2198 = DIRECTION('',(1.,0.,0.));
#2199 = ADVANCED_FACE('',(#2200),#2243,.T.);
#2200 = FACE_BOUND('',#2201,.T.);
#2201 = EDGE_LOOP('',(#2202,#2203,#2204,#2205,#2213,#2221,#2229,#2237));
#2202 = ORIENTED_EDGE('',*,*,#2063,.F.);
#2203 = ORIENTED_EDGE('',*,*,#2055,.T.);
#2204 = ORIENTED_EDGE('',*,*,#2047,.T.);
#2205 = ORIENTED_EDGE('',*,*,#2206,.T.);
#2206 = EDGE_CURVE('',#2039,#2207,#2209,.T.);
#2207 = VERTEX_POINT('',#2208);
#2208 = CARTESIAN_POINT('',(0.5,0.4,0.405));
#2209 = LINE('',#2210,#2211);
#2210 = CARTESIAN_POINT('',(-0.5,0.4,0.405));
#2211 = VECTOR('',#2212,1.);
#2212 = DIRECTION('',(1.,0.,0.));
#2213 = ORIENTED_EDGE('',*,*,#2214,.T.);
#2214 = EDGE_CURVE('',#2207,#2215,#2217,.T.);
#2215 = VERTEX_POINT('',#2216);
#2216 = CARTESIAN_POINT('',(0.755,0.4,0.405));
#2217 = LINE('',#2218,#2219);
#2218 = CARTESIAN_POINT('',(-0.755,0.4,0.405));
#2219 = VECTOR('',#2220,1.);
#2220 = DIRECTION('',(1.,0.,0.));
#2221 = ORIENTED_EDGE('',*,*,#2222,.F.);
#2222 = EDGE_CURVE('',#2223,#2215,#2225,.T.);
#2223 = VERTEX_POINT('',#2224);
#2224 = CARTESIAN_POINT('',(0.755,0.4,4.5E-02));
#2225 = LINE('',#2226,#2227);
#2226 = CARTESIAN_POINT('',(0.755,0.4,4.5E-02));
#2227 = VECTOR('',#2228,1.);
#2228 = DIRECTION('',(0.,0.,1.));
#2229 = ORIENTED_EDGE('',*,*,#2230,.F.);
#2230 = EDGE_CURVE('',#2231,#2223,#2233,.T.);
#2231 = VERTEX_POINT('',#2232);
#2232 = CARTESIAN_POINT('',(0.5,0.4,4.5E-02));
#2233 = LINE('',#2234,#2235);
#2234 = CARTESIAN_POINT('',(-0.755,0.4,4.5E-02));
#2235 = VECTOR('',#2236,1.);
#2236 = DIRECTION('',(1.,0.,0.));
#2237 = ORIENTED_EDGE('',*,*,#2238,.F.);
#2238 = EDGE_CURVE('',#2064,#2231,#2239,.T.);
#2239 = LINE('',#2240,#2241);
#2240 = CARTESIAN_POINT('',(-0.755,0.4,4.5E-02));
#2241 = VECTOR('',#2242,1.);
#2242 = DIRECTION('',(1.,0.,0.));
#2243 = PLANE('',#2244);
#2244 = AXIS2_PLACEMENT_3D('',#2245,#2246,#2247);
#2245 = CARTESIAN_POINT('',(-0.755,0.4,4.5E-02));
#2246 = DIRECTION('',(0.,1.,0.));
#2247 = DIRECTION('',(0.,-0.,1.));
#2248 = ADVANCED_FACE('',(#2249),#2260,.F.);
#2249 = FACE_BOUND('',#2250,.F.);
#2250 = EDGE_LOOP('',(#2251,#2252,#2253,#2259));
#2251 = ORIENTED_EDGE('',*,*,#2106,.F.);
#2252 = ORIENTED_EDGE('',*,*,#2155,.T.);
#2253 = ORIENTED_EDGE('',*,*,#2254,.T.);
#2254 = EDGE_CURVE('',#2148,#2231,#2255,.T.);
#2255 = LINE('',#2256,#2257);
#2256 = CARTESIAN_POINT('',(0.5,-0.4,4.5E-02));
#2257 = VECTOR('',#2258,1.);
#2258 = DIRECTION('',(0.,1.,0.));
#2259 = ORIENTED_EDGE('',*,*,#2238,.F.);
#2260 = PLANE('',#2261);
#2261 = AXIS2_PLACEMENT_3D('',#2262,#2263,#2264);
#2262 = CARTESIAN_POINT('',(-0.755,-0.4,4.5E-02));
#2263 = DIRECTION('',(0.,0.,1.));
#2264 = DIRECTION('',(1.,0.,-0.));
#2265 = ADVANCED_FACE('',(#2266),#2329,.F.);
#2266 = FACE_BOUND('',#2267,.F.);
#2267 = EDGE_LOOP('',(#2268,#2278,#2285,#2286,#2287,#2288,#2297,#2305,
    #2314,#2322));
#2268 = ORIENTED_EDGE('',*,*,#2269,.F.);
#2269 = EDGE_CURVE('',#2270,#2272,#2274,.T.);
#2270 = VERTEX_POINT('',#2271);
#2271 = CARTESIAN_POINT('',(0.545,-0.4,-2.775557561563E-17));
#2272 = VERTEX_POINT('',#2273);
#2273 = CARTESIAN_POINT('',(0.755,-0.4,-2.775557561563E-17));
#2274 = LINE('',#2275,#2276);
#2275 = CARTESIAN_POINT('',(0.5,-0.4,0.));
#2276 = VECTOR('',#2277,1.);
#2277 = DIRECTION('',(1.,0.,0.));
#2278 = ORIENTED_EDGE('',*,*,#2279,.F.);
#2279 = EDGE_CURVE('',#2148,#2270,#2280,.T.);
#2280 = CIRCLE('',#2281,4.5E-02);
#2281 = AXIS2_PLACEMENT_3D('',#2282,#2283,#2284);
#2282 = CARTESIAN_POINT('',(0.545,-0.4,4.5E-02));
#2283 = DIRECTION('',(0.,-1.,0.));
#2284 = DIRECTION('',(0.,0.,1.));
#2285 = ORIENTED_EDGE('',*,*,#2147,.T.);
#2286 = ORIENTED_EDGE('',*,*,#2139,.T.);
#2287 = ORIENTED_EDGE('',*,*,#2131,.F.);
#2288 = ORIENTED_EDGE('',*,*,#2289,.T.);
#2289 = EDGE_CURVE('',#2124,#2290,#2292,.T.);
#2290 = VERTEX_POINT('',#2291);
#2291 = CARTESIAN_POINT('',(0.545,-0.4,0.45));
#2292 = CIRCLE('',#2293,4.5E-02);
#2293 = AXIS2_PLACEMENT_3D('',#2294,#2295,#2296);
#2294 = CARTESIAN_POINT('',(0.545,-0.4,0.405));
#2295 = DIRECTION('',(0.,1.,0.));
#2296 = DIRECTION('',(0.,-0.,1.));
#2297 = ORIENTED_EDGE('',*,*,#2298,.T.);
#2298 = EDGE_CURVE('',#2290,#2299,#2301,.T.);
#2299 = VERTEX_POINT('',#2300);
#2300 = CARTESIAN_POINT('',(0.755,-0.4,0.45));
#2301 = LINE('',#2302,#2303);
#2302 = CARTESIAN_POINT('',(0.5,-0.4,0.45));
#2303 = VECTOR('',#2304,1.);
#2304 = DIRECTION('',(1.,0.,0.));
#2305 = ORIENTED_EDGE('',*,*,#2306,.F.);
#2306 = EDGE_CURVE('',#2307,#2299,#2309,.T.);
#2307 = VERTEX_POINT('',#2308);
#2308 = CARTESIAN_POINT('',(0.8,-0.4,0.405));
#2309 = CIRCLE('',#2310,4.5E-02);
#2310 = AXIS2_PLACEMENT_3D('',#2311,#2312,#2313);
#2311 = CARTESIAN_POINT('',(0.755,-0.4,0.405));
#2312 = DIRECTION('',(0.,-1.,0.));
#2313 = DIRECTION('',(0.,0.,1.));
#2314 = ORIENTED_EDGE('',*,*,#2315,.F.);
#2315 = EDGE_CURVE('',#2316,#2307,#2318,.T.);
#2316 = VERTEX_POINT('',#2317);
#2317 = CARTESIAN_POINT('',(0.8,-0.4,4.5E-02));
#2318 = LINE('',#2319,#2320);
#2319 = CARTESIAN_POINT('',(0.8,-0.4,0.));
#2320 = VECTOR('',#2321,1.);
#2321 = DIRECTION('',(0.,0.,1.));
#2322 = ORIENTED_EDGE('',*,*,#2323,.T.);
#2323 = EDGE_CURVE('',#2316,#2272,#2324,.T.);
#2324 = CIRCLE('',#2325,4.5E-02);
#2325 = AXIS2_PLACEMENT_3D('',#2326,#2327,#2328);
#2326 = CARTESIAN_POINT('',(0.755,-0.4,4.5E-02));
#2327 = DIRECTION('',(0.,1.,0.));
#2328 = DIRECTION('',(0.,-0.,1.));
#2329 = PLANE('',#2330);
#2330 = AXIS2_PLACEMENT_3D('',#2331,#2332,#2333);
#2331 = CARTESIAN_POINT('',(0.5,-0.4,0.));
#2332 = DIRECTION('',(0.,1.,0.));
#2333 = DIRECTION('',(0.,-0.,1.));
#2334 = ADVANCED_FACE('',(#2335),#2360,.F.);
#2335 = FACE_BOUND('',#2336,.F.);
#2336 = EDGE_LOOP('',(#2337,#2338,#2346,#2354));
#2337 = ORIENTED_EDGE('',*,*,#2123,.F.);
#2338 = ORIENTED_EDGE('',*,*,#2339,.T.);
#2339 = EDGE_CURVE('',#1922,#2340,#2342,.T.);
#2340 = VERTEX_POINT('',#2341);
#2341 = CARTESIAN_POINT('',(-0.5,-0.4,0.45));
#2342 = LINE('',#2343,#2344);
#2343 = CARTESIAN_POINT('',(-0.5,-0.4,0.405));
#2344 = VECTOR('',#2345,1.);
#2345 = DIRECTION('',(0.,0.,1.));
#2346 = ORIENTED_EDGE('',*,*,#2347,.T.);
#2347 = EDGE_CURVE('',#2340,#2348,#2350,.T.);
#2348 = VERTEX_POINT('',#2349);
#2349 = CARTESIAN_POINT('',(0.5,-0.4,0.45));
#2350 = LINE('',#2351,#2352);
#2351 = CARTESIAN_POINT('',(-0.5,-0.4,0.45));
#2352 = VECTOR('',#2353,1.);
#2353 = DIRECTION('',(1.,0.,0.));
#2354 = ORIENTED_EDGE('',*,*,#2355,.F.);
#2355 = EDGE_CURVE('',#2124,#2348,#2356,.T.);
#2356 = LINE('',#2357,#2358);
#2357 = CARTESIAN_POINT('',(0.5,-0.4,0.405));
#2358 = VECTOR('',#2359,1.);
#2359 = DIRECTION('',(0.,0.,1.));
#2360 = PLANE('',#2361);
#2361 = AXIS2_PLACEMENT_3D('',#2362,#2363,#2364);
#2362 = CARTESIAN_POINT('',(-0.5,-0.4,0.405));
#2363 = DIRECTION('',(0.,1.,0.));
#2364 = DIRECTION('',(0.,-0.,1.));
#2365 = ADVANCED_FACE('',(#2366),#2384,.F.);
#2366 = FACE_BOUND('',#2367,.F.);
#2367 = EDGE_LOOP('',(#2368,#2369,#2370,#2378));
#2368 = ORIENTED_EDGE('',*,*,#2339,.F.);
#2369 = ORIENTED_EDGE('',*,*,#2186,.T.);
#2370 = ORIENTED_EDGE('',*,*,#2371,.T.);
#2371 = EDGE_CURVE('',#2039,#2372,#2374,.T.);
#2372 = VERTEX_POINT('',#2373);
#2373 = CARTESIAN_POINT('',(-0.5,0.4,0.45));
#2374 = LINE('',#2375,#2376);
#2375 = CARTESIAN_POINT('',(-0.5,0.4,0.405));
#2376 = VECTOR('',#2377,1.);
#2377 = DIRECTION('',(0.,0.,1.));
#2378 = ORIENTED_EDGE('',*,*,#2379,.F.);
#2379 = EDGE_CURVE('',#2340,#2372,#2380,.T.);
#2380 = LINE('',#2381,#2382);
#2381 = CARTESIAN_POINT('',(-0.5,-0.4,0.45));
#2382 = VECTOR('',#2383,1.);
#2383 = DIRECTION('',(0.,1.,0.));
#2384 = PLANE('',#2385);
#2385 = AXIS2_PLACEMENT_3D('',#2386,#2387,#2388);
#2386 = CARTESIAN_POINT('',(-0.5,-0.4,0.405));
#2387 = DIRECTION('',(1.,0.,0.));
#2388 = DIRECTION('',(0.,0.,1.));
#2389 = ADVANCED_FACE('',(#2390),#2453,.T.);
#2390 = FACE_BOUND('',#2391,.T.);
#2391 = EDGE_LOOP('',(#2392,#2402,#2409,#2410,#2411,#2412,#2421,#2429,
    #2438,#2446));
#2392 = ORIENTED_EDGE('',*,*,#2393,.F.);
#2393 = EDGE_CURVE('',#2394,#2396,#2398,.T.);
#2394 = VERTEX_POINT('',#2395);
#2395 = CARTESIAN_POINT('',(0.545,0.4,-2.775557561563E-17));
#2396 = VERTEX_POINT('',#2397);
#2397 = CARTESIAN_POINT('',(0.755,0.4,-2.775557561563E-17));
#2398 = LINE('',#2399,#2400);
#2399 = CARTESIAN_POINT('',(0.5,0.4,0.));
#2400 = VECTOR('',#2401,1.);
#2401 = DIRECTION('',(1.,0.,0.));
#2402 = ORIENTED_EDGE('',*,*,#2403,.F.);
#2403 = EDGE_CURVE('',#2231,#2394,#2404,.T.);
#2404 = CIRCLE('',#2405,4.5E-02);
#2405 = AXIS2_PLACEMENT_3D('',#2406,#2407,#2408);
#2406 = CARTESIAN_POINT('',(0.545,0.4,4.5E-02));
#2407 = DIRECTION('',(0.,-1.,0.));
#2408 = DIRECTION('',(0.,0.,1.));
#2409 = ORIENTED_EDGE('',*,*,#2230,.T.);
#2410 = ORIENTED_EDGE('',*,*,#2222,.T.);
#2411 = ORIENTED_EDGE('',*,*,#2214,.F.);
#2412 = ORIENTED_EDGE('',*,*,#2413,.T.);
#2413 = EDGE_CURVE('',#2207,#2414,#2416,.T.);
#2414 = VERTEX_POINT('',#2415);
#2415 = CARTESIAN_POINT('',(0.545,0.4,0.45));
#2416 = CIRCLE('',#2417,4.5E-02);
#2417 = AXIS2_PLACEMENT_3D('',#2418,#2419,#2420);
#2418 = CARTESIAN_POINT('',(0.545,0.4,0.405));
#2419 = DIRECTION('',(0.,1.,0.));
#2420 = DIRECTION('',(0.,-0.,1.));
#2421 = ORIENTED_EDGE('',*,*,#2422,.T.);
#2422 = EDGE_CURVE('',#2414,#2423,#2425,.T.);
#2423 = VERTEX_POINT('',#2424);
#2424 = CARTESIAN_POINT('',(0.755,0.4,0.45));
#2425 = LINE('',#2426,#2427);
#2426 = CARTESIAN_POINT('',(0.5,0.4,0.45));
#2427 = VECTOR('',#2428,1.);
#2428 = DIRECTION('',(1.,0.,0.));
#2429 = ORIENTED_EDGE('',*,*,#2430,.F.);
#2430 = EDGE_CURVE('',#2431,#2423,#2433,.T.);
#2431 = VERTEX_POINT('',#2432);
#2432 = CARTESIAN_POINT('',(0.8,0.4,0.405));
#2433 = CIRCLE('',#2434,4.5E-02);
#2434 = AXIS2_PLACEMENT_3D('',#2435,#2436,#2437);
#2435 = CARTESIAN_POINT('',(0.755,0.4,0.405));
#2436 = DIRECTION('',(0.,-1.,0.));
#2437 = DIRECTION('',(0.,0.,1.));
#2438 = ORIENTED_EDGE('',*,*,#2439,.F.);
#2439 = EDGE_CURVE('',#2440,#2431,#2442,.T.);
#2440 = VERTEX_POINT('',#2441);
#2441 = CARTESIAN_POINT('',(0.8,0.4,4.5E-02));
#2442 = LINE('',#2443,#2444);
#2443 = CARTESIAN_POINT('',(0.8,0.4,0.));
#2444 = VECTOR('',#2445,1.);
#2445 = DIRECTION('',(0.,0.,1.));
#2446 = ORIENTED_EDGE('',*,*,#2447,.T.);
#2447 = EDGE_CURVE('',#2440,#2396,#2448,.T.);
#2448 = CIRCLE('',#2449,4.5E-02);
#2449 = AXIS2_PLACEMENT_3D('',#2450,#2451,#2452);
#2450 = CARTESIAN_POINT('',(0.755,0.4,4.5E-02));
#2451 = DIRECTION('',(0.,1.,0.));
#2452 = DIRECTION('',(0.,-0.,1.));
#2453 = PLANE('',#2454);
#2454 = AXIS2_PLACEMENT_3D('',#2455,#2456,#2457);
#2455 = CARTESIAN_POINT('',(0.5,0.4,0.));
#2456 = DIRECTION('',(0.,1.,0.));
#2457 = DIRECTION('',(0.,-0.,1.));
#2458 = ADVANCED_FACE('',(#2459),#2477,.T.);
#2459 = FACE_BOUND('',#2460,.T.);
#2460 = EDGE_LOOP('',(#2461,#2462,#2463,#2471));
#2461 = ORIENTED_EDGE('',*,*,#2206,.F.);
#2462 = ORIENTED_EDGE('',*,*,#2371,.T.);
#2463 = ORIENTED_EDGE('',*,*,#2464,.T.);
#2464 = EDGE_CURVE('',#2372,#2465,#2467,.T.);
#2465 = VERTEX_POINT('',#2466);
#2466 = CARTESIAN_POINT('',(0.5,0.4,0.45));
#2467 = LINE('',#2468,#2469);
#2468 = CARTESIAN_POINT('',(-0.5,0.4,0.45));
#2469 = VECTOR('',#2470,1.);
#2470 = DIRECTION('',(1.,0.,0.));
#2471 = ORIENTED_EDGE('',*,*,#2472,.F.);
#2472 = EDGE_CURVE('',#2207,#2465,#2473,.T.);
#2473 = LINE('',#2474,#2475);
#2474 = CARTESIAN_POINT('',(0.5,0.4,0.405));
#2475 = VECTOR('',#2476,1.);
#2476 = DIRECTION('',(0.,0.,1.));
#2477 = PLANE('',#2478);
#2478 = AXIS2_PLACEMENT_3D('',#2479,#2480,#2481);
#2479 = CARTESIAN_POINT('',(-0.5,0.4,0.405));
#2480 = DIRECTION('',(0.,1.,0.));
#2481 = DIRECTION('',(0.,-0.,1.));
#2482 = ADVANCED_FACE('',(#2483),#2494,.T.);
#2483 = FACE_BOUND('',#2484,.T.);
#2484 = EDGE_LOOP('',(#2485,#2486,#2487,#2493));
#2485 = ORIENTED_EDGE('',*,*,#2254,.T.);
#2486 = ORIENTED_EDGE('',*,*,#2403,.T.);
#2487 = ORIENTED_EDGE('',*,*,#2488,.F.);
#2488 = EDGE_CURVE('',#2270,#2394,#2489,.T.);
#2489 = LINE('',#2490,#2491);
#2490 = CARTESIAN_POINT('',(0.545,-0.4,-2.775557561563E-17));
#2491 = VECTOR('',#2492,1.);
#2492 = DIRECTION('',(0.,1.,0.));
#2493 = ORIENTED_EDGE('',*,*,#2279,.F.);
#2494 = CYLINDRICAL_SURFACE('',#2495,4.5E-02);
#2495 = AXIS2_PLACEMENT_3D('',#2496,#2497,#2498);
#2496 = CARTESIAN_POINT('',(0.545,-0.4,4.5E-02));
#2497 = DIRECTION('',(0.,1.,0.));
#2498 = DIRECTION('',(-1.,0.,0.));
#2499 = ADVANCED_FACE('',(#2500),#2511,.F.);
#2500 = FACE_BOUND('',#2501,.F.);
#2501 = EDGE_LOOP('',(#2502,#2503,#2504,#2505));
#2502 = ORIENTED_EDGE('',*,*,#2393,.F.);
#2503 = ORIENTED_EDGE('',*,*,#2488,.F.);
#2504 = ORIENTED_EDGE('',*,*,#2269,.T.);
#2505 = ORIENTED_EDGE('',*,*,#2506,.T.);
#2506 = EDGE_CURVE('',#2272,#2396,#2507,.T.);
#2507 = LINE('',#2508,#2509);
#2508 = CARTESIAN_POINT('',(0.755,-0.4,-2.775557561563E-17));
#2509 = VECTOR('',#2510,1.);
#2510 = DIRECTION('',(0.,1.,0.));
#2511 = PLANE('',#2512);
#2512 = AXIS2_PLACEMENT_3D('',#2513,#2514,#2515);
#2513 = CARTESIAN_POINT('',(0.5,-0.4,0.));
#2514 = DIRECTION('',(0.,0.,1.));
#2515 = DIRECTION('',(1.,0.,-0.));
#2516 = ADVANCED_FACE('',(#2517),#2528,.T.);
#2517 = FACE_BOUND('',#2518,.T.);
#2518 = EDGE_LOOP('',(#2519,#2520,#2521,#2522));
#2519 = ORIENTED_EDGE('',*,*,#2323,.T.);
#2520 = ORIENTED_EDGE('',*,*,#2506,.T.);
#2521 = ORIENTED_EDGE('',*,*,#2447,.F.);
#2522 = ORIENTED_EDGE('',*,*,#2523,.F.);
#2523 = EDGE_CURVE('',#2316,#2440,#2524,.T.);
#2524 = LINE('',#2525,#2526);
#2525 = CARTESIAN_POINT('',(0.8,-0.4,4.5E-02));
#2526 = VECTOR('',#2527,1.);
#2527 = DIRECTION('',(0.,1.,0.));
#2528 = CYLINDRICAL_SURFACE('',#2529,4.5E-02);
#2529 = AXIS2_PLACEMENT_3D('',#2530,#2531,#2532);
#2530 = CARTESIAN_POINT('',(0.755,-0.4,4.5E-02));
#2531 = DIRECTION('',(0.,1.,0.));
#2532 = DIRECTION('',(1.,0.,0.));
#2533 = ADVANCED_FACE('',(#2534),#2545,.T.);
#2534 = FACE_BOUND('',#2535,.T.);
#2535 = EDGE_LOOP('',(#2536,#2537,#2538,#2539));
#2536 = ORIENTED_EDGE('',*,*,#2315,.F.);
#2537 = ORIENTED_EDGE('',*,*,#2523,.T.);
#2538 = ORIENTED_EDGE('',*,*,#2439,.T.);
#2539 = ORIENTED_EDGE('',*,*,#2540,.F.);
#2540 = EDGE_CURVE('',#2307,#2431,#2541,.T.);
#2541 = LINE('',#2542,#2543);
#2542 = CARTESIAN_POINT('',(0.8,-0.4,0.405));
#2543 = VECTOR('',#2544,1.);
#2544 = DIRECTION('',(0.,1.,0.));
#2545 = PLANE('',#2546);
#2546 = AXIS2_PLACEMENT_3D('',#2547,#2548,#2549);
#2547 = CARTESIAN_POINT('',(0.8,-0.4,0.));
#2548 = DIRECTION('',(1.,0.,0.));
#2549 = DIRECTION('',(0.,0.,1.));
#2550 = ADVANCED_FACE('',(#2551),#2562,.T.);
#2551 = FACE_BOUND('',#2552,.T.);
#2552 = EDGE_LOOP('',(#2553,#2554,#2555,#2561));
#2553 = ORIENTED_EDGE('',*,*,#2540,.T.);
#2554 = ORIENTED_EDGE('',*,*,#2430,.T.);
#2555 = ORIENTED_EDGE('',*,*,#2556,.F.);
#2556 = EDGE_CURVE('',#2299,#2423,#2557,.T.);
#2557 = LINE('',#2558,#2559);
#2558 = CARTESIAN_POINT('',(0.755,-0.4,0.45));
#2559 = VECTOR('',#2560,1.);
#2560 = DIRECTION('',(0.,1.,0.));
#2561 = ORIENTED_EDGE('',*,*,#2306,.F.);
#2562 = CYLINDRICAL_SURFACE('',#2563,4.5E-02);
#2563 = AXIS2_PLACEMENT_3D('',#2564,#2565,#2566);
#2564 = CARTESIAN_POINT('',(0.755,-0.4,0.405));
#2565 = DIRECTION('',(0.,1.,0.));
#2566 = DIRECTION('',(1.,0.,0.));
#2567 = ADVANCED_FACE('',(#2568),#2579,.T.);
#2568 = FACE_BOUND('',#2569,.T.);
#2569 = EDGE_LOOP('',(#2570,#2571,#2577,#2578));
#2570 = ORIENTED_EDGE('',*,*,#2422,.F.);
#2571 = ORIENTED_EDGE('',*,*,#2572,.F.);
#2572 = EDGE_CURVE('',#2290,#2414,#2573,.T.);
#2573 = LINE('',#2574,#2575);
#2574 = CARTESIAN_POINT('',(0.545,-0.4,0.45));
#2575 = VECTOR('',#2576,1.);
#2576 = DIRECTION('',(0.,1.,0.));
#2577 = ORIENTED_EDGE('',*,*,#2298,.T.);
#2578 = ORIENTED_EDGE('',*,*,#2556,.T.);
#2579 = PLANE('',#2580);
#2580 = AXIS2_PLACEMENT_3D('',#2581,#2582,#2583);
#2581 = CARTESIAN_POINT('',(0.5,-0.4,0.45));
#2582 = DIRECTION('',(0.,0.,1.));
#2583 = DIRECTION('',(1.,0.,-0.));
#2584 = ADVANCED_FACE('',(#2585),#2596,.T.);
#2585 = FACE_BOUND('',#2586,.T.);
#2586 = EDGE_LOOP('',(#2587,#2588,#2589,#2590));
#2587 = ORIENTED_EDGE('',*,*,#2289,.T.);
#2588 = ORIENTED_EDGE('',*,*,#2572,.T.);
#2589 = ORIENTED_EDGE('',*,*,#2413,.F.);
#2590 = ORIENTED_EDGE('',*,*,#2591,.F.);
#2591 = EDGE_CURVE('',#2124,#2207,#2592,.T.);
#2592 = LINE('',#2593,#2594);
#2593 = CARTESIAN_POINT('',(0.5,-0.4,0.405));
#2594 = VECTOR('',#2595,1.);
#2595 = DIRECTION('',(0.,1.,0.));
#2596 = CYLINDRICAL_SURFACE('',#2597,4.5E-02);
#2597 = AXIS2_PLACEMENT_3D('',#2598,#2599,#2600);
#2598 = CARTESIAN_POINT('',(0.545,-0.4,0.405));
#2599 = DIRECTION('',(0.,1.,0.));
#2600 = DIRECTION('',(-1.,0.,0.));
#2601 = ADVANCED_FACE('',(#2602),#2613,.T.);
#2602 = FACE_BOUND('',#2603,.T.);
#2603 = EDGE_LOOP('',(#2604,#2605,#2606,#2607));
#2604 = ORIENTED_EDGE('',*,*,#2355,.F.);
#2605 = ORIENTED_EDGE('',*,*,#2591,.T.);
#2606 = ORIENTED_EDGE('',*,*,#2472,.T.);
#2607 = ORIENTED_EDGE('',*,*,#2608,.F.);
#2608 = EDGE_CURVE('',#2348,#2465,#2609,.T.);
#2609 = LINE('',#2610,#2611);
#2610 = CARTESIAN_POINT('',(0.5,-0.4,0.45));
#2611 = VECTOR('',#2612,1.);
#2612 = DIRECTION('',(0.,1.,0.));
#2613 = PLANE('',#2614);
#2614 = AXIS2_PLACEMENT_3D('',#2615,#2616,#2617);
#2615 = CARTESIAN_POINT('',(0.5,-0.4,0.405));
#2616 = DIRECTION('',(1.,0.,0.));
#2617 = DIRECTION('',(0.,0.,1.));
#2618 = ADVANCED_FACE('',(#2619),#2625,.T.);
#2619 = FACE_BOUND('',#2620,.T.);
#2620 = EDGE_LOOP('',(#2621,#2622,#2623,#2624));
#2621 = ORIENTED_EDGE('',*,*,#2379,.F.);
#2622 = ORIENTED_EDGE('',*,*,#2347,.T.);
#2623 = ORIENTED_EDGE('',*,*,#2608,.T.);
#2624 = ORIENTED_EDGE('',*,*,#2464,.F.);
#2625 = PLANE('',#2626);
#2626 = AXIS2_PLACEMENT_3D('',#2627,#2628,#2629);
#2627 = CARTESIAN_POINT('',(-0.5,-0.4,0.45));
#2628 = DIRECTION('',(0.,0.,1.));
#2629 = DIRECTION('',(1.,0.,-0.));
#2630 = ( GEOMETRIC_REPRESENTATION_CONTEXT(3) 
GLOBAL_UNCERTAINTY_ASSIGNED_CONTEXT((#2634)) 
GLOBAL_UNIT_ASSIGNED_CONTEXT((#2631,#2632,#2633)) REPRESENTATION_CONTEXT
('Context #1','3D Context with UNIT and UNCERTAINTY') );
#2631 = ( LENGTH_UNIT() NAMED_UNIT(*) SI_UNIT(.MILLI.,.METRE.) );
#2632 = ( NAMED_UNIT(*) PLANE_ANGLE_UNIT() SI_UNIT($,.RADIAN.) );
#2633 = ( NAMED_UNIT(*) SI_UNIT($,.STERADIAN.) SOLID_ANGLE_UNIT() );
#2634 = UNCERTAINTY_MEASURE_WITH_UNIT(LENGTH_MEASURE(1.E-07),#2631,
  'distance_accuracy_value','confusion accuracy');
#2635 = CONTEXT_DEPENDENT_SHAPE_REPRESENTATION(#2636,#2638);
#2636 = ( REPRESENTATION_RELATIONSHIP('','',#1839,#1816) 
REPRESENTATION_RELATIONSHIP_WITH_TRANSFORMATION(#2637) 
SHAPE_REPRESENTATION_RELATIONSHIP() );
#2637 = ITEM_DEFINED_TRANSFORMATION('','',#11,#1817);
#2638 = PRODUCT_DEFINITION_SHAPE('Placement','Placement of an item',
  #2639);
#2639 = NEXT_ASSEMBLY_USAGE_OCCURRENCE('17','=>[0:1:1:11]','',#1811,
  #1834,$);
#2640 = PRODUCT_RELATED_PRODUCT_CATEGORY('part',$,(#1836));
#2641 = CONTEXT_DEPENDENT_SHAPE_REPRESENTATION(#2642,#2644);
#2642 = ( REPRESENTATION_RELATIONSHIP('','',#1816,#10) 
REPRESENTATION_RELATIONSHIP_WITH_TRANSFORMATION(#2643) 
SHAPE_REPRESENTATION_RELATIONSHIP() );
#2643 = ITEM_DEFINED_TRANSFORMATION('','',#11,#55);
#2644 = PRODUCT_DEFINITION_SHAPE('Placement','Placement of an item',
  #2645);
#2645 = NEXT_ASSEMBLY_USAGE_OCCURRENCE('19','R3','',#5,#1811,$);
#2646 = SHAPE_DEFINITION_REPRESENTATION(#2647,#2653);
#2647 = PRODUCT_DEFINITION_SHAPE('','',#2648);
#2648 = PRODUCT_DEFINITION('design','',#2649,#2652);
#2649 = PRODUCT_DEFINITION_FORMATION('','',#2650);
#2650 = PRODUCT('JST_GH_BM02B-GHS-TBT_1x02-1MP_P1.25mm_Vertical',
  'JST_GH_BM02B-GHS-TBT_1x02-1MP_P1.25mm_Vertical','',(#2651));
#2651 = PRODUCT_CONTEXT('',#2,'mechanical');
#2652 = PRODUCT_DEFINITION_CONTEXT('part definition',#2,'design');
#2653 = SHAPE_REPRESENTATION('',(#11,#2654),#2658);
#2654 = AXIS2_PLACEMENT_3D('',#2655,#2656,#2657);
#2655 = CARTESIAN_POINT('',(0.,0.,0.));
#2656 = DIRECTION('',(0.,0.,1.));
#2657 = DIRECTION('',(1.,0.,-0.));
#2658 = ( GEOMETRIC_REPRESENTATION_CONTEXT(3) 
GLOBAL_UNCERTAINTY_ASSIGNED_CONTEXT((#2662)) 
GLOBAL_UNIT_ASSIGNED_CONTEXT((#2659,#2660,#2661)) REPRESENTATION_CONTEXT
('Context #1','3D Context with UNIT and UNCERTAINTY') );
#2659 = ( LENGTH_UNIT() NAMED_UNIT(*) SI_UNIT(.MILLI.,.METRE.) );
#2660 = ( NAMED_UNIT(*) PLANE_ANGLE_UNIT() SI_UNIT($,.RADIAN.) );
#2661 = ( NAMED_UNIT(*) SI_UNIT($,.STERADIAN.) SOLID_ANGLE_UNIT() );
#2662 = UNCERTAINTY_MEASURE_WITH_UNIT(LENGTH_MEASURE(1.E-07),#2659,
  'distance_accuracy_value','confusion accuracy');
#2663 = CONTEXT_DEPENDENT_SHAPE_REPRESENTATION(#2664,#2666);
#2664 = ( REPRESENTATION_RELATIONSHIP('','',#2653,#10) 
REPRESENTATION_RELATIONSHIP_WITH_TRANSFORMATION(#2665) 
SHAPE_REPRESENTATION_RELATIONSHIP() );
#2665 = ITEM_DEFINED_TRANSFORMATION('','',#11,#59);
#2666 = PRODUCT_DEFINITION_SHAPE('Placement','Placement of an item',
  #2667);
#2667 = NEXT_ASSEMBLY_USAGE_OCCURRENCE('21','J3','',#5,#2648,$);
#2668 = PRODUCT_RELATED_PRODUCT_CATEGORY('part',$,(#2650));
#2669 = SHAPE_DEFINITION_REPRESENTATION(#2670,#2676);
#2670 = PRODUCT_DEFINITION_SHAPE('','',#2671);
#2671 = PRODUCT_DEFINITION('design','',#2672,#2675);
#2672 = PRODUCT_DEFINITION_FORMATION('','',#2673);
#2673 = PRODUCT('JST_BM02B_GHS_TBT','JST_BM02B_GHS_TBT','',(#2674));
#2674 = PRODUCT_CONTEXT('',#2,'mechanical');
#2675 = PRODUCT_DEFINITION_CONTEXT('part definition',#2,'design');
#2676 = ADVANCED_BREP_SHAPE_REPRESENTATION('',(#11,#2677),#6782);
#2677 = MANIFOLD_SOLID_BREP('',#2678);
#2678 = CLOSED_SHELL('',(#2679,#2815,#2878,#2902,#2926,#2950,#2974,#3317
    ,#3389,#3413,#3453,#3477,#3517,#3614,#3702,#3734,#3790,#3807,#3888,
    #3912,#3945,#3959,#3976,#3998,#4015,#4066,#4078,#4109,#4133,#4157,
    #4181,#4205,#4229,#4253,#4277,#4301,#4325,#4357,#4381,#4421,#4453,
    #4477,#4517,#4557,#4581,#4613,#4653,#4677,#4709,#4733,#4750,#4781,
    #4805,#4829,#4846,#4877,#4901,#4925,#4942,#4974,#4998,#5030,#5067,
    #5091,#5108,#5132,#5156,#5187,#5220,#5285,#5309,#5379,#5405,#5470,
    #5494,#5564,#5577,#5594,#5611,#5628,#5640,#5680,#5697,#5720,#5744,
    #5760,#5772,#5910,#5942,#5959,#5976,#6002,#6034,#6065,#6082,#6094,
    #6119,#6144,#6156,#6168,#6192,#6222,#6239,#6252,#6270,#6282,#6304,
    #6316,#6333,#6350,#6362,#6384,#6396,#6413,#6430,#6442,#6459,#6476,
    #6515,#6539,#6571,#6588,#6619,#6651,#6675,#6700,#6712,#6724,#6741,
    #6753,#6770));
#2679 = ADVANCED_FACE('',(#2680),#2810,.F.);
#2680 = FACE_BOUND('',#2681,.F.);
#2681 = EDGE_LOOP('',(#2682,#2692,#2700,#2708,#2716,#2724,#2732,#2740,
    #2748,#2756,#2764,#2772,#2780,#2788,#2796,#2804));
#2682 = ORIENTED_EDGE('',*,*,#2683,.F.);
#2683 = EDGE_CURVE('',#2684,#2686,#2688,.T.);
#2684 = VERTEX_POINT('',#2685);
#2685 = CARTESIAN_POINT('',(-2.875,-1.775,0.8));
#2686 = VERTEX_POINT('',#2687);
#2687 = CARTESIAN_POINT('',(-2.875,-1.775,1.95));
#2688 = LINE('',#2689,#2690);
#2689 = CARTESIAN_POINT('',(-2.875,-1.775,0.15));
#2690 = VECTOR('',#2691,1.);
#2691 = DIRECTION('',(0.,0.,1.));
#2692 = ORIENTED_EDGE('',*,*,#2693,.F.);
#2693 = EDGE_CURVE('',#2694,#2684,#2696,.T.);
#2694 = VERTEX_POINT('',#2695);
#2695 = CARTESIAN_POINT('',(-2.875,-1.575,0.8));
#2696 = LINE('',#2697,#2698);
#2697 = CARTESIAN_POINT('',(-2.875,-1.575,0.8));
#2698 = VECTOR('',#2699,1.);
#2699 = DIRECTION('',(0.,-1.,0.));
#2700 = ORIENTED_EDGE('',*,*,#2701,.F.);
#2701 = EDGE_CURVE('',#2702,#2694,#2704,.T.);
#2702 = VERTEX_POINT('',#2703);
#2703 = CARTESIAN_POINT('',(-2.875,-1.575,0.65));
#2704 = LINE('',#2705,#2706);
#2705 = CARTESIAN_POINT('',(-2.875,-1.575,0.65));
#2706 = VECTOR('',#2707,1.);
#2707 = DIRECTION('',(0.,0.,1.));
#2708 = ORIENTED_EDGE('',*,*,#2709,.F.);
#2709 = EDGE_CURVE('',#2710,#2702,#2712,.T.);
#2710 = VERTEX_POINT('',#2711);
#2711 = CARTESIAN_POINT('',(-2.875,-0.825,0.65));
#2712 = LINE('',#2713,#2714);
#2713 = CARTESIAN_POINT('',(-2.875,-0.825,0.65));
#2714 = VECTOR('',#2715,1.);
#2715 = DIRECTION('',(0.,-1.,0.));
#2716 = ORIENTED_EDGE('',*,*,#2717,.F.);
#2717 = EDGE_CURVE('',#2718,#2710,#2720,.T.);
#2718 = VERTEX_POINT('',#2719);
#2719 = CARTESIAN_POINT('',(-2.875,-0.825,0.15));
#2720 = LINE('',#2721,#2722);
#2721 = CARTESIAN_POINT('',(-2.875,-0.825,0.15));
#2722 = VECTOR('',#2723,1.);
#2723 = DIRECTION('',(0.,0.,1.));
#2724 = ORIENTED_EDGE('',*,*,#2725,.T.);
#2725 = EDGE_CURVE('',#2718,#2726,#2728,.T.);
#2726 = VERTEX_POINT('',#2727);
#2727 = CARTESIAN_POINT('',(-2.875,0.225,0.15));
#2728 = LINE('',#2729,#2730);
#2729 = CARTESIAN_POINT('',(-2.875,-1.775,0.15));
#2730 = VECTOR('',#2731,1.);
#2731 = DIRECTION('',(0.,1.,0.));
#2732 = ORIENTED_EDGE('',*,*,#2733,.T.);
#2733 = EDGE_CURVE('',#2726,#2734,#2736,.T.);
#2734 = VERTEX_POINT('',#2735);
#2735 = CARTESIAN_POINT('',(-2.875,0.225,0.75));
#2736 = LINE('',#2737,#2738);
#2737 = CARTESIAN_POINT('',(-2.875,0.225,0.15));
#2738 = VECTOR('',#2739,1.);
#2739 = DIRECTION('',(0.,0.,1.));
#2740 = ORIENTED_EDGE('',*,*,#2741,.T.);
#2741 = EDGE_CURVE('',#2734,#2742,#2744,.T.);
#2742 = VERTEX_POINT('',#2743);
#2743 = CARTESIAN_POINT('',(-2.875,1.825,0.75));
#2744 = LINE('',#2745,#2746);
#2745 = CARTESIAN_POINT('',(-2.875,0.225,0.75));
#2746 = VECTOR('',#2747,1.);
#2747 = DIRECTION('',(0.,1.,0.));
#2748 = ORIENTED_EDGE('',*,*,#2749,.T.);
#2749 = EDGE_CURVE('',#2742,#2750,#2752,.T.);
#2750 = VERTEX_POINT('',#2751);
#2751 = CARTESIAN_POINT('',(-2.875,1.825,2.05));
#2752 = LINE('',#2753,#2754);
#2753 = CARTESIAN_POINT('',(-2.875,1.825,0.75));
#2754 = VECTOR('',#2755,1.);
#2755 = DIRECTION('',(0.,0.,1.));
#2756 = ORIENTED_EDGE('',*,*,#2757,.T.);
#2757 = EDGE_CURVE('',#2750,#2758,#2760,.T.);
#2758 = VERTEX_POINT('',#2759);
#2759 = CARTESIAN_POINT('',(-2.875,2.475,2.05));
#2760 = LINE('',#2761,#2762);
#2761 = CARTESIAN_POINT('',(-2.875,1.825,2.05));
#2762 = VECTOR('',#2763,1.);
#2763 = DIRECTION('',(0.,1.,0.));
#2764 = ORIENTED_EDGE('',*,*,#2765,.T.);
#2765 = EDGE_CURVE('',#2758,#2766,#2768,.T.);
#2766 = VERTEX_POINT('',#2767);
#2767 = CARTESIAN_POINT('',(-2.875,2.475,4.2));
#2768 = LINE('',#2769,#2770);
#2769 = CARTESIAN_POINT('',(-2.875,2.475,0.15));
#2770 = VECTOR('',#2771,1.);
#2771 = DIRECTION('',(0.,0.,1.));
#2772 = ORIENTED_EDGE('',*,*,#2773,.F.);
#2773 = EDGE_CURVE('',#2774,#2766,#2776,.T.);
#2774 = VERTEX_POINT('',#2775);
#2775 = CARTESIAN_POINT('',(-2.875,0.175,4.2));
#2776 = LINE('',#2777,#2778);
#2777 = CARTESIAN_POINT('',(-2.875,-1.775,4.2));
#2778 = VECTOR('',#2779,1.);
#2779 = DIRECTION('',(0.,1.,0.));
#2780 = ORIENTED_EDGE('',*,*,#2781,.T.);
#2781 = EDGE_CURVE('',#2774,#2782,#2784,.T.);
#2782 = VERTEX_POINT('',#2783);
#2783 = CARTESIAN_POINT('',(-2.875,0.175,3.55));
#2784 = LINE('',#2785,#2786);
#2785 = CARTESIAN_POINT('',(-2.875,0.175,4.2));
#2786 = VECTOR('',#2787,1.);
#2787 = DIRECTION('',(0.,0.,-1.));
#2788 = ORIENTED_EDGE('',*,*,#2789,.T.);
#2789 = EDGE_CURVE('',#2782,#2790,#2792,.T.);
#2790 = VERTEX_POINT('',#2791);
#2791 = CARTESIAN_POINT('',(-2.875,-1.175,3.55));
#2792 = LINE('',#2793,#2794);
#2793 = CARTESIAN_POINT('',(-2.875,0.175,3.55));
#2794 = VECTOR('',#2795,1.);
#2795 = DIRECTION('',(0.,-1.,0.));
#2796 = ORIENTED_EDGE('',*,*,#2797,.T.);
#2797 = EDGE_CURVE('',#2790,#2798,#2800,.T.);
#2798 = VERTEX_POINT('',#2799);
#2799 = CARTESIAN_POINT('',(-2.875,-1.175,1.95));
#2800 = LINE('',#2801,#2802);
#2801 = CARTESIAN_POINT('',(-2.875,-1.175,3.55));
#2802 = VECTOR('',#2803,1.);
#2803 = DIRECTION('',(0.,0.,-1.));
#2804 = ORIENTED_EDGE('',*,*,#2805,.T.);
#2805 = EDGE_CURVE('',#2798,#2686,#2806,.T.);
#2806 = LINE('',#2807,#2808);
#2807 = CARTESIAN_POINT('',(-2.875,-1.175,1.95));
#2808 = VECTOR('',#2809,1.);
#2809 = DIRECTION('',(0.,-1.,0.));
#2810 = PLANE('',#2811);
#2811 = AXIS2_PLACEMENT_3D('',#2812,#2813,#2814);
#2812 = CARTESIAN_POINT('',(-2.875,-1.775,0.15));
#2813 = DIRECTION('',(1.,0.,0.));
#2814 = DIRECTION('',(0.,0.,1.));
#2815 = ADVANCED_FACE('',(#2816),#2873,.F.);
#2816 = FACE_BOUND('',#2817,.F.);
#2817 = EDGE_LOOP('',(#2818,#2826,#2827,#2835,#2843,#2851,#2859,#2867));
#2818 = ORIENTED_EDGE('',*,*,#2819,.F.);
#2819 = EDGE_CURVE('',#2684,#2820,#2822,.T.);
#2820 = VERTEX_POINT('',#2821);
#2821 = CARTESIAN_POINT('',(2.875,-1.775,0.8));
#2822 = LINE('',#2823,#2824);
#2823 = CARTESIAN_POINT('',(-2.875,-1.775,0.8));
#2824 = VECTOR('',#2825,1.);
#2825 = DIRECTION('',(1.,0.,0.));
#2826 = ORIENTED_EDGE('',*,*,#2683,.T.);
#2827 = ORIENTED_EDGE('',*,*,#2828,.T.);
#2828 = EDGE_CURVE('',#2686,#2829,#2831,.T.);
#2829 = VERTEX_POINT('',#2830);
#2830 = CARTESIAN_POINT('',(-2.375,-1.775,1.95));
#2831 = LINE('',#2832,#2833);
#2832 = CARTESIAN_POINT('',(-2.875,-1.775,1.95));
#2833 = VECTOR('',#2834,1.);
#2834 = DIRECTION('',(1.,0.,0.));
#2835 = ORIENTED_EDGE('',*,*,#2836,.T.);
#2836 = EDGE_CURVE('',#2829,#2837,#2839,.T.);
#2837 = VERTEX_POINT('',#2838);
#2838 = CARTESIAN_POINT('',(-2.375,-1.775,4.2));
#2839 = LINE('',#2840,#2841);
#2840 = CARTESIAN_POINT('',(-2.375,-1.775,1.95));
#2841 = VECTOR('',#2842,1.);
#2842 = DIRECTION('',(0.,0.,1.));
#2843 = ORIENTED_EDGE('',*,*,#2844,.T.);
#2844 = EDGE_CURVE('',#2837,#2845,#2847,.T.);
#2845 = VERTEX_POINT('',#2846);
#2846 = CARTESIAN_POINT('',(2.375,-1.775,4.2));
#2847 = LINE('',#2848,#2849);
#2848 = CARTESIAN_POINT('',(-2.875,-1.775,4.2));
#2849 = VECTOR('',#2850,1.);
#2850 = DIRECTION('',(1.,0.,0.));
#2851 = ORIENTED_EDGE('',*,*,#2852,.F.);
#2852 = EDGE_CURVE('',#2853,#2845,#2855,.T.);
#2853 = VERTEX_POINT('',#2854);
#2854 = CARTESIAN_POINT('',(2.375,-1.775,1.95));
#2855 = LINE('',#2856,#2857);
#2856 = CARTESIAN_POINT('',(2.375,-1.775,1.95));
#2857 = VECTOR('',#2858,1.);
#2858 = DIRECTION('',(0.,0.,1.));
#2859 = ORIENTED_EDGE('',*,*,#2860,.T.);
#2860 = EDGE_CURVE('',#2853,#2861,#2863,.T.);
#2861 = VERTEX_POINT('',#2862);
#2862 = CARTESIAN_POINT('',(2.875,-1.775,1.95));
#2863 = LINE('',#2864,#2865);
#2864 = CARTESIAN_POINT('',(2.375,-1.775,1.95));
#2865 = VECTOR('',#2866,1.);
#2866 = DIRECTION('',(1.,0.,0.));
#2867 = ORIENTED_EDGE('',*,*,#2868,.F.);
#2868 = EDGE_CURVE('',#2820,#2861,#2869,.T.);
#2869 = LINE('',#2870,#2871);
#2870 = CARTESIAN_POINT('',(2.875,-1.775,0.15));
#2871 = VECTOR('',#2872,1.);
#2872 = DIRECTION('',(0.,0.,1.));
#2873 = PLANE('',#2874);
#2874 = AXIS2_PLACEMENT_3D('',#2875,#2876,#2877);
#2875 = CARTESIAN_POINT('',(-2.875,-1.775,0.15));
#2876 = DIRECTION('',(0.,1.,0.));
#2877 = DIRECTION('',(0.,-0.,1.));
#2878 = ADVANCED_FACE('',(#2879),#2897,.F.);
#2879 = FACE_BOUND('',#2880,.F.);
#2880 = EDGE_LOOP('',(#2881,#2889,#2895,#2896));
#2881 = ORIENTED_EDGE('',*,*,#2882,.T.);
#2882 = EDGE_CURVE('',#2798,#2883,#2885,.T.);
#2883 = VERTEX_POINT('',#2884);
#2884 = CARTESIAN_POINT('',(-2.375,-1.175,1.95));
#2885 = LINE('',#2886,#2887);
#2886 = CARTESIAN_POINT('',(-2.875,-1.175,1.95));
#2887 = VECTOR('',#2888,1.);
#2888 = DIRECTION('',(1.,0.,0.));
#2889 = ORIENTED_EDGE('',*,*,#2890,.T.);
#2890 = EDGE_CURVE('',#2883,#2829,#2891,.T.);
#2891 = LINE('',#2892,#2893);
#2892 = CARTESIAN_POINT('',(-2.375,-1.175,1.95));
#2893 = VECTOR('',#2894,1.);
#2894 = DIRECTION('',(0.,-1.,0.));
#2895 = ORIENTED_EDGE('',*,*,#2828,.F.);
#2896 = ORIENTED_EDGE('',*,*,#2805,.F.);
#2897 = PLANE('',#2898);
#2898 = AXIS2_PLACEMENT_3D('',#2899,#2900,#2901);
#2899 = CARTESIAN_POINT('',(-2.875,-1.175,1.95));
#2900 = DIRECTION('',(0.,0.,-1.));
#2901 = DIRECTION('',(0.,-1.,0.));
#2902 = ADVANCED_FACE('',(#2903),#2921,.F.);
#2903 = FACE_BOUND('',#2904,.F.);
#2904 = EDGE_LOOP('',(#2905,#2913,#2919,#2920));
#2905 = ORIENTED_EDGE('',*,*,#2906,.T.);
#2906 = EDGE_CURVE('',#2790,#2907,#2909,.T.);
#2907 = VERTEX_POINT('',#2908);
#2908 = CARTESIAN_POINT('',(-2.375,-1.175,3.55));
#2909 = LINE('',#2910,#2911);
#2910 = CARTESIAN_POINT('',(-2.875,-1.175,3.55));
#2911 = VECTOR('',#2912,1.);
#2912 = DIRECTION('',(1.,0.,0.));
#2913 = ORIENTED_EDGE('',*,*,#2914,.T.);
#2914 = EDGE_CURVE('',#2907,#2883,#2915,.T.);
#2915 = LINE('',#2916,#2917);
#2916 = CARTESIAN_POINT('',(-2.375,-1.175,3.55));
#2917 = VECTOR('',#2918,1.);
#2918 = DIRECTION('',(0.,0.,-1.));
#2919 = ORIENTED_EDGE('',*,*,#2882,.F.);
#2920 = ORIENTED_EDGE('',*,*,#2797,.F.);
#2921 = PLANE('',#2922);
#2922 = AXIS2_PLACEMENT_3D('',#2923,#2924,#2925);
#2923 = CARTESIAN_POINT('',(-2.875,-1.175,3.55));
#2924 = DIRECTION('',(0.,1.,0.));
#2925 = DIRECTION('',(0.,0.,-1.));
#2926 = ADVANCED_FACE('',(#2927),#2945,.F.);
#2927 = FACE_BOUND('',#2928,.F.);
#2928 = EDGE_LOOP('',(#2929,#2937,#2943,#2944));
#2929 = ORIENTED_EDGE('',*,*,#2930,.T.);
#2930 = EDGE_CURVE('',#2782,#2931,#2933,.T.);
#2931 = VERTEX_POINT('',#2932);
#2932 = CARTESIAN_POINT('',(-2.375,0.175,3.55));
#2933 = LINE('',#2934,#2935);
#2934 = CARTESIAN_POINT('',(-2.875,0.175,3.55));
#2935 = VECTOR('',#2936,1.);
#2936 = DIRECTION('',(1.,0.,0.));
#2937 = ORIENTED_EDGE('',*,*,#2938,.T.);
#2938 = EDGE_CURVE('',#2931,#2907,#2939,.T.);
#2939 = LINE('',#2940,#2941);
#2940 = CARTESIAN_POINT('',(-2.375,0.175,3.55));
#2941 = VECTOR('',#2942,1.);
#2942 = DIRECTION('',(0.,-1.,0.));
#2943 = ORIENTED_EDGE('',*,*,#2906,.F.);
#2944 = ORIENTED_EDGE('',*,*,#2789,.F.);
#2945 = PLANE('',#2946);
#2946 = AXIS2_PLACEMENT_3D('',#2947,#2948,#2949);
#2947 = CARTESIAN_POINT('',(-2.875,0.175,3.55));
#2948 = DIRECTION('',(0.,0.,-1.));
#2949 = DIRECTION('',(0.,-1.,0.));
#2950 = ADVANCED_FACE('',(#2951),#2969,.F.);
#2951 = FACE_BOUND('',#2952,.F.);
#2952 = EDGE_LOOP('',(#2953,#2961,#2967,#2968));
#2953 = ORIENTED_EDGE('',*,*,#2954,.T.);
#2954 = EDGE_CURVE('',#2774,#2955,#2957,.T.);
#2955 = VERTEX_POINT('',#2956);
#2956 = CARTESIAN_POINT('',(-2.375,0.175,4.2));
#2957 = LINE('',#2958,#2959);
#2958 = CARTESIAN_POINT('',(-2.875,0.175,4.2));
#2959 = VECTOR('',#2960,1.);
#2960 = DIRECTION('',(1.,0.,0.));
#2961 = ORIENTED_EDGE('',*,*,#2962,.T.);
#2962 = EDGE_CURVE('',#2955,#2931,#2963,.T.);
#2963 = LINE('',#2964,#2965);
#2964 = CARTESIAN_POINT('',(-2.375,0.175,4.2));
#2965 = VECTOR('',#2966,1.);
#2966 = DIRECTION('',(0.,0.,-1.));
#2967 = ORIENTED_EDGE('',*,*,#2930,.F.);
#2968 = ORIENTED_EDGE('',*,*,#2781,.F.);
#2969 = PLANE('',#2970);
#2970 = AXIS2_PLACEMENT_3D('',#2971,#2972,#2973);
#2971 = CARTESIAN_POINT('',(-2.875,0.175,4.2));
#2972 = DIRECTION('',(0.,1.,0.));
#2973 = DIRECTION('',(0.,0.,-1.));
#2974 = ADVANCED_FACE('',(#2975,#3016,#3050,#3244,#3278),#3312,.T.);
#2975 = FACE_BOUND('',#2976,.T.);
#2976 = EDGE_LOOP('',(#2977,#2978,#2979,#2985,#2986,#2994,#3002,#3010));
#2977 = ORIENTED_EDGE('',*,*,#2773,.F.);
#2978 = ORIENTED_EDGE('',*,*,#2954,.T.);
#2979 = ORIENTED_EDGE('',*,*,#2980,.F.);
#2980 = EDGE_CURVE('',#2837,#2955,#2981,.T.);
#2981 = LINE('',#2982,#2983);
#2982 = CARTESIAN_POINT('',(-2.375,-1.775,4.2));
#2983 = VECTOR('',#2984,1.);
#2984 = DIRECTION('',(0.,1.,0.));
#2985 = ORIENTED_EDGE('',*,*,#2844,.T.);
#2986 = ORIENTED_EDGE('',*,*,#2987,.T.);
#2987 = EDGE_CURVE('',#2845,#2988,#2990,.T.);
#2988 = VERTEX_POINT('',#2989);
#2989 = CARTESIAN_POINT('',(2.375,0.175,4.2));
#2990 = LINE('',#2991,#2992);
#2991 = CARTESIAN_POINT('',(2.375,-1.775,4.2));
#2992 = VECTOR('',#2993,1.);
#2993 = DIRECTION('',(0.,1.,0.));
#2994 = ORIENTED_EDGE('',*,*,#2995,.T.);
#2995 = EDGE_CURVE('',#2988,#2996,#2998,.T.);
#2996 = VERTEX_POINT('',#2997);
#2997 = CARTESIAN_POINT('',(2.875,0.175,4.2));
#2998 = LINE('',#2999,#3000);
#2999 = CARTESIAN_POINT('',(2.375,0.175,4.2));
#3000 = VECTOR('',#3001,1.);
#3001 = DIRECTION('',(1.,0.,0.));
#3002 = ORIENTED_EDGE('',*,*,#3003,.T.);
#3003 = EDGE_CURVE('',#2996,#3004,#3006,.T.);
#3004 = VERTEX_POINT('',#3005);
#3005 = CARTESIAN_POINT('',(2.875,2.475,4.2));
#3006 = LINE('',#3007,#3008);
#3007 = CARTESIAN_POINT('',(2.875,-1.775,4.2));
#3008 = VECTOR('',#3009,1.);
#3009 = DIRECTION('',(0.,1.,0.));
#3010 = ORIENTED_EDGE('',*,*,#3011,.F.);
#3011 = EDGE_CURVE('',#2766,#3004,#3012,.T.);
#3012 = LINE('',#3013,#3014);
#3013 = CARTESIAN_POINT('',(-2.875,2.475,4.2));
#3014 = VECTOR('',#3015,1.);
#3015 = DIRECTION('',(1.,0.,0.));
#3016 = FACE_BOUND('',#3017,.T.);
#3017 = EDGE_LOOP('',(#3018,#3028,#3036,#3044));
#3018 = ORIENTED_EDGE('',*,*,#3019,.T.);
#3019 = EDGE_CURVE('',#3020,#3022,#3024,.T.);
#3020 = VERTEX_POINT('',#3021);
#3021 = CARTESIAN_POINT('',(-1.025,0.67,4.2));
#3022 = VERTEX_POINT('',#3023);
#3023 = CARTESIAN_POINT('',(-1.025,2.07,4.2));
#3024 = LINE('',#3025,#3026);
#3025 = CARTESIAN_POINT('',(-1.025,0.67,4.2));
#3026 = VECTOR('',#3027,1.);
#3027 = DIRECTION('',(0.,1.,0.));
#3028 = ORIENTED_EDGE('',*,*,#3029,.T.);
#3029 = EDGE_CURVE('',#3022,#3030,#3032,.T.);
#3030 = VERTEX_POINT('',#3031);
#3031 = CARTESIAN_POINT('',(1.025,2.07,4.2));
#3032 = LINE('',#3033,#3034);
#3033 = CARTESIAN_POINT('',(-1.025,2.07,4.2));
#3034 = VECTOR('',#3035,1.);
#3035 = DIRECTION('',(1.,0.,0.));
#3036 = ORIENTED_EDGE('',*,*,#3037,.F.);
#3037 = EDGE_CURVE('',#3038,#3030,#3040,.T.);
#3038 = VERTEX_POINT('',#3039);
#3039 = CARTESIAN_POINT('',(1.025,0.67,4.2));
#3040 = LINE('',#3041,#3042);
#3041 = CARTESIAN_POINT('',(1.025,0.67,4.2));
#3042 = VECTOR('',#3043,1.);
#3043 = DIRECTION('',(0.,1.,0.));
#3044 = ORIENTED_EDGE('',*,*,#3045,.F.);
#3045 = EDGE_CURVE('',#3020,#3038,#3046,.T.);
#3046 = LINE('',#3047,#3048);
#3047 = CARTESIAN_POINT('',(-1.025,0.67,4.2));
#3048 = VECTOR('',#3049,1.);
#3049 = DIRECTION('',(1.,0.,0.));
#3050 = FACE_BOUND('',#3051,.T.);
#3051 = EDGE_LOOP('',(#3052,#3062,#3070,#3078,#3086,#3094,#3102,#3110,
    #3118,#3126,#3134,#3142,#3150,#3158,#3166,#3174,#3182,#3190,#3198,
    #3206,#3214,#3222,#3230,#3238));
#3052 = ORIENTED_EDGE('',*,*,#3053,.F.);
#3053 = EDGE_CURVE('',#3054,#3056,#3058,.T.);
#3054 = VERTEX_POINT('',#3055);
#3055 = CARTESIAN_POINT('',(1.875,-1.175,4.2));
#3056 = VERTEX_POINT('',#3057);
#3057 = CARTESIAN_POINT('',(1.875,0.875,4.2));
#3058 = LINE('',#3059,#3060);
#3059 = CARTESIAN_POINT('',(1.875,-1.175,4.2));
#3060 = VECTOR('',#3061,1.);
#3061 = DIRECTION('',(0.,1.,0.));
#3062 = ORIENTED_EDGE('',*,*,#3063,.F.);
#3063 = EDGE_CURVE('',#3064,#3054,#3066,.T.);
#3064 = VERTEX_POINT('',#3065);
#3065 = CARTESIAN_POINT('',(-1.875,-1.175,4.2));
#3066 = LINE('',#3067,#3068);
#3067 = CARTESIAN_POINT('',(-1.875,-1.175,4.2));
#3068 = VECTOR('',#3069,1.);
#3069 = DIRECTION('',(1.,0.,0.));
#3070 = ORIENTED_EDGE('',*,*,#3071,.F.);
#3071 = EDGE_CURVE('',#3072,#3064,#3074,.T.);
#3072 = VERTEX_POINT('',#3073);
#3073 = CARTESIAN_POINT('',(-1.875,0.875,4.2));
#3074 = LINE('',#3075,#3076);
#3075 = CARTESIAN_POINT('',(-1.875,0.875,4.2));
#3076 = VECTOR('',#3077,1.);
#3077 = DIRECTION('',(0.,-1.,0.));
#3078 = ORIENTED_EDGE('',*,*,#3079,.F.);
#3079 = EDGE_CURVE('',#3080,#3072,#3082,.T.);
#3080 = VERTEX_POINT('',#3081);
#3081 = CARTESIAN_POINT('',(-1.375,0.875,4.2));
#3082 = LINE('',#3083,#3084);
#3083 = CARTESIAN_POINT('',(-1.375,0.875,4.2));
#3084 = VECTOR('',#3085,1.);
#3085 = DIRECTION('',(-1.,0.,0.));
#3086 = ORIENTED_EDGE('',*,*,#3087,.F.);
#3087 = EDGE_CURVE('',#3088,#3080,#3090,.T.);
#3088 = VERTEX_POINT('',#3089);
#3089 = CARTESIAN_POINT('',(-1.375,0.375,4.2));
#3090 = LINE('',#3091,#3092);
#3091 = CARTESIAN_POINT('',(-1.375,0.375,4.2));
#3092 = VECTOR('',#3093,1.);
#3093 = DIRECTION('',(0.,1.,0.));
#3094 = ORIENTED_EDGE('',*,*,#3095,.F.);
#3095 = EDGE_CURVE('',#3096,#3088,#3098,.T.);
#3096 = VERTEX_POINT('',#3097);
#3097 = CARTESIAN_POINT('',(-0.875,0.375,4.2));
#3098 = LINE('',#3099,#3100);
#3099 = CARTESIAN_POINT('',(-0.875,0.375,4.2));
#3100 = VECTOR('',#3101,1.);
#3101 = DIRECTION('',(-1.,0.,0.));
#3102 = ORIENTED_EDGE('',*,*,#3103,.F.);
#3103 = EDGE_CURVE('',#3104,#3096,#3106,.T.);
#3104 = VERTEX_POINT('',#3105);
#3105 = CARTESIAN_POINT('',(-0.875,0.175,4.2));
#3106 = LINE('',#3107,#3108);
#3107 = CARTESIAN_POINT('',(-0.875,0.175,4.2));
#3108 = VECTOR('',#3109,1.);
#3109 = DIRECTION('',(0.,1.,0.));
#3110 = ORIENTED_EDGE('',*,*,#3111,.F.);
#3111 = EDGE_CURVE('',#3112,#3104,#3114,.T.);
#3112 = VERTEX_POINT('',#3113);
#3113 = CARTESIAN_POINT('',(-0.725,0.175,4.2));
#3114 = LINE('',#3115,#3116);
#3115 = CARTESIAN_POINT('',(-0.725,0.175,4.2));
#3116 = VECTOR('',#3117,1.);
#3117 = DIRECTION('',(-1.,0.,0.));
#3118 = ORIENTED_EDGE('',*,*,#3119,.F.);
#3119 = EDGE_CURVE('',#3120,#3112,#3122,.T.);
#3120 = VERTEX_POINT('',#3121);
#3121 = CARTESIAN_POINT('',(-0.725,0.375,4.2));
#3122 = LINE('',#3123,#3124);
#3123 = CARTESIAN_POINT('',(-0.725,0.375,4.2));
#3124 = VECTOR('',#3125,1.);
#3125 = DIRECTION('',(0.,-1.,0.));
#3126 = ORIENTED_EDGE('',*,*,#3127,.F.);
#3127 = EDGE_CURVE('',#3128,#3120,#3130,.T.);
#3128 = VERTEX_POINT('',#3129);
#3129 = CARTESIAN_POINT('',(-0.525,0.375,4.2));
#3130 = LINE('',#3131,#3132);
#3131 = CARTESIAN_POINT('',(-0.525,0.375,4.2));
#3132 = VECTOR('',#3133,1.);
#3133 = DIRECTION('',(-1.,0.,0.));
#3134 = ORIENTED_EDGE('',*,*,#3135,.F.);
#3135 = EDGE_CURVE('',#3136,#3128,#3138,.T.);
#3136 = VERTEX_POINT('',#3137);
#3137 = CARTESIAN_POINT('',(-0.525,0.175,4.2));
#3138 = LINE('',#3139,#3140);
#3139 = CARTESIAN_POINT('',(-0.525,0.175,4.2));
#3140 = VECTOR('',#3141,1.);
#3141 = DIRECTION('',(0.,1.,0.));
#3142 = ORIENTED_EDGE('',*,*,#3143,.F.);
#3143 = EDGE_CURVE('',#3144,#3136,#3146,.T.);
#3144 = VERTEX_POINT('',#3145);
#3145 = CARTESIAN_POINT('',(-0.375,0.175,4.2));
#3146 = LINE('',#3147,#3148);
#3147 = CARTESIAN_POINT('',(-0.375,0.175,4.2));
#3148 = VECTOR('',#3149,1.);
#3149 = DIRECTION('',(-1.,0.,0.));
#3150 = ORIENTED_EDGE('',*,*,#3151,.F.);
#3151 = EDGE_CURVE('',#3152,#3144,#3154,.T.);
#3152 = VERTEX_POINT('',#3153);
#3153 = CARTESIAN_POINT('',(-0.375,0.375,4.2));
#3154 = LINE('',#3155,#3156);
#3155 = CARTESIAN_POINT('',(-0.375,0.375,4.2));
#3156 = VECTOR('',#3157,1.);
#3157 = DIRECTION('',(0.,-1.,0.));
#3158 = ORIENTED_EDGE('',*,*,#3159,.F.);
#3159 = EDGE_CURVE('',#3160,#3152,#3162,.T.);
#3160 = VERTEX_POINT('',#3161);
#3161 = CARTESIAN_POINT('',(0.375,0.375,4.2));
#3162 = LINE('',#3163,#3164);
#3163 = CARTESIAN_POINT('',(0.375,0.375,4.2));
#3164 = VECTOR('',#3165,1.);
#3165 = DIRECTION('',(-1.,0.,0.));
#3166 = ORIENTED_EDGE('',*,*,#3167,.F.);
#3167 = EDGE_CURVE('',#3168,#3160,#3170,.T.);
#3168 = VERTEX_POINT('',#3169);
#3169 = CARTESIAN_POINT('',(0.375,0.175,4.2));
#3170 = LINE('',#3171,#3172);
#3171 = CARTESIAN_POINT('',(0.375,0.175,4.2));
#3172 = VECTOR('',#3173,1.);
#3173 = DIRECTION('',(0.,1.,0.));
#3174 = ORIENTED_EDGE('',*,*,#3175,.F.);
#3175 = EDGE_CURVE('',#3176,#3168,#3178,.T.);
#3176 = VERTEX_POINT('',#3177);
#3177 = CARTESIAN_POINT('',(0.525,0.175,4.2));
#3178 = LINE('',#3179,#3180);
#3179 = CARTESIAN_POINT('',(0.525,0.175,4.2));
#3180 = VECTOR('',#3181,1.);
#3181 = DIRECTION('',(-1.,0.,0.));
#3182 = ORIENTED_EDGE('',*,*,#3183,.F.);
#3183 = EDGE_CURVE('',#3184,#3176,#3186,.T.);
#3184 = VERTEX_POINT('',#3185);
#3185 = CARTESIAN_POINT('',(0.525,0.375,4.2));
#3186 = LINE('',#3187,#3188);
#3187 = CARTESIAN_POINT('',(0.525,0.375,4.2));
#3188 = VECTOR('',#3189,1.);
#3189 = DIRECTION('',(0.,-1.,0.));
#3190 = ORIENTED_EDGE('',*,*,#3191,.F.);
#3191 = EDGE_CURVE('',#3192,#3184,#3194,.T.);
#3192 = VERTEX_POINT('',#3193);
#3193 = CARTESIAN_POINT('',(0.725,0.375,4.2));
#3194 = LINE('',#3195,#3196);
#3195 = CARTESIAN_POINT('',(0.725,0.375,4.2));
#3196 = VECTOR('',#3197,1.);
#3197 = DIRECTION('',(-1.,0.,0.));
#3198 = ORIENTED_EDGE('',*,*,#3199,.F.);
#3199 = EDGE_CURVE('',#3200,#3192,#3202,.T.);
#3200 = VERTEX_POINT('',#3201);
#3201 = CARTESIAN_POINT('',(0.725,0.175,4.2));
#3202 = LINE('',#3203,#3204);
#3203 = CARTESIAN_POINT('',(0.725,0.175,4.2));
#3204 = VECTOR('',#3205,1.);
#3205 = DIRECTION('',(0.,1.,0.));
#3206 = ORIENTED_EDGE('',*,*,#3207,.F.);
#3207 = EDGE_CURVE('',#3208,#3200,#3210,.T.);
#3208 = VERTEX_POINT('',#3209);
#3209 = CARTESIAN_POINT('',(0.875,0.175,4.2));
#3210 = LINE('',#3211,#3212);
#3211 = CARTESIAN_POINT('',(0.875,0.175,4.2));
#3212 = VECTOR('',#3213,1.);
#3213 = DIRECTION('',(-1.,0.,0.));
#3214 = ORIENTED_EDGE('',*,*,#3215,.F.);
#3215 = EDGE_CURVE('',#3216,#3208,#3218,.T.);
#3216 = VERTEX_POINT('',#3217);
#3217 = CARTESIAN_POINT('',(0.875,0.375,4.2));
#3218 = LINE('',#3219,#3220);
#3219 = CARTESIAN_POINT('',(0.875,0.375,4.2));
#3220 = VECTOR('',#3221,1.);
#3221 = DIRECTION('',(0.,-1.,0.));
#3222 = ORIENTED_EDGE('',*,*,#3223,.F.);
#3223 = EDGE_CURVE('',#3224,#3216,#3226,.T.);
#3224 = VERTEX_POINT('',#3225);
#3225 = CARTESIAN_POINT('',(1.375,0.375,4.2));
#3226 = LINE('',#3227,#3228);
#3227 = CARTESIAN_POINT('',(1.375,0.375,4.2));
#3228 = VECTOR('',#3229,1.);
#3229 = DIRECTION('',(-1.,0.,0.));
#3230 = ORIENTED_EDGE('',*,*,#3231,.F.);
#3231 = EDGE_CURVE('',#3232,#3224,#3234,.T.);
#3232 = VERTEX_POINT('',#3233);
#3233 = CARTESIAN_POINT('',(1.375,0.875,4.2));
#3234 = LINE('',#3235,#3236);
#3235 = CARTESIAN_POINT('',(1.375,0.875,4.2));
#3236 = VECTOR('',#3237,1.);
#3237 = DIRECTION('',(0.,-1.,0.));
#3238 = ORIENTED_EDGE('',*,*,#3239,.F.);
#3239 = EDGE_CURVE('',#3056,#3232,#3240,.T.);
#3240 = LINE('',#3241,#3242);
#3241 = CARTESIAN_POINT('',(1.875,0.875,4.2));
#3242 = VECTOR('',#3243,1.);
#3243 = DIRECTION('',(-1.,0.,0.));
#3244 = FACE_BOUND('',#3245,.T.);
#3245 = EDGE_LOOP('',(#3246,#3256,#3264,#3272));
#3246 = ORIENTED_EDGE('',*,*,#3247,.T.);
#3247 = EDGE_CURVE('',#3248,#3250,#3252,.T.);
#3248 = VERTEX_POINT('',#3249);
#3249 = CARTESIAN_POINT('',(1.425,1.525,4.2));
#3250 = VERTEX_POINT('',#3251);
#3251 = CARTESIAN_POINT('',(1.425,2.125,4.2));
#3252 = LINE('',#3253,#3254);
#3253 = CARTESIAN_POINT('',(1.425,1.525,4.2));
#3254 = VECTOR('',#3255,1.);
#3255 = DIRECTION('',(0.,1.,0.));
#3256 = ORIENTED_EDGE('',*,*,#3257,.T.);
#3257 = EDGE_CURVE('',#3250,#3258,#3260,.T.);
#3258 = VERTEX_POINT('',#3259);
#3259 = CARTESIAN_POINT('',(2.525,2.125,4.2));
#3260 = LINE('',#3261,#3262);
#3261 = CARTESIAN_POINT('',(1.425,2.125,4.2));
#3262 = VECTOR('',#3263,1.);
#3263 = DIRECTION('',(1.,0.,0.));
#3264 = ORIENTED_EDGE('',*,*,#3265,.F.);
#3265 = EDGE_CURVE('',#3266,#3258,#3268,.T.);
#3266 = VERTEX_POINT('',#3267);
#3267 = CARTESIAN_POINT('',(2.525,1.525,4.2));
#3268 = LINE('',#3269,#3270);
#3269 = CARTESIAN_POINT('',(2.525,1.525,4.2));
#3270 = VECTOR('',#3271,1.);
#3271 = DIRECTION('',(0.,1.,0.));
#3272 = ORIENTED_EDGE('',*,*,#3273,.F.);
#3273 = EDGE_CURVE('',#3248,#3266,#3274,.T.);
#3274 = LINE('',#3275,#3276);
#3275 = CARTESIAN_POINT('',(1.425,1.525,4.2));
#3276 = VECTOR('',#3277,1.);
#3277 = DIRECTION('',(1.,0.,0.));
#3278 = FACE_BOUND('',#3279,.T.);
#3279 = EDGE_LOOP('',(#3280,#3290,#3298,#3306));
#3280 = ORIENTED_EDGE('',*,*,#3281,.T.);
#3281 = EDGE_CURVE('',#3282,#3284,#3286,.T.);
#3282 = VERTEX_POINT('',#3283);
#3283 = CARTESIAN_POINT('',(-2.525,1.525,4.2));
#3284 = VERTEX_POINT('',#3285);
#3285 = CARTESIAN_POINT('',(-2.525,2.125,4.2));
#3286 = LINE('',#3287,#3288);
#3287 = CARTESIAN_POINT('',(-2.525,1.525,4.2));
#3288 = VECTOR('',#3289,1.);
#3289 = DIRECTION('',(0.,1.,0.));
#3290 = ORIENTED_EDGE('',*,*,#3291,.T.);
#3291 = EDGE_CURVE('',#3284,#3292,#3294,.T.);
#3292 = VERTEX_POINT('',#3293);
#3293 = CARTESIAN_POINT('',(-1.425,2.125,4.2));
#3294 = LINE('',#3295,#3296);
#3295 = CARTESIAN_POINT('',(-2.525,2.125,4.2));
#3296 = VECTOR('',#3297,1.);
#3297 = DIRECTION('',(1.,0.,0.));
#3298 = ORIENTED_EDGE('',*,*,#3299,.F.);
#3299 = EDGE_CURVE('',#3300,#3292,#3302,.T.);
#3300 = VERTEX_POINT('',#3301);
#3301 = CARTESIAN_POINT('',(-1.425,1.525,4.2));
#3302 = LINE('',#3303,#3304);
#3303 = CARTESIAN_POINT('',(-1.425,1.525,4.2));
#3304 = VECTOR('',#3305,1.);
#3305 = DIRECTION('',(0.,1.,0.));
#3306 = ORIENTED_EDGE('',*,*,#3307,.F.);
#3307 = EDGE_CURVE('',#3282,#3300,#3308,.T.);
#3308 = LINE('',#3309,#3310);
#3309 = CARTESIAN_POINT('',(-2.525,1.525,4.2));
#3310 = VECTOR('',#3311,1.);
#3311 = DIRECTION('',(1.,0.,0.));
#3312 = PLANE('',#3313);
#3313 = AXIS2_PLACEMENT_3D('',#3314,#3315,#3316);
#3314 = CARTESIAN_POINT('',(-2.875,-1.775,4.2));
#3315 = DIRECTION('',(0.,0.,1.));
#3316 = DIRECTION('',(1.,0.,-0.));
#3317 = ADVANCED_FACE('',(#3318),#3384,.T.);
#3318 = FACE_BOUND('',#3319,.T.);
#3319 = EDGE_LOOP('',(#3320,#3330,#3338,#3346,#3352,#3353,#3354,#3362,
    #3370,#3378));
#3320 = ORIENTED_EDGE('',*,*,#3321,.F.);
#3321 = EDGE_CURVE('',#3322,#3324,#3326,.T.);
#3322 = VERTEX_POINT('',#3323);
#3323 = CARTESIAN_POINT('',(-2.375,2.475,0.15));
#3324 = VERTEX_POINT('',#3325);
#3325 = CARTESIAN_POINT('',(2.375,2.475,0.15));
#3326 = LINE('',#3327,#3328);
#3327 = CARTESIAN_POINT('',(-2.875,2.475,0.15));
#3328 = VECTOR('',#3329,1.);
#3329 = DIRECTION('',(1.,0.,0.));
#3330 = ORIENTED_EDGE('',*,*,#3331,.F.);
#3331 = EDGE_CURVE('',#3332,#3322,#3334,.T.);
#3332 = VERTEX_POINT('',#3333);
#3333 = CARTESIAN_POINT('',(-2.375,2.475,2.05));
#3334 = LINE('',#3335,#3336);
#3335 = CARTESIAN_POINT('',(-2.375,2.475,2.05));
#3336 = VECTOR('',#3337,1.);
#3337 = DIRECTION('',(0.,0.,-1.));
#3338 = ORIENTED_EDGE('',*,*,#3339,.F.);
#3339 = EDGE_CURVE('',#3340,#3332,#3342,.T.);
#3340 = VERTEX_POINT('',#3341);
#3341 = CARTESIAN_POINT('',(-2.575,2.475,2.05));
#3342 = LINE('',#3343,#3344);
#3343 = CARTESIAN_POINT('',(-2.875,2.475,2.05));
#3344 = VECTOR('',#3345,1.);
#3345 = DIRECTION('',(1.,0.,0.));
#3346 = ORIENTED_EDGE('',*,*,#3347,.F.);
#3347 = EDGE_CURVE('',#2758,#3340,#3348,.T.);
#3348 = LINE('',#3349,#3350);
#3349 = CARTESIAN_POINT('',(-2.875,2.475,2.05));
#3350 = VECTOR('',#3351,1.);
#3351 = DIRECTION('',(1.,0.,0.));
#3352 = ORIENTED_EDGE('',*,*,#2765,.T.);
#3353 = ORIENTED_EDGE('',*,*,#3011,.T.);
#3354 = ORIENTED_EDGE('',*,*,#3355,.F.);
#3355 = EDGE_CURVE('',#3356,#3004,#3358,.T.);
#3356 = VERTEX_POINT('',#3357);
#3357 = CARTESIAN_POINT('',(2.875,2.475,2.05));
#3358 = LINE('',#3359,#3360);
#3359 = CARTESIAN_POINT('',(2.875,2.475,0.15));
#3360 = VECTOR('',#3361,1.);
#3361 = DIRECTION('',(0.,0.,1.));
#3362 = ORIENTED_EDGE('',*,*,#3363,.F.);
#3363 = EDGE_CURVE('',#3364,#3356,#3366,.T.);
#3364 = VERTEX_POINT('',#3365);
#3365 = CARTESIAN_POINT('',(2.575,2.475,2.05));
#3366 = LINE('',#3367,#3368);
#3367 = CARTESIAN_POINT('',(2.375,2.475,2.05));
#3368 = VECTOR('',#3369,1.);
#3369 = DIRECTION('',(1.,0.,0.));
#3370 = ORIENTED_EDGE('',*,*,#3371,.F.);
#3371 = EDGE_CURVE('',#3372,#3364,#3374,.T.);
#3372 = VERTEX_POINT('',#3373);
#3373 = CARTESIAN_POINT('',(2.375,2.475,2.05));
#3374 = LINE('',#3375,#3376);
#3375 = CARTESIAN_POINT('',(2.375,2.475,2.05));
#3376 = VECTOR('',#3377,1.);
#3377 = DIRECTION('',(1.,0.,0.));
#3378 = ORIENTED_EDGE('',*,*,#3379,.T.);
#3379 = EDGE_CURVE('',#3372,#3324,#3380,.T.);
#3380 = LINE('',#3381,#3382);
#3381 = CARTESIAN_POINT('',(2.375,2.475,2.05));
#3382 = VECTOR('',#3383,1.);
#3383 = DIRECTION('',(0.,0.,-1.));
#3384 = PLANE('',#3385);
#3385 = AXIS2_PLACEMENT_3D('',#3386,#3387,#3388);
#3386 = CARTESIAN_POINT('',(-2.875,2.475,0.15));
#3387 = DIRECTION('',(0.,1.,0.));
#3388 = DIRECTION('',(0.,-0.,1.));
#3389 = ADVANCED_FACE('',(#3390),#3408,.F.);
#3390 = FACE_BOUND('',#3391,.F.);
#3391 = EDGE_LOOP('',(#3392,#3393,#3401,#3407));
#3392 = ORIENTED_EDGE('',*,*,#2757,.F.);
#3393 = ORIENTED_EDGE('',*,*,#3394,.T.);
#3394 = EDGE_CURVE('',#2750,#3395,#3397,.T.);
#3395 = VERTEX_POINT('',#3396);
#3396 = CARTESIAN_POINT('',(-2.575,1.825,2.05));
#3397 = LINE('',#3398,#3399);
#3398 = CARTESIAN_POINT('',(-2.875,1.825,2.05));
#3399 = VECTOR('',#3400,1.);
#3400 = DIRECTION('',(1.,0.,0.));
#3401 = ORIENTED_EDGE('',*,*,#3402,.F.);
#3402 = EDGE_CURVE('',#3340,#3395,#3403,.T.);
#3403 = LINE('',#3404,#3405);
#3404 = CARTESIAN_POINT('',(-2.575,2.475,2.05));
#3405 = VECTOR('',#3406,1.);
#3406 = DIRECTION('',(0.,-1.,0.));
#3407 = ORIENTED_EDGE('',*,*,#3347,.F.);
#3408 = PLANE('',#3409);
#3409 = AXIS2_PLACEMENT_3D('',#3410,#3411,#3412);
#3410 = CARTESIAN_POINT('',(-2.875,1.825,2.05));
#3411 = DIRECTION('',(0.,0.,1.));
#3412 = DIRECTION('',(0.,1.,0.));
#3413 = ADVANCED_FACE('',(#3414),#3448,.F.);
#3414 = FACE_BOUND('',#3415,.F.);
#3415 = EDGE_LOOP('',(#3416,#3417,#3425,#3433,#3441,#3447));
#3416 = ORIENTED_EDGE('',*,*,#2749,.F.);
#3417 = ORIENTED_EDGE('',*,*,#3418,.T.);
#3418 = EDGE_CURVE('',#2742,#3419,#3421,.T.);
#3419 = VERTEX_POINT('',#3420);
#3420 = CARTESIAN_POINT('',(-2.575,1.825,0.75));
#3421 = LINE('',#3422,#3423);
#3422 = CARTESIAN_POINT('',(-2.875,1.825,0.75));
#3423 = VECTOR('',#3424,1.);
#3424 = DIRECTION('',(1.,0.,0.));
#3425 = ORIENTED_EDGE('',*,*,#3426,.T.);
#3426 = EDGE_CURVE('',#3419,#3427,#3429,.T.);
#3427 = VERTEX_POINT('',#3428);
#3428 = CARTESIAN_POINT('',(-2.575,1.825,0.8));
#3429 = LINE('',#3430,#3431);
#3430 = CARTESIAN_POINT('',(-2.575,1.825,0.885392234548));
#3431 = VECTOR('',#3432,1.);
#3432 = DIRECTION('',(0.,0.,1.));
#3433 = ORIENTED_EDGE('',*,*,#3434,.F.);
#3434 = EDGE_CURVE('',#3435,#3427,#3437,.T.);
#3435 = VERTEX_POINT('',#3436);
#3436 = CARTESIAN_POINT('',(-2.575,1.825,1.51));
#3437 = LINE('',#3438,#3439);
#3438 = CARTESIAN_POINT('',(-2.575,1.825,1.51));
#3439 = VECTOR('',#3440,1.);
#3440 = DIRECTION('',(0.,0.,-1.));
#3441 = ORIENTED_EDGE('',*,*,#3442,.T.);
#3442 = EDGE_CURVE('',#3435,#3395,#3443,.T.);
#3443 = LINE('',#3444,#3445);
#3444 = CARTESIAN_POINT('',(-2.575,1.825,0.885392234548));
#3445 = VECTOR('',#3446,1.);
#3446 = DIRECTION('',(0.,0.,1.));
#3447 = ORIENTED_EDGE('',*,*,#3394,.F.);
#3448 = PLANE('',#3449);
#3449 = AXIS2_PLACEMENT_3D('',#3450,#3451,#3452);
#3450 = CARTESIAN_POINT('',(-2.875,1.825,0.75));
#3451 = DIRECTION('',(0.,-1.,0.));
#3452 = DIRECTION('',(0.,0.,1.));
#3453 = ADVANCED_FACE('',(#3454),#3472,.F.);
#3454 = FACE_BOUND('',#3455,.F.);
#3455 = EDGE_LOOP('',(#3456,#3457,#3465,#3471));
#3456 = ORIENTED_EDGE('',*,*,#2741,.F.);
#3457 = ORIENTED_EDGE('',*,*,#3458,.T.);
#3458 = EDGE_CURVE('',#2734,#3459,#3461,.T.);
#3459 = VERTEX_POINT('',#3460);
#3460 = CARTESIAN_POINT('',(-2.575,0.225,0.75));
#3461 = LINE('',#3462,#3463);
#3462 = CARTESIAN_POINT('',(-2.875,0.225,0.75));
#3463 = VECTOR('',#3464,1.);
#3464 = DIRECTION('',(1.,0.,0.));
#3465 = ORIENTED_EDGE('',*,*,#3466,.T.);
#3466 = EDGE_CURVE('',#3459,#3419,#3467,.T.);
#3467 = LINE('',#3468,#3469);
#3468 = CARTESIAN_POINT('',(-2.575,0.739944532488,0.75));
#3469 = VECTOR('',#3470,1.);
#3470 = DIRECTION('',(0.,1.,0.));
#3471 = ORIENTED_EDGE('',*,*,#3418,.F.);
#3472 = PLANE('',#3473);
#3473 = AXIS2_PLACEMENT_3D('',#3474,#3475,#3476);
#3474 = CARTESIAN_POINT('',(-2.875,0.225,0.75));
#3475 = DIRECTION('',(0.,0.,1.));
#3476 = DIRECTION('',(0.,1.,0.));
#3477 = ADVANCED_FACE('',(#3478),#3512,.F.);
#3478 = FACE_BOUND('',#3479,.F.);
#3479 = EDGE_LOOP('',(#3480,#3481,#3489,#3497,#3505,#3511));
#3480 = ORIENTED_EDGE('',*,*,#2733,.F.);
#3481 = ORIENTED_EDGE('',*,*,#3482,.T.);
#3482 = EDGE_CURVE('',#2726,#3483,#3485,.T.);
#3483 = VERTEX_POINT('',#3484);
#3484 = CARTESIAN_POINT('',(-2.375,0.225,0.15));
#3485 = LINE('',#3486,#3487);
#3486 = CARTESIAN_POINT('',(-2.875,0.225,0.15));
#3487 = VECTOR('',#3488,1.);
#3488 = DIRECTION('',(1.,0.,0.));
#3489 = ORIENTED_EDGE('',*,*,#3490,.T.);
#3490 = EDGE_CURVE('',#3483,#3491,#3493,.T.);
#3491 = VERTEX_POINT('',#3492);
#3492 = CARTESIAN_POINT('',(-2.375,0.225,0.37));
#3493 = LINE('',#3494,#3495);
#3494 = CARTESIAN_POINT('',(-2.375,0.225,0.15));
#3495 = VECTOR('',#3496,1.);
#3496 = DIRECTION('',(0.,0.,1.));
#3497 = ORIENTED_EDGE('',*,*,#3498,.T.);
#3498 = EDGE_CURVE('',#3491,#3499,#3501,.T.);
#3499 = VERTEX_POINT('',#3500);
#3500 = CARTESIAN_POINT('',(-2.575,0.225,0.37));
#3501 = LINE('',#3502,#3503);
#3502 = CARTESIAN_POINT('',(-2.725,0.225,0.37));
#3503 = VECTOR('',#3504,1.);
#3504 = DIRECTION('',(-1.,0.,0.));
#3505 = ORIENTED_EDGE('',*,*,#3506,.T.);
#3506 = EDGE_CURVE('',#3499,#3459,#3507,.T.);
#3507 = LINE('',#3508,#3509);
#3508 = CARTESIAN_POINT('',(-2.575,0.225,0.585392234548));
#3509 = VECTOR('',#3510,1.);
#3510 = DIRECTION('',(0.,0.,1.));
#3511 = ORIENTED_EDGE('',*,*,#3458,.F.);
#3512 = PLANE('',#3513);
#3513 = AXIS2_PLACEMENT_3D('',#3514,#3515,#3516);
#3514 = CARTESIAN_POINT('',(-2.875,0.225,0.15));
#3515 = DIRECTION('',(0.,-1.,0.));
#3516 = DIRECTION('',(0.,0.,1.));
#3517 = ADVANCED_FACE('',(#3518,#3575),#3609,.F.);
#3518 = FACE_BOUND('',#3519,.F.);
#3519 = EDGE_LOOP('',(#3520,#3521,#3529,#3537,#3545,#3553,#3559,#3560,
    #3568,#3574));
#3520 = ORIENTED_EDGE('',*,*,#2725,.F.);
#3521 = ORIENTED_EDGE('',*,*,#3522,.T.);
#3522 = EDGE_CURVE('',#2718,#3523,#3525,.T.);
#3523 = VERTEX_POINT('',#3524);
#3524 = CARTESIAN_POINT('',(2.875,-0.825,0.15));
#3525 = LINE('',#3526,#3527);
#3526 = CARTESIAN_POINT('',(-2.875,-0.825,0.15));
#3527 = VECTOR('',#3528,1.);
#3528 = DIRECTION('',(1.,0.,0.));
#3529 = ORIENTED_EDGE('',*,*,#3530,.T.);
#3530 = EDGE_CURVE('',#3523,#3531,#3533,.T.);
#3531 = VERTEX_POINT('',#3532);
#3532 = CARTESIAN_POINT('',(2.875,0.225,0.15));
#3533 = LINE('',#3534,#3535);
#3534 = CARTESIAN_POINT('',(2.875,-1.775,0.15));
#3535 = VECTOR('',#3536,1.);
#3536 = DIRECTION('',(0.,1.,0.));
#3537 = ORIENTED_EDGE('',*,*,#3538,.F.);
#3538 = EDGE_CURVE('',#3539,#3531,#3541,.T.);
#3539 = VERTEX_POINT('',#3540);
#3540 = CARTESIAN_POINT('',(2.375,0.225,0.15));
#3541 = LINE('',#3542,#3543);
#3542 = CARTESIAN_POINT('',(2.375,0.225,0.15));
#3543 = VECTOR('',#3544,1.);
#3544 = DIRECTION('',(1.,0.,0.));
#3545 = ORIENTED_EDGE('',*,*,#3546,.F.);
#3546 = EDGE_CURVE('',#3547,#3539,#3549,.T.);
#3547 = VERTEX_POINT('',#3548);
#3548 = CARTESIAN_POINT('',(2.375,0.255,0.15));
#3549 = LINE('',#3550,#3551);
#3550 = CARTESIAN_POINT('',(2.375,2.475,0.15));
#3551 = VECTOR('',#3552,1.);
#3552 = DIRECTION('',(0.,-1.,0.));
#3553 = ORIENTED_EDGE('',*,*,#3554,.F.);
#3554 = EDGE_CURVE('',#3324,#3547,#3555,.T.);
#3555 = LINE('',#3556,#3557);
#3556 = CARTESIAN_POINT('',(2.375,2.475,0.15));
#3557 = VECTOR('',#3558,1.);
#3558 = DIRECTION('',(0.,-1.,0.));
#3559 = ORIENTED_EDGE('',*,*,#3321,.F.);
#3560 = ORIENTED_EDGE('',*,*,#3561,.T.);
#3561 = EDGE_CURVE('',#3322,#3562,#3564,.T.);
#3562 = VERTEX_POINT('',#3563);
#3563 = CARTESIAN_POINT('',(-2.375,0.255,0.15));
#3564 = LINE('',#3565,#3566);
#3565 = CARTESIAN_POINT('',(-2.375,2.475,0.15));
#3566 = VECTOR('',#3567,1.);
#3567 = DIRECTION('',(0.,-1.,0.));
#3568 = ORIENTED_EDGE('',*,*,#3569,.T.);
#3569 = EDGE_CURVE('',#3562,#3483,#3570,.T.);
#3570 = LINE('',#3571,#3572);
#3571 = CARTESIAN_POINT('',(-2.375,2.475,0.15));
#3572 = VECTOR('',#3573,1.);
#3573 = DIRECTION('',(0.,-1.,0.));
#3574 = ORIENTED_EDGE('',*,*,#3482,.F.);
#3575 = FACE_BOUND('',#3576,.F.);
#3576 = EDGE_LOOP('',(#3577,#3587,#3595,#3603));
#3577 = ORIENTED_EDGE('',*,*,#3578,.T.);
#3578 = EDGE_CURVE('',#3579,#3581,#3583,.T.);
#3579 = VERTEX_POINT('',#3580);
#3580 = CARTESIAN_POINT('',(-1.025,0.67,0.15));
#3581 = VERTEX_POINT('',#3582);
#3582 = CARTESIAN_POINT('',(-1.025,2.07,0.15));
#3583 = LINE('',#3584,#3585);
#3584 = CARTESIAN_POINT('',(-1.025,0.67,0.15));
#3585 = VECTOR('',#3586,1.);
#3586 = DIRECTION('',(0.,1.,0.));
#3587 = ORIENTED_EDGE('',*,*,#3588,.T.);
#3588 = EDGE_CURVE('',#3581,#3589,#3591,.T.);
#3589 = VERTEX_POINT('',#3590);
#3590 = CARTESIAN_POINT('',(1.025,2.07,0.15));
#3591 = LINE('',#3592,#3593);
#3592 = CARTESIAN_POINT('',(-1.025,2.07,0.15));
#3593 = VECTOR('',#3594,1.);
#3594 = DIRECTION('',(1.,0.,0.));
#3595 = ORIENTED_EDGE('',*,*,#3596,.F.);
#3596 = EDGE_CURVE('',#3597,#3589,#3599,.T.);
#3597 = VERTEX_POINT('',#3598);
#3598 = CARTESIAN_POINT('',(1.025,0.67,0.15));
#3599 = LINE('',#3600,#3601);
#3600 = CARTESIAN_POINT('',(1.025,0.67,0.15));
#3601 = VECTOR('',#3602,1.);
#3602 = DIRECTION('',(0.,1.,0.));
#3603 = ORIENTED_EDGE('',*,*,#3604,.F.);
#3604 = EDGE_CURVE('',#3579,#3597,#3605,.T.);
#3605 = LINE('',#3606,#3607);
#3606 = CARTESIAN_POINT('',(-1.025,0.67,0.15));
#3607 = VECTOR('',#3608,1.);
#3608 = DIRECTION('',(1.,0.,0.));
#3609 = PLANE('',#3610);
#3610 = AXIS2_PLACEMENT_3D('',#3611,#3612,#3613);
#3611 = CARTESIAN_POINT('',(-2.875,-1.775,0.15));
#3612 = DIRECTION('',(0.,0.,1.));
#3613 = DIRECTION('',(1.,0.,-0.));
#3614 = ADVANCED_FACE('',(#3615),#3697,.T.);
#3615 = FACE_BOUND('',#3616,.T.);
#3616 = EDGE_LOOP('',(#3617,#3618,#3619,#3627,#3635,#3643,#3651,#3659,
    #3667,#3675,#3683,#3691));
#3617 = ORIENTED_EDGE('',*,*,#2717,.F.);
#3618 = ORIENTED_EDGE('',*,*,#3522,.T.);
#3619 = ORIENTED_EDGE('',*,*,#3620,.T.);
#3620 = EDGE_CURVE('',#3523,#3621,#3623,.T.);
#3621 = VERTEX_POINT('',#3622);
#3622 = CARTESIAN_POINT('',(2.875,-0.825,0.65));
#3623 = LINE('',#3624,#3625);
#3624 = CARTESIAN_POINT('',(2.875,-0.825,0.15));
#3625 = VECTOR('',#3626,1.);
#3626 = DIRECTION('',(0.,0.,1.));
#3627 = ORIENTED_EDGE('',*,*,#3628,.F.);
#3628 = EDGE_CURVE('',#3629,#3621,#3631,.T.);
#3629 = VERTEX_POINT('',#3630);
#3630 = CARTESIAN_POINT('',(0.725,-0.825,0.65));
#3631 = LINE('',#3632,#3633);
#3632 = CARTESIAN_POINT('',(-2.875,-0.825,0.65));
#3633 = VECTOR('',#3634,1.);
#3634 = DIRECTION('',(1.,0.,0.));
#3635 = ORIENTED_EDGE('',*,*,#3636,.T.);
#3636 = EDGE_CURVE('',#3629,#3637,#3639,.T.);
#3637 = VERTEX_POINT('',#3638);
#3638 = CARTESIAN_POINT('',(0.725,-0.825,0.25));
#3639 = LINE('',#3640,#3641);
#3640 = CARTESIAN_POINT('',(0.725,-0.825,0.833506759144));
#3641 = VECTOR('',#3642,1.);
#3642 = DIRECTION('',(0.,0.,-1.));
#3643 = ORIENTED_EDGE('',*,*,#3644,.F.);
#3644 = EDGE_CURVE('',#3645,#3637,#3647,.T.);
#3645 = VERTEX_POINT('',#3646);
#3646 = CARTESIAN_POINT('',(0.525,-0.825,0.25));
#3647 = LINE('',#3648,#3649);
#3648 = CARTESIAN_POINT('',(-1.175,-0.825,0.25));
#3649 = VECTOR('',#3650,1.);
#3650 = DIRECTION('',(1.,0.,0.));
#3651 = ORIENTED_EDGE('',*,*,#3652,.F.);
#3652 = EDGE_CURVE('',#3653,#3645,#3655,.T.);
#3653 = VERTEX_POINT('',#3654);
#3654 = CARTESIAN_POINT('',(0.525,-0.825,0.65));
#3655 = LINE('',#3656,#3657);
#3656 = CARTESIAN_POINT('',(0.525,-0.825,0.833506759144));
#3657 = VECTOR('',#3658,1.);
#3658 = DIRECTION('',(0.,0.,-1.));
#3659 = ORIENTED_EDGE('',*,*,#3660,.F.);
#3660 = EDGE_CURVE('',#3661,#3653,#3663,.T.);
#3661 = VERTEX_POINT('',#3662);
#3662 = CARTESIAN_POINT('',(-0.525,-0.825,0.65));
#3663 = LINE('',#3664,#3665);
#3664 = CARTESIAN_POINT('',(-2.875,-0.825,0.65));
#3665 = VECTOR('',#3666,1.);
#3666 = DIRECTION('',(1.,0.,0.));
#3667 = ORIENTED_EDGE('',*,*,#3668,.T.);
#3668 = EDGE_CURVE('',#3661,#3669,#3671,.T.);
#3669 = VERTEX_POINT('',#3670);
#3670 = CARTESIAN_POINT('',(-0.525,-0.825,0.25));
#3671 = LINE('',#3672,#3673);
#3672 = CARTESIAN_POINT('',(-0.525,-0.825,0.833506759144));
#3673 = VECTOR('',#3674,1.);
#3674 = DIRECTION('',(0.,0.,-1.));
#3675 = ORIENTED_EDGE('',*,*,#3676,.F.);
#3676 = EDGE_CURVE('',#3677,#3669,#3679,.T.);
#3677 = VERTEX_POINT('',#3678);
#3678 = CARTESIAN_POINT('',(-0.725,-0.825,0.25));
#3679 = LINE('',#3680,#3681);
#3680 = CARTESIAN_POINT('',(-1.8,-0.825,0.25));
#3681 = VECTOR('',#3682,1.);
#3682 = DIRECTION('',(1.,0.,0.));
#3683 = ORIENTED_EDGE('',*,*,#3684,.F.);
#3684 = EDGE_CURVE('',#3685,#3677,#3687,.T.);
#3685 = VERTEX_POINT('',#3686);
#3686 = CARTESIAN_POINT('',(-0.725,-0.825,0.65));
#3687 = LINE('',#3688,#3689);
#3688 = CARTESIAN_POINT('',(-0.725,-0.825,0.833506759144));
#3689 = VECTOR('',#3690,1.);
#3690 = DIRECTION('',(0.,0.,-1.));
#3691 = ORIENTED_EDGE('',*,*,#3692,.F.);
#3692 = EDGE_CURVE('',#2710,#3685,#3693,.T.);
#3693 = LINE('',#3694,#3695);
#3694 = CARTESIAN_POINT('',(-2.875,-0.825,0.65));
#3695 = VECTOR('',#3696,1.);
#3696 = DIRECTION('',(1.,0.,0.));
#3697 = PLANE('',#3698);
#3698 = AXIS2_PLACEMENT_3D('',#3699,#3700,#3701);
#3699 = CARTESIAN_POINT('',(-2.875,-0.825,0.15));
#3700 = DIRECTION('',(0.,-1.,0.));
#3701 = DIRECTION('',(0.,0.,1.));
#3702 = ADVANCED_FACE('',(#3703),#3729,.T.);
#3703 = FACE_BOUND('',#3704,.T.);
#3704 = EDGE_LOOP('',(#3705,#3706,#3707,#3715,#3723));
#3705 = ORIENTED_EDGE('',*,*,#2709,.F.);
#3706 = ORIENTED_EDGE('',*,*,#3692,.T.);
#3707 = ORIENTED_EDGE('',*,*,#3708,.F.);
#3708 = EDGE_CURVE('',#3709,#3685,#3711,.T.);
#3709 = VERTEX_POINT('',#3710);
#3710 = CARTESIAN_POINT('',(-0.725,-1.1054,0.65));
#3711 = LINE('',#3712,#3713);
#3712 = CARTESIAN_POINT('',(-0.725,-0.745316843276,0.65));
#3713 = VECTOR('',#3714,1.);
#3714 = DIRECTION('',(0.,1.,0.));
#3715 = ORIENTED_EDGE('',*,*,#3716,.F.);
#3716 = EDGE_CURVE('',#3717,#3709,#3719,.T.);
#3717 = VERTEX_POINT('',#3718);
#3718 = CARTESIAN_POINT('',(-0.725,-1.575,0.65));
#3719 = LINE('',#3720,#3721);
#3720 = CARTESIAN_POINT('',(-0.725,-1.7754,0.65));
#3721 = VECTOR('',#3722,1.);
#3722 = DIRECTION('',(0.,1.,0.));
#3723 = ORIENTED_EDGE('',*,*,#3724,.F.);
#3724 = EDGE_CURVE('',#2702,#3717,#3725,.T.);
#3725 = LINE('',#3726,#3727);
#3726 = CARTESIAN_POINT('',(-2.875,-1.575,0.65));
#3727 = VECTOR('',#3728,1.);
#3728 = DIRECTION('',(1.,0.,0.));
#3729 = PLANE('',#3730);
#3730 = AXIS2_PLACEMENT_3D('',#3731,#3732,#3733);
#3731 = CARTESIAN_POINT('',(-2.875,-0.825,0.65));
#3732 = DIRECTION('',(0.,0.,-1.));
#3733 = DIRECTION('',(0.,-1.,0.));
#3734 = ADVANCED_FACE('',(#3735),#3785,.T.);
#3735 = FACE_BOUND('',#3736,.T.);
#3736 = EDGE_LOOP('',(#3737,#3738,#3746,#3754,#3762,#3770,#3778,#3784));
#3737 = ORIENTED_EDGE('',*,*,#3724,.T.);
#3738 = ORIENTED_EDGE('',*,*,#3739,.T.);
#3739 = EDGE_CURVE('',#3717,#3740,#3742,.T.);
#3740 = VERTEX_POINT('',#3741);
#3741 = CARTESIAN_POINT('',(-0.525,-1.575,0.65));
#3742 = LINE('',#3743,#3744);
#3743 = CARTESIAN_POINT('',(-2.875,-1.575,0.65));
#3744 = VECTOR('',#3745,1.);
#3745 = DIRECTION('',(1.,0.,0.));
#3746 = ORIENTED_EDGE('',*,*,#3747,.T.);
#3747 = EDGE_CURVE('',#3740,#3748,#3750,.T.);
#3748 = VERTEX_POINT('',#3749);
#3749 = CARTESIAN_POINT('',(0.525,-1.575,0.65));
#3750 = LINE('',#3751,#3752);
#3751 = CARTESIAN_POINT('',(-2.875,-1.575,0.65));
#3752 = VECTOR('',#3753,1.);
#3753 = DIRECTION('',(1.,0.,0.));
#3754 = ORIENTED_EDGE('',*,*,#3755,.T.);
#3755 = EDGE_CURVE('',#3748,#3756,#3758,.T.);
#3756 = VERTEX_POINT('',#3757);
#3757 = CARTESIAN_POINT('',(0.725,-1.575,0.65));
#3758 = LINE('',#3759,#3760);
#3759 = CARTESIAN_POINT('',(-2.875,-1.575,0.65));
#3760 = VECTOR('',#3761,1.);
#3761 = DIRECTION('',(1.,0.,0.));
#3762 = ORIENTED_EDGE('',*,*,#3763,.T.);
#3763 = EDGE_CURVE('',#3756,#3764,#3766,.T.);
#3764 = VERTEX_POINT('',#3765);
#3765 = CARTESIAN_POINT('',(2.875,-1.575,0.65));
#3766 = LINE('',#3767,#3768);
#3767 = CARTESIAN_POINT('',(-2.875,-1.575,0.65));
#3768 = VECTOR('',#3769,1.);
#3769 = DIRECTION('',(1.,0.,0.));
#3770 = ORIENTED_EDGE('',*,*,#3771,.T.);
#3771 = EDGE_CURVE('',#3764,#3772,#3774,.T.);
#3772 = VERTEX_POINT('',#3773);
#3773 = CARTESIAN_POINT('',(2.875,-1.575,0.8));
#3774 = LINE('',#3775,#3776);
#3775 = CARTESIAN_POINT('',(2.875,-1.575,0.65));
#3776 = VECTOR('',#3777,1.);
#3777 = DIRECTION('',(0.,0.,1.));
#3778 = ORIENTED_EDGE('',*,*,#3779,.F.);
#3779 = EDGE_CURVE('',#2694,#3772,#3780,.T.);
#3780 = LINE('',#3781,#3782);
#3781 = CARTESIAN_POINT('',(-2.875,-1.575,0.8));
#3782 = VECTOR('',#3783,1.);
#3783 = DIRECTION('',(1.,0.,0.));
#3784 = ORIENTED_EDGE('',*,*,#2701,.F.);
#3785 = PLANE('',#3786);
#3786 = AXIS2_PLACEMENT_3D('',#3787,#3788,#3789);
#3787 = CARTESIAN_POINT('',(-2.875,-1.575,0.65));
#3788 = DIRECTION('',(0.,-1.,0.));
#3789 = DIRECTION('',(0.,0.,1.));
#3790 = ADVANCED_FACE('',(#3791),#3802,.T.);
#3791 = FACE_BOUND('',#3792,.T.);
#3792 = EDGE_LOOP('',(#3793,#3794,#3800,#3801));
#3793 = ORIENTED_EDGE('',*,*,#3779,.T.);
#3794 = ORIENTED_EDGE('',*,*,#3795,.T.);
#3795 = EDGE_CURVE('',#3772,#2820,#3796,.T.);
#3796 = LINE('',#3797,#3798);
#3797 = CARTESIAN_POINT('',(2.875,-1.575,0.8));
#3798 = VECTOR('',#3799,1.);
#3799 = DIRECTION('',(0.,-1.,0.));
#3800 = ORIENTED_EDGE('',*,*,#2819,.F.);
#3801 = ORIENTED_EDGE('',*,*,#2693,.F.);
#3802 = PLANE('',#3803);
#3803 = AXIS2_PLACEMENT_3D('',#3804,#3805,#3806);
#3804 = CARTESIAN_POINT('',(-2.875,-1.575,0.8));
#3805 = DIRECTION('',(0.,0.,-1.));
#3806 = DIRECTION('',(0.,-1.,0.));
#3807 = ADVANCED_FACE('',(#3808),#3883,.T.);
#3808 = FACE_BOUND('',#3809,.T.);
#3809 = EDGE_LOOP('',(#3810,#3811,#3812,#3813,#3819,#3820,#3821,#3829,
    #3837,#3845,#3851,#3852,#3853,#3861,#3869,#3877));
#3810 = ORIENTED_EDGE('',*,*,#2868,.F.);
#3811 = ORIENTED_EDGE('',*,*,#3795,.F.);
#3812 = ORIENTED_EDGE('',*,*,#3771,.F.);
#3813 = ORIENTED_EDGE('',*,*,#3814,.F.);
#3814 = EDGE_CURVE('',#3621,#3764,#3815,.T.);
#3815 = LINE('',#3816,#3817);
#3816 = CARTESIAN_POINT('',(2.875,-0.825,0.65));
#3817 = VECTOR('',#3818,1.);
#3818 = DIRECTION('',(0.,-1.,0.));
#3819 = ORIENTED_EDGE('',*,*,#3620,.F.);
#3820 = ORIENTED_EDGE('',*,*,#3530,.T.);
#3821 = ORIENTED_EDGE('',*,*,#3822,.T.);
#3822 = EDGE_CURVE('',#3531,#3823,#3825,.T.);
#3823 = VERTEX_POINT('',#3824);
#3824 = CARTESIAN_POINT('',(2.875,0.225,0.75));
#3825 = LINE('',#3826,#3827);
#3826 = CARTESIAN_POINT('',(2.875,0.225,0.15));
#3827 = VECTOR('',#3828,1.);
#3828 = DIRECTION('',(0.,0.,1.));
#3829 = ORIENTED_EDGE('',*,*,#3830,.T.);
#3830 = EDGE_CURVE('',#3823,#3831,#3833,.T.);
#3831 = VERTEX_POINT('',#3832);
#3832 = CARTESIAN_POINT('',(2.875,1.825,0.75));
#3833 = LINE('',#3834,#3835);
#3834 = CARTESIAN_POINT('',(2.875,0.225,0.75));
#3835 = VECTOR('',#3836,1.);
#3836 = DIRECTION('',(0.,1.,0.));
#3837 = ORIENTED_EDGE('',*,*,#3838,.T.);
#3838 = EDGE_CURVE('',#3831,#3839,#3841,.T.);
#3839 = VERTEX_POINT('',#3840);
#3840 = CARTESIAN_POINT('',(2.875,1.825,2.05));
#3841 = LINE('',#3842,#3843);
#3842 = CARTESIAN_POINT('',(2.875,1.825,0.75));
#3843 = VECTOR('',#3844,1.);
#3844 = DIRECTION('',(0.,0.,1.));
#3845 = ORIENTED_EDGE('',*,*,#3846,.T.);
#3846 = EDGE_CURVE('',#3839,#3356,#3847,.T.);
#3847 = LINE('',#3848,#3849);
#3848 = CARTESIAN_POINT('',(2.875,1.825,2.05));
#3849 = VECTOR('',#3850,1.);
#3850 = DIRECTION('',(0.,1.,0.));
#3851 = ORIENTED_EDGE('',*,*,#3355,.T.);
#3852 = ORIENTED_EDGE('',*,*,#3003,.F.);
#3853 = ORIENTED_EDGE('',*,*,#3854,.T.);
#3854 = EDGE_CURVE('',#2996,#3855,#3857,.T.);
#3855 = VERTEX_POINT('',#3856);
#3856 = CARTESIAN_POINT('',(2.875,0.175,3.55));
#3857 = LINE('',#3858,#3859);
#3858 = CARTESIAN_POINT('',(2.875,0.175,4.2));
#3859 = VECTOR('',#3860,1.);
#3860 = DIRECTION('',(0.,0.,-1.));
#3861 = ORIENTED_EDGE('',*,*,#3862,.T.);
#3862 = EDGE_CURVE('',#3855,#3863,#3865,.T.);
#3863 = VERTEX_POINT('',#3864);
#3864 = CARTESIAN_POINT('',(2.875,-1.175,3.55));
#3865 = LINE('',#3866,#3867);
#3866 = CARTESIAN_POINT('',(2.875,0.175,3.55));
#3867 = VECTOR('',#3868,1.);
#3868 = DIRECTION('',(0.,-1.,0.));
#3869 = ORIENTED_EDGE('',*,*,#3870,.T.);
#3870 = EDGE_CURVE('',#3863,#3871,#3873,.T.);
#3871 = VERTEX_POINT('',#3872);
#3872 = CARTESIAN_POINT('',(2.875,-1.175,1.95));
#3873 = LINE('',#3874,#3875);
#3874 = CARTESIAN_POINT('',(2.875,-1.175,3.55));
#3875 = VECTOR('',#3876,1.);
#3876 = DIRECTION('',(0.,0.,-1.));
#3877 = ORIENTED_EDGE('',*,*,#3878,.T.);
#3878 = EDGE_CURVE('',#3871,#2861,#3879,.T.);
#3879 = LINE('',#3880,#3881);
#3880 = CARTESIAN_POINT('',(2.875,-1.175,1.95));
#3881 = VECTOR('',#3882,1.);
#3882 = DIRECTION('',(0.,-1.,0.));
#3883 = PLANE('',#3884);
#3884 = AXIS2_PLACEMENT_3D('',#3885,#3886,#3887);
#3885 = CARTESIAN_POINT('',(2.875,-1.775,0.15));
#3886 = DIRECTION('',(1.,0.,0.));
#3887 = DIRECTION('',(0.,0.,1.));
#3888 = ADVANCED_FACE('',(#3889),#3907,.F.);
#3889 = FACE_BOUND('',#3890,.F.);
#3890 = EDGE_LOOP('',(#3891,#3899,#3900,#3901));
#3891 = ORIENTED_EDGE('',*,*,#3892,.T.);
#3892 = EDGE_CURVE('',#3893,#3871,#3895,.T.);
#3893 = VERTEX_POINT('',#3894);
#3894 = CARTESIAN_POINT('',(2.375,-1.175,1.95));
#3895 = LINE('',#3896,#3897);
#3896 = CARTESIAN_POINT('',(2.375,-1.175,1.95));
#3897 = VECTOR('',#3898,1.);
#3898 = DIRECTION('',(1.,0.,0.));
#3899 = ORIENTED_EDGE('',*,*,#3878,.T.);
#3900 = ORIENTED_EDGE('',*,*,#2860,.F.);
#3901 = ORIENTED_EDGE('',*,*,#3902,.F.);
#3902 = EDGE_CURVE('',#3893,#2853,#3903,.T.);
#3903 = LINE('',#3904,#3905);
#3904 = CARTESIAN_POINT('',(2.375,-1.175,1.95));
#3905 = VECTOR('',#3906,1.);
#3906 = DIRECTION('',(0.,-1.,0.));
#3907 = PLANE('',#3908);
#3908 = AXIS2_PLACEMENT_3D('',#3909,#3910,#3911);
#3909 = CARTESIAN_POINT('',(2.375,-1.175,1.95));
#3910 = DIRECTION('',(0.,0.,-1.));
#3911 = DIRECTION('',(0.,-1.,0.));
#3912 = ADVANCED_FACE('',(#3913),#3940,.F.);
#3913 = FACE_BOUND('',#3914,.F.);
#3914 = EDGE_LOOP('',(#3915,#3916,#3924,#3932,#3938,#3939));
#3915 = ORIENTED_EDGE('',*,*,#2987,.T.);
#3916 = ORIENTED_EDGE('',*,*,#3917,.T.);
#3917 = EDGE_CURVE('',#2988,#3918,#3920,.T.);
#3918 = VERTEX_POINT('',#3919);
#3919 = CARTESIAN_POINT('',(2.375,0.175,3.55));
#3920 = LINE('',#3921,#3922);
#3921 = CARTESIAN_POINT('',(2.375,0.175,4.2));
#3922 = VECTOR('',#3923,1.);
#3923 = DIRECTION('',(0.,0.,-1.));
#3924 = ORIENTED_EDGE('',*,*,#3925,.T.);
#3925 = EDGE_CURVE('',#3918,#3926,#3928,.T.);
#3926 = VERTEX_POINT('',#3927);
#3927 = CARTESIAN_POINT('',(2.375,-1.175,3.55));
#3928 = LINE('',#3929,#3930);
#3929 = CARTESIAN_POINT('',(2.375,0.175,3.55));
#3930 = VECTOR('',#3931,1.);
#3931 = DIRECTION('',(0.,-1.,0.));
#3932 = ORIENTED_EDGE('',*,*,#3933,.T.);
#3933 = EDGE_CURVE('',#3926,#3893,#3934,.T.);
#3934 = LINE('',#3935,#3936);
#3935 = CARTESIAN_POINT('',(2.375,-1.175,3.55));
#3936 = VECTOR('',#3937,1.);
#3937 = DIRECTION('',(0.,0.,-1.));
#3938 = ORIENTED_EDGE('',*,*,#3902,.T.);
#3939 = ORIENTED_EDGE('',*,*,#2852,.T.);
#3940 = PLANE('',#3941);
#3941 = AXIS2_PLACEMENT_3D('',#3942,#3943,#3944);
#3942 = CARTESIAN_POINT('',(2.375,-1.057142857143,3.332142857143));
#3943 = DIRECTION('',(-1.,5.731875618728E-31,-5.596384573349E-31));
#3944 = DIRECTION('',(-5.731875618728E-31,-1.,0.));
#3945 = ADVANCED_FACE('',(#3946),#3954,.T.);
#3946 = FACE_BOUND('',#3947,.T.);
#3947 = EDGE_LOOP('',(#3948,#3949,#3950,#3951,#3952,#3953));
#3948 = ORIENTED_EDGE('',*,*,#2980,.T.);
#3949 = ORIENTED_EDGE('',*,*,#2962,.T.);
#3950 = ORIENTED_EDGE('',*,*,#2938,.T.);
#3951 = ORIENTED_EDGE('',*,*,#2914,.T.);
#3952 = ORIENTED_EDGE('',*,*,#2890,.T.);
#3953 = ORIENTED_EDGE('',*,*,#2836,.T.);
#3954 = PLANE('',#3955);
#3955 = AXIS2_PLACEMENT_3D('',#3956,#3957,#3958);
#3956 = CARTESIAN_POINT('',(-2.375,-1.057142857143,3.332142857143));
#3957 = DIRECTION('',(-1.,5.731875618728E-31,-5.596384573349E-31));
#3958 = DIRECTION('',(-5.731875618728E-31,-1.,0.));
#3959 = ADVANCED_FACE('',(#3960),#3971,.F.);
#3960 = FACE_BOUND('',#3961,.F.);
#3961 = EDGE_LOOP('',(#3962,#3963,#3964,#3970));
#3962 = ORIENTED_EDGE('',*,*,#2995,.T.);
#3963 = ORIENTED_EDGE('',*,*,#3854,.T.);
#3964 = ORIENTED_EDGE('',*,*,#3965,.F.);
#3965 = EDGE_CURVE('',#3918,#3855,#3966,.T.);
#3966 = LINE('',#3967,#3968);
#3967 = CARTESIAN_POINT('',(2.375,0.175,3.55));
#3968 = VECTOR('',#3969,1.);
#3969 = DIRECTION('',(1.,0.,0.));
#3970 = ORIENTED_EDGE('',*,*,#3917,.F.);
#3971 = PLANE('',#3972);
#3972 = AXIS2_PLACEMENT_3D('',#3973,#3974,#3975);
#3973 = CARTESIAN_POINT('',(2.375,0.175,4.2));
#3974 = DIRECTION('',(0.,1.,0.));
#3975 = DIRECTION('',(0.,0.,-1.));
#3976 = ADVANCED_FACE('',(#3977),#3993,.T.);
#3977 = FACE_BOUND('',#3978,.T.);
#3978 = EDGE_LOOP('',(#3979,#3985,#3986,#3992));
#3979 = ORIENTED_EDGE('',*,*,#3980,.F.);
#3980 = EDGE_CURVE('',#3579,#3020,#3981,.T.);
#3981 = LINE('',#3982,#3983);
#3982 = CARTESIAN_POINT('',(-1.025,0.67,0.15));
#3983 = VECTOR('',#3984,1.);
#3984 = DIRECTION('',(0.,0.,1.));
#3985 = ORIENTED_EDGE('',*,*,#3578,.T.);
#3986 = ORIENTED_EDGE('',*,*,#3987,.T.);
#3987 = EDGE_CURVE('',#3581,#3022,#3988,.T.);
#3988 = LINE('',#3989,#3990);
#3989 = CARTESIAN_POINT('',(-1.025,2.07,0.15));
#3990 = VECTOR('',#3991,1.);
#3991 = DIRECTION('',(0.,0.,1.));
#3992 = ORIENTED_EDGE('',*,*,#3019,.F.);
#3993 = PLANE('',#3994);
#3994 = AXIS2_PLACEMENT_3D('',#3995,#3996,#3997);
#3995 = CARTESIAN_POINT('',(-1.025,0.67,0.15));
#3996 = DIRECTION('',(1.,0.,0.));
#3997 = DIRECTION('',(0.,0.,1.));
#3998 = ADVANCED_FACE('',(#3999),#4010,.F.);
#3999 = FACE_BOUND('',#4000,.F.);
#4000 = EDGE_LOOP('',(#4001,#4002,#4003,#4004));
#4001 = ORIENTED_EDGE('',*,*,#3588,.F.);
#4002 = ORIENTED_EDGE('',*,*,#3987,.T.);
#4003 = ORIENTED_EDGE('',*,*,#3029,.T.);
#4004 = ORIENTED_EDGE('',*,*,#4005,.F.);
#4005 = EDGE_CURVE('',#3589,#3030,#4006,.T.);
#4006 = LINE('',#4007,#4008);
#4007 = CARTESIAN_POINT('',(1.025,2.07,0.15));
#4008 = VECTOR('',#4009,1.);
#4009 = DIRECTION('',(0.,0.,1.));
#4010 = PLANE('',#4011);
#4011 = AXIS2_PLACEMENT_3D('',#4012,#4013,#4014);
#4012 = CARTESIAN_POINT('',(-1.025,2.07,0.15));
#4013 = DIRECTION('',(0.,1.,0.));
#4014 = DIRECTION('',(0.,-0.,1.));
#4015 = ADVANCED_FACE('',(#4016,#4027),#4061,.T.);
#4016 = FACE_BOUND('',#4017,.T.);
#4017 = EDGE_LOOP('',(#4018,#4019,#4020,#4021));
#4018 = ORIENTED_EDGE('',*,*,#3604,.F.);
#4019 = ORIENTED_EDGE('',*,*,#3980,.T.);
#4020 = ORIENTED_EDGE('',*,*,#3045,.T.);
#4021 = ORIENTED_EDGE('',*,*,#4022,.F.);
#4022 = EDGE_CURVE('',#3597,#3038,#4023,.T.);
#4023 = LINE('',#4024,#4025);
#4024 = CARTESIAN_POINT('',(1.025,0.67,0.15));
#4025 = VECTOR('',#4026,1.);
#4026 = DIRECTION('',(0.,0.,1.));
#4027 = FACE_BOUND('',#4028,.T.);
#4028 = EDGE_LOOP('',(#4029,#4039,#4047,#4055));
#4029 = ORIENTED_EDGE('',*,*,#4030,.T.);
#4030 = EDGE_CURVE('',#4031,#4033,#4035,.T.);
#4031 = VERTEX_POINT('',#4032);
#4032 = CARTESIAN_POINT('',(-0.475,0.67,3.4));
#4033 = VERTEX_POINT('',#4034);
#4034 = CARTESIAN_POINT('',(-0.475,0.67,2.4));
#4035 = LINE('',#4036,#4037);
#4036 = CARTESIAN_POINT('',(-0.475,0.67,3.4));
#4037 = VECTOR('',#4038,1.);
#4038 = DIRECTION('',(0.,5.551115123126E-17,-1.));
#4039 = ORIENTED_EDGE('',*,*,#4040,.T.);
#4040 = EDGE_CURVE('',#4033,#4041,#4043,.T.);
#4041 = VERTEX_POINT('',#4042);
#4042 = CARTESIAN_POINT('',(0.475,0.67,2.4));
#4043 = LINE('',#4044,#4045);
#4044 = CARTESIAN_POINT('',(-0.475,0.67,2.4));
#4045 = VECTOR('',#4046,1.);
#4046 = DIRECTION('',(1.,0.,0.));
#4047 = ORIENTED_EDGE('',*,*,#4048,.F.);
#4048 = EDGE_CURVE('',#4049,#4041,#4051,.T.);
#4049 = VERTEX_POINT('',#4050);
#4050 = CARTESIAN_POINT('',(0.475,0.67,3.4));
#4051 = LINE('',#4052,#4053);
#4052 = CARTESIAN_POINT('',(0.475,0.67,3.4));
#4053 = VECTOR('',#4054,1.);
#4054 = DIRECTION('',(0.,5.551115123126E-17,-1.));
#4055 = ORIENTED_EDGE('',*,*,#4056,.F.);
#4056 = EDGE_CURVE('',#4031,#4049,#4057,.T.);
#4057 = LINE('',#4058,#4059);
#4058 = CARTESIAN_POINT('',(-0.475,0.67,3.4));
#4059 = VECTOR('',#4060,1.);
#4060 = DIRECTION('',(1.,0.,0.));
#4061 = PLANE('',#4062);
#4062 = AXIS2_PLACEMENT_3D('',#4063,#4064,#4065);
#4063 = CARTESIAN_POINT('',(-1.025,0.67,0.15));
#4064 = DIRECTION('',(0.,1.,0.));
#4065 = DIRECTION('',(0.,-0.,1.));
#4066 = ADVANCED_FACE('',(#4067),#4073,.F.);
#4067 = FACE_BOUND('',#4068,.F.);
#4068 = EDGE_LOOP('',(#4069,#4070,#4071,#4072));
#4069 = ORIENTED_EDGE('',*,*,#4022,.F.);
#4070 = ORIENTED_EDGE('',*,*,#3596,.T.);
#4071 = ORIENTED_EDGE('',*,*,#4005,.T.);
#4072 = ORIENTED_EDGE('',*,*,#3037,.F.);
#4073 = PLANE('',#4074);
#4074 = AXIS2_PLACEMENT_3D('',#4075,#4076,#4077);
#4075 = CARTESIAN_POINT('',(1.025,0.67,0.15));
#4076 = DIRECTION('',(1.,0.,0.));
#4077 = DIRECTION('',(0.,0.,1.));
#4078 = ADVANCED_FACE('',(#4079),#4104,.F.);
#4079 = FACE_BOUND('',#4080,.F.);
#4080 = EDGE_LOOP('',(#4081,#4089,#4097,#4103));
#4081 = ORIENTED_EDGE('',*,*,#4082,.T.);
#4082 = EDGE_CURVE('',#3054,#4083,#4085,.T.);
#4083 = VERTEX_POINT('',#4084);
#4084 = CARTESIAN_POINT('',(1.875,-1.175,1.6));
#4085 = LINE('',#4086,#4087);
#4086 = CARTESIAN_POINT('',(1.875,-1.175,4.2));
#4087 = VECTOR('',#4088,1.);
#4088 = DIRECTION('',(-0.,-0.,-1.));
#4089 = ORIENTED_EDGE('',*,*,#4090,.T.);
#4090 = EDGE_CURVE('',#4083,#4091,#4093,.T.);
#4091 = VERTEX_POINT('',#4092);
#4092 = CARTESIAN_POINT('',(1.875,0.875,1.6));
#4093 = LINE('',#4094,#4095);
#4094 = CARTESIAN_POINT('',(1.875,-1.175,1.6));
#4095 = VECTOR('',#4096,1.);
#4096 = DIRECTION('',(0.,1.,0.));
#4097 = ORIENTED_EDGE('',*,*,#4098,.F.);
#4098 = EDGE_CURVE('',#3056,#4091,#4099,.T.);
#4099 = LINE('',#4100,#4101);
#4100 = CARTESIAN_POINT('',(1.875,0.875,4.2));
#4101 = VECTOR('',#4102,1.);
#4102 = DIRECTION('',(-0.,-0.,-1.));
#4103 = ORIENTED_EDGE('',*,*,#3053,.F.);
#4104 = PLANE('',#4105);
#4105 = AXIS2_PLACEMENT_3D('',#4106,#4107,#4108);
#4106 = CARTESIAN_POINT('',(1.875,-1.175,4.2));
#4107 = DIRECTION('',(1.,0.,0.));
#4108 = DIRECTION('',(-0.,1.,0.));
#4109 = ADVANCED_FACE('',(#4110),#4128,.F.);
#4110 = FACE_BOUND('',#4111,.F.);
#4111 = EDGE_LOOP('',(#4112,#4120,#4126,#4127));
#4112 = ORIENTED_EDGE('',*,*,#4113,.T.);
#4113 = EDGE_CURVE('',#3064,#4114,#4116,.T.);
#4114 = VERTEX_POINT('',#4115);
#4115 = CARTESIAN_POINT('',(-1.875,-1.175,1.6));
#4116 = LINE('',#4117,#4118);
#4117 = CARTESIAN_POINT('',(-1.875,-1.175,4.2));
#4118 = VECTOR('',#4119,1.);
#4119 = DIRECTION('',(-0.,-0.,-1.));
#4120 = ORIENTED_EDGE('',*,*,#4121,.T.);
#4121 = EDGE_CURVE('',#4114,#4083,#4122,.T.);
#4122 = LINE('',#4123,#4124);
#4123 = CARTESIAN_POINT('',(-1.875,-1.175,1.6));
#4124 = VECTOR('',#4125,1.);
#4125 = DIRECTION('',(1.,0.,0.));
#4126 = ORIENTED_EDGE('',*,*,#4082,.F.);
#4127 = ORIENTED_EDGE('',*,*,#3063,.F.);
#4128 = PLANE('',#4129);
#4129 = AXIS2_PLACEMENT_3D('',#4130,#4131,#4132);
#4130 = CARTESIAN_POINT('',(-1.875,-1.175,4.2));
#4131 = DIRECTION('',(0.,-1.,0.));
#4132 = DIRECTION('',(1.,0.,0.));
#4133 = ADVANCED_FACE('',(#4134),#4152,.F.);
#4134 = FACE_BOUND('',#4135,.F.);
#4135 = EDGE_LOOP('',(#4136,#4137,#4145,#4151));
#4136 = ORIENTED_EDGE('',*,*,#4098,.T.);
#4137 = ORIENTED_EDGE('',*,*,#4138,.T.);
#4138 = EDGE_CURVE('',#4091,#4139,#4141,.T.);
#4139 = VERTEX_POINT('',#4140);
#4140 = CARTESIAN_POINT('',(1.375,0.875,1.6));
#4141 = LINE('',#4142,#4143);
#4142 = CARTESIAN_POINT('',(1.875,0.875,1.6));
#4143 = VECTOR('',#4144,1.);
#4144 = DIRECTION('',(-1.,0.,0.));
#4145 = ORIENTED_EDGE('',*,*,#4146,.F.);
#4146 = EDGE_CURVE('',#3232,#4139,#4147,.T.);
#4147 = LINE('',#4148,#4149);
#4148 = CARTESIAN_POINT('',(1.375,0.875,4.2));
#4149 = VECTOR('',#4150,1.);
#4150 = DIRECTION('',(-0.,-0.,-1.));
#4151 = ORIENTED_EDGE('',*,*,#3239,.F.);
#4152 = PLANE('',#4153);
#4153 = AXIS2_PLACEMENT_3D('',#4154,#4155,#4156);
#4154 = CARTESIAN_POINT('',(1.875,0.875,4.2));
#4155 = DIRECTION('',(0.,1.,0.));
#4156 = DIRECTION('',(-1.,0.,0.));
#4157 = ADVANCED_FACE('',(#4158),#4176,.F.);
#4158 = FACE_BOUND('',#4159,.F.);
#4159 = EDGE_LOOP('',(#4160,#4168,#4174,#4175));
#4160 = ORIENTED_EDGE('',*,*,#4161,.T.);
#4161 = EDGE_CURVE('',#3072,#4162,#4164,.T.);
#4162 = VERTEX_POINT('',#4163);
#4163 = CARTESIAN_POINT('',(-1.875,0.875,1.6));
#4164 = LINE('',#4165,#4166);
#4165 = CARTESIAN_POINT('',(-1.875,0.875,4.2));
#4166 = VECTOR('',#4167,1.);
#4167 = DIRECTION('',(-0.,-0.,-1.));
#4168 = ORIENTED_EDGE('',*,*,#4169,.T.);
#4169 = EDGE_CURVE('',#4162,#4114,#4170,.T.);
#4170 = LINE('',#4171,#4172);
#4171 = CARTESIAN_POINT('',(-1.875,0.875,1.6));
#4172 = VECTOR('',#4173,1.);
#4173 = DIRECTION('',(0.,-1.,0.));
#4174 = ORIENTED_EDGE('',*,*,#4113,.F.);
#4175 = ORIENTED_EDGE('',*,*,#3071,.F.);
#4176 = PLANE('',#4177);
#4177 = AXIS2_PLACEMENT_3D('',#4178,#4179,#4180);
#4178 = CARTESIAN_POINT('',(-1.875,0.875,4.2));
#4179 = DIRECTION('',(-1.,0.,0.));
#4180 = DIRECTION('',(0.,-1.,0.));
#4181 = ADVANCED_FACE('',(#4182),#4200,.F.);
#4182 = FACE_BOUND('',#4183,.F.);
#4183 = EDGE_LOOP('',(#4184,#4185,#4193,#4199));
#4184 = ORIENTED_EDGE('',*,*,#4146,.T.);
#4185 = ORIENTED_EDGE('',*,*,#4186,.T.);
#4186 = EDGE_CURVE('',#4139,#4187,#4189,.T.);
#4187 = VERTEX_POINT('',#4188);
#4188 = CARTESIAN_POINT('',(1.375,0.375,1.6));
#4189 = LINE('',#4190,#4191);
#4190 = CARTESIAN_POINT('',(1.375,0.875,1.6));
#4191 = VECTOR('',#4192,1.);
#4192 = DIRECTION('',(0.,-1.,0.));
#4193 = ORIENTED_EDGE('',*,*,#4194,.F.);
#4194 = EDGE_CURVE('',#3224,#4187,#4195,.T.);
#4195 = LINE('',#4196,#4197);
#4196 = CARTESIAN_POINT('',(1.375,0.375,4.2));
#4197 = VECTOR('',#4198,1.);
#4198 = DIRECTION('',(-0.,-0.,-1.));
#4199 = ORIENTED_EDGE('',*,*,#3231,.F.);
#4200 = PLANE('',#4201);
#4201 = AXIS2_PLACEMENT_3D('',#4202,#4203,#4204);
#4202 = CARTESIAN_POINT('',(1.375,0.875,4.2));
#4203 = DIRECTION('',(-1.,0.,0.));
#4204 = DIRECTION('',(0.,-1.,0.));
#4205 = ADVANCED_FACE('',(#4206),#4224,.F.);
#4206 = FACE_BOUND('',#4207,.F.);
#4207 = EDGE_LOOP('',(#4208,#4216,#4222,#4223));
#4208 = ORIENTED_EDGE('',*,*,#4209,.T.);
#4209 = EDGE_CURVE('',#3080,#4210,#4212,.T.);
#4210 = VERTEX_POINT('',#4211);
#4211 = CARTESIAN_POINT('',(-1.375,0.875,1.6));
#4212 = LINE('',#4213,#4214);
#4213 = CARTESIAN_POINT('',(-1.375,0.875,4.2));
#4214 = VECTOR('',#4215,1.);
#4215 = DIRECTION('',(-0.,-0.,-1.));
#4216 = ORIENTED_EDGE('',*,*,#4217,.T.);
#4217 = EDGE_CURVE('',#4210,#4162,#4218,.T.);
#4218 = LINE('',#4219,#4220);
#4219 = CARTESIAN_POINT('',(-1.375,0.875,1.6));
#4220 = VECTOR('',#4221,1.);
#4221 = DIRECTION('',(-1.,0.,0.));
#4222 = ORIENTED_EDGE('',*,*,#4161,.F.);
#4223 = ORIENTED_EDGE('',*,*,#3079,.F.);
#4224 = PLANE('',#4225);
#4225 = AXIS2_PLACEMENT_3D('',#4226,#4227,#4228);
#4226 = CARTESIAN_POINT('',(-1.375,0.875,4.2));
#4227 = DIRECTION('',(0.,1.,0.));
#4228 = DIRECTION('',(-1.,0.,0.));
#4229 = ADVANCED_FACE('',(#4230),#4248,.F.);
#4230 = FACE_BOUND('',#4231,.F.);
#4231 = EDGE_LOOP('',(#4232,#4233,#4241,#4247));
#4232 = ORIENTED_EDGE('',*,*,#4194,.T.);
#4233 = ORIENTED_EDGE('',*,*,#4234,.T.);
#4234 = EDGE_CURVE('',#4187,#4235,#4237,.T.);
#4235 = VERTEX_POINT('',#4236);
#4236 = CARTESIAN_POINT('',(0.875,0.375,1.6));
#4237 = LINE('',#4238,#4239);
#4238 = CARTESIAN_POINT('',(1.375,0.375,1.6));
#4239 = VECTOR('',#4240,1.);
#4240 = DIRECTION('',(-1.,0.,0.));
#4241 = ORIENTED_EDGE('',*,*,#4242,.F.);
#4242 = EDGE_CURVE('',#3216,#4235,#4243,.T.);
#4243 = LINE('',#4244,#4245);
#4244 = CARTESIAN_POINT('',(0.875,0.375,4.2));
#4245 = VECTOR('',#4246,1.);
#4246 = DIRECTION('',(-0.,-0.,-1.));
#4247 = ORIENTED_EDGE('',*,*,#3223,.F.);
#4248 = PLANE('',#4249);
#4249 = AXIS2_PLACEMENT_3D('',#4250,#4251,#4252);
#4250 = CARTESIAN_POINT('',(1.375,0.375,4.2));
#4251 = DIRECTION('',(0.,1.,0.));
#4252 = DIRECTION('',(-1.,0.,0.));
#4253 = ADVANCED_FACE('',(#4254),#4272,.F.);
#4254 = FACE_BOUND('',#4255,.F.);
#4255 = EDGE_LOOP('',(#4256,#4264,#4270,#4271));
#4256 = ORIENTED_EDGE('',*,*,#4257,.T.);
#4257 = EDGE_CURVE('',#3088,#4258,#4260,.T.);
#4258 = VERTEX_POINT('',#4259);
#4259 = CARTESIAN_POINT('',(-1.375,0.375,1.6));
#4260 = LINE('',#4261,#4262);
#4261 = CARTESIAN_POINT('',(-1.375,0.375,4.2));
#4262 = VECTOR('',#4263,1.);
#4263 = DIRECTION('',(-0.,-0.,-1.));
#4264 = ORIENTED_EDGE('',*,*,#4265,.T.);
#4265 = EDGE_CURVE('',#4258,#4210,#4266,.T.);
#4266 = LINE('',#4267,#4268);
#4267 = CARTESIAN_POINT('',(-1.375,0.375,1.6));
#4268 = VECTOR('',#4269,1.);
#4269 = DIRECTION('',(0.,1.,0.));
#4270 = ORIENTED_EDGE('',*,*,#4209,.F.);
#4271 = ORIENTED_EDGE('',*,*,#3087,.F.);
#4272 = PLANE('',#4273);
#4273 = AXIS2_PLACEMENT_3D('',#4274,#4275,#4276);
#4274 = CARTESIAN_POINT('',(-1.375,0.375,4.2));
#4275 = DIRECTION('',(1.,0.,0.));
#4276 = DIRECTION('',(-0.,1.,0.));
#4277 = ADVANCED_FACE('',(#4278),#4296,.F.);
#4278 = FACE_BOUND('',#4279,.F.);
#4279 = EDGE_LOOP('',(#4280,#4281,#4289,#4295));
#4280 = ORIENTED_EDGE('',*,*,#4242,.T.);
#4281 = ORIENTED_EDGE('',*,*,#4282,.T.);
#4282 = EDGE_CURVE('',#4235,#4283,#4285,.T.);
#4283 = VERTEX_POINT('',#4284);
#4284 = CARTESIAN_POINT('',(0.875,0.175,1.6));
#4285 = LINE('',#4286,#4287);
#4286 = CARTESIAN_POINT('',(0.875,0.375,1.6));
#4287 = VECTOR('',#4288,1.);
#4288 = DIRECTION('',(0.,-1.,0.));
#4289 = ORIENTED_EDGE('',*,*,#4290,.F.);
#4290 = EDGE_CURVE('',#3208,#4283,#4291,.T.);
#4291 = LINE('',#4292,#4293);
#4292 = CARTESIAN_POINT('',(0.875,0.175,4.2));
#4293 = VECTOR('',#4294,1.);
#4294 = DIRECTION('',(-0.,-0.,-1.));
#4295 = ORIENTED_EDGE('',*,*,#3215,.F.);
#4296 = PLANE('',#4297);
#4297 = AXIS2_PLACEMENT_3D('',#4298,#4299,#4300);
#4298 = CARTESIAN_POINT('',(0.875,0.375,4.2));
#4299 = DIRECTION('',(-1.,0.,0.));
#4300 = DIRECTION('',(0.,-1.,0.));
#4301 = ADVANCED_FACE('',(#4302),#4320,.F.);
#4302 = FACE_BOUND('',#4303,.F.);
#4303 = EDGE_LOOP('',(#4304,#4312,#4318,#4319));
#4304 = ORIENTED_EDGE('',*,*,#4305,.T.);
#4305 = EDGE_CURVE('',#3096,#4306,#4308,.T.);
#4306 = VERTEX_POINT('',#4307);
#4307 = CARTESIAN_POINT('',(-0.875,0.375,1.6));
#4308 = LINE('',#4309,#4310);
#4309 = CARTESIAN_POINT('',(-0.875,0.375,4.2));
#4310 = VECTOR('',#4311,1.);
#4311 = DIRECTION('',(-0.,-0.,-1.));
#4312 = ORIENTED_EDGE('',*,*,#4313,.T.);
#4313 = EDGE_CURVE('',#4306,#4258,#4314,.T.);
#4314 = LINE('',#4315,#4316);
#4315 = CARTESIAN_POINT('',(-0.875,0.375,1.6));
#4316 = VECTOR('',#4317,1.);
#4317 = DIRECTION('',(-1.,0.,0.));
#4318 = ORIENTED_EDGE('',*,*,#4257,.F.);
#4319 = ORIENTED_EDGE('',*,*,#3095,.F.);
#4320 = PLANE('',#4321);
#4321 = AXIS2_PLACEMENT_3D('',#4322,#4323,#4324);
#4322 = CARTESIAN_POINT('',(-0.875,0.375,4.2));
#4323 = DIRECTION('',(0.,1.,0.));
#4324 = DIRECTION('',(-1.,0.,0.));
#4325 = ADVANCED_FACE('',(#4326),#4352,.F.);
#4326 = FACE_BOUND('',#4327,.F.);
#4327 = EDGE_LOOP('',(#4328,#4329,#4337,#4345,#4351));
#4328 = ORIENTED_EDGE('',*,*,#4290,.T.);
#4329 = ORIENTED_EDGE('',*,*,#4330,.T.);
#4330 = EDGE_CURVE('',#4283,#4331,#4333,.T.);
#4331 = VERTEX_POINT('',#4332);
#4332 = CARTESIAN_POINT('',(0.725,0.175,1.6));
#4333 = LINE('',#4334,#4335);
#4334 = CARTESIAN_POINT('',(0.875,0.175,1.6));
#4335 = VECTOR('',#4336,1.);
#4336 = DIRECTION('',(-1.,0.,0.));
#4337 = ORIENTED_EDGE('',*,*,#4338,.F.);
#4338 = EDGE_CURVE('',#4339,#4331,#4341,.T.);
#4339 = VERTEX_POINT('',#4340);
#4340 = CARTESIAN_POINT('',(0.725,0.175,3.4804));
#4341 = LINE('',#4342,#4343);
#4342 = CARTESIAN_POINT('',(0.725,0.175,4.2));
#4343 = VECTOR('',#4344,1.);
#4344 = DIRECTION('',(-0.,-0.,-1.));
#4345 = ORIENTED_EDGE('',*,*,#4346,.F.);
#4346 = EDGE_CURVE('',#3200,#4339,#4347,.T.);
#4347 = LINE('',#4348,#4349);
#4348 = CARTESIAN_POINT('',(0.725,0.175,4.2));
#4349 = VECTOR('',#4350,1.);
#4350 = DIRECTION('',(-0.,-0.,-1.));
#4351 = ORIENTED_EDGE('',*,*,#3207,.F.);
#4352 = PLANE('',#4353);
#4353 = AXIS2_PLACEMENT_3D('',#4354,#4355,#4356);
#4354 = CARTESIAN_POINT('',(0.875,0.175,4.2));
#4355 = DIRECTION('',(0.,1.,0.));
#4356 = DIRECTION('',(-1.,0.,0.));
#4357 = ADVANCED_FACE('',(#4358),#4376,.F.);
#4358 = FACE_BOUND('',#4359,.F.);
#4359 = EDGE_LOOP('',(#4360,#4368,#4374,#4375));
#4360 = ORIENTED_EDGE('',*,*,#4361,.T.);
#4361 = EDGE_CURVE('',#3104,#4362,#4364,.T.);
#4362 = VERTEX_POINT('',#4363);
#4363 = CARTESIAN_POINT('',(-0.875,0.175,1.6));
#4364 = LINE('',#4365,#4366);
#4365 = CARTESIAN_POINT('',(-0.875,0.175,4.2));
#4366 = VECTOR('',#4367,1.);
#4367 = DIRECTION('',(-0.,-0.,-1.));
#4368 = ORIENTED_EDGE('',*,*,#4369,.T.);
#4369 = EDGE_CURVE('',#4362,#4306,#4370,.T.);
#4370 = LINE('',#4371,#4372);
#4371 = CARTESIAN_POINT('',(-0.875,0.175,1.6));
#4372 = VECTOR('',#4373,1.);
#4373 = DIRECTION('',(0.,1.,0.));
#4374 = ORIENTED_EDGE('',*,*,#4305,.F.);
#4375 = ORIENTED_EDGE('',*,*,#3103,.F.);
#4376 = PLANE('',#4377);
#4377 = AXIS2_PLACEMENT_3D('',#4378,#4379,#4380);
#4378 = CARTESIAN_POINT('',(-0.875,0.175,4.2));
#4379 = DIRECTION('',(1.,0.,0.));
#4380 = DIRECTION('',(-0.,1.,0.));
#4381 = ADVANCED_FACE('',(#4382),#4416,.F.);
#4382 = FACE_BOUND('',#4383,.F.);
#4383 = EDGE_LOOP('',(#4384,#4385,#4386,#4394,#4402,#4410));
#4384 = ORIENTED_EDGE('',*,*,#3199,.F.);
#4385 = ORIENTED_EDGE('',*,*,#4346,.T.);
#4386 = ORIENTED_EDGE('',*,*,#4387,.T.);
#4387 = EDGE_CURVE('',#4339,#4388,#4390,.T.);
#4388 = VERTEX_POINT('',#4389);
#4389 = CARTESIAN_POINT('',(0.725,0.2946,3.6));
#4390 = LINE('',#4391,#4392);
#4391 = CARTESIAN_POINT('',(0.725,-0.1054,3.2));
#4392 = VECTOR('',#4393,1.);
#4393 = DIRECTION('',(0.,0.707106781187,0.707106781187));
#4394 = ORIENTED_EDGE('',*,*,#4395,.T.);
#4395 = EDGE_CURVE('',#4388,#4396,#4398,.T.);
#4396 = VERTEX_POINT('',#4397);
#4397 = CARTESIAN_POINT('',(0.725,0.2946,1.6));
#4398 = LINE('',#4399,#4400);
#4399 = CARTESIAN_POINT('',(0.725,0.2946,3.6));
#4400 = VECTOR('',#4401,1.);
#4401 = DIRECTION('',(0.,0.,-1.));
#4402 = ORIENTED_EDGE('',*,*,#4403,.T.);
#4403 = EDGE_CURVE('',#4396,#4404,#4406,.T.);
#4404 = VERTEX_POINT('',#4405);
#4405 = CARTESIAN_POINT('',(0.725,0.375,1.6));
#4406 = LINE('',#4407,#4408);
#4407 = CARTESIAN_POINT('',(0.725,0.175,1.6));
#4408 = VECTOR('',#4409,1.);
#4409 = DIRECTION('',(0.,1.,0.));
#4410 = ORIENTED_EDGE('',*,*,#4411,.F.);
#4411 = EDGE_CURVE('',#3192,#4404,#4412,.T.);
#4412 = LINE('',#4413,#4414);
#4413 = CARTESIAN_POINT('',(0.725,0.375,4.2));
#4414 = VECTOR('',#4415,1.);
#4415 = DIRECTION('',(-0.,-0.,-1.));
#4416 = PLANE('',#4417);
#4417 = AXIS2_PLACEMENT_3D('',#4418,#4419,#4420);
#4418 = CARTESIAN_POINT('',(0.725,0.175,4.2));
#4419 = DIRECTION('',(1.,0.,0.));
#4420 = DIRECTION('',(-0.,1.,0.));
#4421 = ADVANCED_FACE('',(#4422),#4448,.F.);
#4422 = FACE_BOUND('',#4423,.F.);
#4423 = EDGE_LOOP('',(#4424,#4432,#4440,#4446,#4447));
#4424 = ORIENTED_EDGE('',*,*,#4425,.T.);
#4425 = EDGE_CURVE('',#3112,#4426,#4428,.T.);
#4426 = VERTEX_POINT('',#4427);
#4427 = CARTESIAN_POINT('',(-0.725,0.175,3.4804));
#4428 = LINE('',#4429,#4430);
#4429 = CARTESIAN_POINT('',(-0.725,0.175,4.2));
#4430 = VECTOR('',#4431,1.);
#4431 = DIRECTION('',(-0.,-0.,-1.));
#4432 = ORIENTED_EDGE('',*,*,#4433,.T.);
#4433 = EDGE_CURVE('',#4426,#4434,#4436,.T.);
#4434 = VERTEX_POINT('',#4435);
#4435 = CARTESIAN_POINT('',(-0.725,0.175,1.6));
#4436 = LINE('',#4437,#4438);
#4437 = CARTESIAN_POINT('',(-0.725,0.175,4.2));
#4438 = VECTOR('',#4439,1.);
#4439 = DIRECTION('',(-0.,-0.,-1.));
#4440 = ORIENTED_EDGE('',*,*,#4441,.T.);
#4441 = EDGE_CURVE('',#4434,#4362,#4442,.T.);
#4442 = LINE('',#4443,#4444);
#4443 = CARTESIAN_POINT('',(-0.725,0.175,1.6));
#4444 = VECTOR('',#4445,1.);
#4445 = DIRECTION('',(-1.,0.,0.));
#4446 = ORIENTED_EDGE('',*,*,#4361,.F.);
#4447 = ORIENTED_EDGE('',*,*,#3111,.F.);
#4448 = PLANE('',#4449);
#4449 = AXIS2_PLACEMENT_3D('',#4450,#4451,#4452);
#4450 = CARTESIAN_POINT('',(-0.725,0.175,4.2));
#4451 = DIRECTION('',(0.,1.,0.));
#4452 = DIRECTION('',(-1.,0.,0.));
#4453 = ADVANCED_FACE('',(#4454),#4472,.F.);
#4454 = FACE_BOUND('',#4455,.F.);
#4455 = EDGE_LOOP('',(#4456,#4457,#4465,#4471));
#4456 = ORIENTED_EDGE('',*,*,#4411,.T.);
#4457 = ORIENTED_EDGE('',*,*,#4458,.T.);
#4458 = EDGE_CURVE('',#4404,#4459,#4461,.T.);
#4459 = VERTEX_POINT('',#4460);
#4460 = CARTESIAN_POINT('',(0.525,0.375,1.6));
#4461 = LINE('',#4462,#4463);
#4462 = CARTESIAN_POINT('',(0.725,0.375,1.6));
#4463 = VECTOR('',#4464,1.);
#4464 = DIRECTION('',(-1.,0.,0.));
#4465 = ORIENTED_EDGE('',*,*,#4466,.F.);
#4466 = EDGE_CURVE('',#3184,#4459,#4467,.T.);
#4467 = LINE('',#4468,#4469);
#4468 = CARTESIAN_POINT('',(0.525,0.375,4.2));
#4469 = VECTOR('',#4470,1.);
#4470 = DIRECTION('',(-0.,-0.,-1.));
#4471 = ORIENTED_EDGE('',*,*,#3191,.F.);
#4472 = PLANE('',#4473);
#4473 = AXIS2_PLACEMENT_3D('',#4474,#4475,#4476);
#4474 = CARTESIAN_POINT('',(0.725,0.375,4.2));
#4475 = DIRECTION('',(0.,1.,0.));
#4476 = DIRECTION('',(-1.,0.,0.));
#4477 = ADVANCED_FACE('',(#4478),#4512,.F.);
#4478 = FACE_BOUND('',#4479,.F.);
#4479 = EDGE_LOOP('',(#4480,#4481,#4489,#4497,#4505,#4511));
#4480 = ORIENTED_EDGE('',*,*,#3119,.F.);
#4481 = ORIENTED_EDGE('',*,*,#4482,.T.);
#4482 = EDGE_CURVE('',#3120,#4483,#4485,.T.);
#4483 = VERTEX_POINT('',#4484);
#4484 = CARTESIAN_POINT('',(-0.725,0.375,1.6));
#4485 = LINE('',#4486,#4487);
#4486 = CARTESIAN_POINT('',(-0.725,0.375,4.2));
#4487 = VECTOR('',#4488,1.);
#4488 = DIRECTION('',(-0.,-0.,-1.));
#4489 = ORIENTED_EDGE('',*,*,#4490,.T.);
#4490 = EDGE_CURVE('',#4483,#4491,#4493,.T.);
#4491 = VERTEX_POINT('',#4492);
#4492 = CARTESIAN_POINT('',(-0.725,0.2946,1.6));
#4493 = LINE('',#4494,#4495);
#4494 = CARTESIAN_POINT('',(-0.725,0.375,1.6));
#4495 = VECTOR('',#4496,1.);
#4496 = DIRECTION('',(0.,-1.,0.));
#4497 = ORIENTED_EDGE('',*,*,#4498,.F.);
#4498 = EDGE_CURVE('',#4499,#4491,#4501,.T.);
#4499 = VERTEX_POINT('',#4500);
#4500 = CARTESIAN_POINT('',(-0.725,0.2946,3.6));
#4501 = LINE('',#4502,#4503);
#4502 = CARTESIAN_POINT('',(-0.725,0.2946,3.6));
#4503 = VECTOR('',#4504,1.);
#4504 = DIRECTION('',(0.,0.,-1.));
#4505 = ORIENTED_EDGE('',*,*,#4506,.F.);
#4506 = EDGE_CURVE('',#4426,#4499,#4507,.T.);
#4507 = LINE('',#4508,#4509);
#4508 = CARTESIAN_POINT('',(-0.725,-0.1054,3.2));
#4509 = VECTOR('',#4510,1.);
#4510 = DIRECTION('',(0.,0.707106781187,0.707106781187));
#4511 = ORIENTED_EDGE('',*,*,#4425,.F.);
#4512 = PLANE('',#4513);
#4513 = AXIS2_PLACEMENT_3D('',#4514,#4515,#4516);
#4514 = CARTESIAN_POINT('',(-0.725,0.375,4.2));
#4515 = DIRECTION('',(-1.,0.,0.));
#4516 = DIRECTION('',(0.,-1.,0.));
#4517 = ADVANCED_FACE('',(#4518),#4552,.F.);
#4518 = FACE_BOUND('',#4519,.F.);
#4519 = EDGE_LOOP('',(#4520,#4521,#4522,#4530,#4538,#4546));
#4520 = ORIENTED_EDGE('',*,*,#3183,.F.);
#4521 = ORIENTED_EDGE('',*,*,#4466,.T.);
#4522 = ORIENTED_EDGE('',*,*,#4523,.T.);
#4523 = EDGE_CURVE('',#4459,#4524,#4526,.T.);
#4524 = VERTEX_POINT('',#4525);
#4525 = CARTESIAN_POINT('',(0.525,0.2946,1.6));
#4526 = LINE('',#4527,#4528);
#4527 = CARTESIAN_POINT('',(0.525,0.375,1.6));
#4528 = VECTOR('',#4529,1.);
#4529 = DIRECTION('',(0.,-1.,0.));
#4530 = ORIENTED_EDGE('',*,*,#4531,.F.);
#4531 = EDGE_CURVE('',#4532,#4524,#4534,.T.);
#4532 = VERTEX_POINT('',#4533);
#4533 = CARTESIAN_POINT('',(0.525,0.2946,3.6));
#4534 = LINE('',#4535,#4536);
#4535 = CARTESIAN_POINT('',(0.525,0.2946,3.6));
#4536 = VECTOR('',#4537,1.);
#4537 = DIRECTION('',(0.,0.,-1.));
#4538 = ORIENTED_EDGE('',*,*,#4539,.F.);
#4539 = EDGE_CURVE('',#4540,#4532,#4542,.T.);
#4540 = VERTEX_POINT('',#4541);
#4541 = CARTESIAN_POINT('',(0.525,0.175,3.4804));
#4542 = LINE('',#4543,#4544);
#4543 = CARTESIAN_POINT('',(0.525,-0.1054,3.2));
#4544 = VECTOR('',#4545,1.);
#4545 = DIRECTION('',(0.,0.707106781187,0.707106781187));
#4546 = ORIENTED_EDGE('',*,*,#4547,.F.);
#4547 = EDGE_CURVE('',#3176,#4540,#4548,.T.);
#4548 = LINE('',#4549,#4550);
#4549 = CARTESIAN_POINT('',(0.525,0.175,4.2));
#4550 = VECTOR('',#4551,1.);
#4551 = DIRECTION('',(-0.,-0.,-1.));
#4552 = PLANE('',#4553);
#4553 = AXIS2_PLACEMENT_3D('',#4554,#4555,#4556);
#4554 = CARTESIAN_POINT('',(0.525,0.375,4.2));
#4555 = DIRECTION('',(-1.,0.,0.));
#4556 = DIRECTION('',(0.,-1.,0.));
#4557 = ADVANCED_FACE('',(#4558),#4576,.F.);
#4558 = FACE_BOUND('',#4559,.F.);
#4559 = EDGE_LOOP('',(#4560,#4568,#4574,#4575));
#4560 = ORIENTED_EDGE('',*,*,#4561,.T.);
#4561 = EDGE_CURVE('',#3128,#4562,#4564,.T.);
#4562 = VERTEX_POINT('',#4563);
#4563 = CARTESIAN_POINT('',(-0.525,0.375,1.6));
#4564 = LINE('',#4565,#4566);
#4565 = CARTESIAN_POINT('',(-0.525,0.375,4.2));
#4566 = VECTOR('',#4567,1.);
#4567 = DIRECTION('',(-0.,-0.,-1.));
#4568 = ORIENTED_EDGE('',*,*,#4569,.T.);
#4569 = EDGE_CURVE('',#4562,#4483,#4570,.T.);
#4570 = LINE('',#4571,#4572);
#4571 = CARTESIAN_POINT('',(-0.525,0.375,1.6));
#4572 = VECTOR('',#4573,1.);
#4573 = DIRECTION('',(-1.,0.,0.));
#4574 = ORIENTED_EDGE('',*,*,#4482,.F.);
#4575 = ORIENTED_EDGE('',*,*,#3127,.F.);
#4576 = PLANE('',#4577);
#4577 = AXIS2_PLACEMENT_3D('',#4578,#4579,#4580);
#4578 = CARTESIAN_POINT('',(-0.525,0.375,4.2));
#4579 = DIRECTION('',(0.,1.,0.));
#4580 = DIRECTION('',(-1.,0.,0.));
#4581 = ADVANCED_FACE('',(#4582),#4608,.F.);
#4582 = FACE_BOUND('',#4583,.F.);
#4583 = EDGE_LOOP('',(#4584,#4585,#4593,#4601,#4607));
#4584 = ORIENTED_EDGE('',*,*,#4547,.T.);
#4585 = ORIENTED_EDGE('',*,*,#4586,.T.);
#4586 = EDGE_CURVE('',#4540,#4587,#4589,.T.);
#4587 = VERTEX_POINT('',#4588);
#4588 = CARTESIAN_POINT('',(0.525,0.175,1.6));
#4589 = LINE('',#4590,#4591);
#4590 = CARTESIAN_POINT('',(0.525,0.175,4.2));
#4591 = VECTOR('',#4592,1.);
#4592 = DIRECTION('',(-0.,-0.,-1.));
#4593 = ORIENTED_EDGE('',*,*,#4594,.T.);
#4594 = EDGE_CURVE('',#4587,#4595,#4597,.T.);
#4595 = VERTEX_POINT('',#4596);
#4596 = CARTESIAN_POINT('',(0.375,0.175,1.6));
#4597 = LINE('',#4598,#4599);
#4598 = CARTESIAN_POINT('',(0.525,0.175,1.6));
#4599 = VECTOR('',#4600,1.);
#4600 = DIRECTION('',(-1.,0.,0.));
#4601 = ORIENTED_EDGE('',*,*,#4602,.F.);
#4602 = EDGE_CURVE('',#3168,#4595,#4603,.T.);
#4603 = LINE('',#4604,#4605);
#4604 = CARTESIAN_POINT('',(0.375,0.175,4.2));
#4605 = VECTOR('',#4606,1.);
#4606 = DIRECTION('',(-0.,-0.,-1.));
#4607 = ORIENTED_EDGE('',*,*,#3175,.F.);
#4608 = PLANE('',#4609);
#4609 = AXIS2_PLACEMENT_3D('',#4610,#4611,#4612);
#4610 = CARTESIAN_POINT('',(0.525,0.175,4.2));
#4611 = DIRECTION('',(0.,1.,0.));
#4612 = DIRECTION('',(-1.,0.,0.));
#4613 = ADVANCED_FACE('',(#4614),#4648,.F.);
#4614 = FACE_BOUND('',#4615,.F.);
#4615 = EDGE_LOOP('',(#4616,#4617,#4625,#4633,#4641,#4647));
#4616 = ORIENTED_EDGE('',*,*,#3135,.F.);
#4617 = ORIENTED_EDGE('',*,*,#4618,.T.);
#4618 = EDGE_CURVE('',#3136,#4619,#4621,.T.);
#4619 = VERTEX_POINT('',#4620);
#4620 = CARTESIAN_POINT('',(-0.525,0.175,3.4804));
#4621 = LINE('',#4622,#4623);
#4622 = CARTESIAN_POINT('',(-0.525,0.175,4.2));
#4623 = VECTOR('',#4624,1.);
#4624 = DIRECTION('',(-0.,-0.,-1.));
#4625 = ORIENTED_EDGE('',*,*,#4626,.T.);
#4626 = EDGE_CURVE('',#4619,#4627,#4629,.T.);
#4627 = VERTEX_POINT('',#4628);
#4628 = CARTESIAN_POINT('',(-0.525,0.2946,3.6));
#4629 = LINE('',#4630,#4631);
#4630 = CARTESIAN_POINT('',(-0.525,-0.1054,3.2));
#4631 = VECTOR('',#4632,1.);
#4632 = DIRECTION('',(0.,0.707106781187,0.707106781187));
#4633 = ORIENTED_EDGE('',*,*,#4634,.T.);
#4634 = EDGE_CURVE('',#4627,#4635,#4637,.T.);
#4635 = VERTEX_POINT('',#4636);
#4636 = CARTESIAN_POINT('',(-0.525,0.2946,1.6));
#4637 = LINE('',#4638,#4639);
#4638 = CARTESIAN_POINT('',(-0.525,0.2946,3.6));
#4639 = VECTOR('',#4640,1.);
#4640 = DIRECTION('',(0.,0.,-1.));
#4641 = ORIENTED_EDGE('',*,*,#4642,.T.);
#4642 = EDGE_CURVE('',#4635,#4562,#4643,.T.);
#4643 = LINE('',#4644,#4645);
#4644 = CARTESIAN_POINT('',(-0.525,0.175,1.6));
#4645 = VECTOR('',#4646,1.);
#4646 = DIRECTION('',(0.,1.,0.));
#4647 = ORIENTED_EDGE('',*,*,#4561,.F.);
#4648 = PLANE('',#4649);
#4649 = AXIS2_PLACEMENT_3D('',#4650,#4651,#4652);
#4650 = CARTESIAN_POINT('',(-0.525,0.175,4.2));
#4651 = DIRECTION('',(1.,0.,0.));
#4652 = DIRECTION('',(-0.,1.,0.));
#4653 = ADVANCED_FACE('',(#4654),#4672,.F.);
#4654 = FACE_BOUND('',#4655,.F.);
#4655 = EDGE_LOOP('',(#4656,#4657,#4665,#4671));
#4656 = ORIENTED_EDGE('',*,*,#4602,.T.);
#4657 = ORIENTED_EDGE('',*,*,#4658,.T.);
#4658 = EDGE_CURVE('',#4595,#4659,#4661,.T.);
#4659 = VERTEX_POINT('',#4660);
#4660 = CARTESIAN_POINT('',(0.375,0.375,1.6));
#4661 = LINE('',#4662,#4663);
#4662 = CARTESIAN_POINT('',(0.375,0.175,1.6));
#4663 = VECTOR('',#4664,1.);
#4664 = DIRECTION('',(0.,1.,0.));
#4665 = ORIENTED_EDGE('',*,*,#4666,.F.);
#4666 = EDGE_CURVE('',#3160,#4659,#4667,.T.);
#4667 = LINE('',#4668,#4669);
#4668 = CARTESIAN_POINT('',(0.375,0.375,4.2));
#4669 = VECTOR('',#4670,1.);
#4670 = DIRECTION('',(-0.,-0.,-1.));
#4671 = ORIENTED_EDGE('',*,*,#3167,.F.);
#4672 = PLANE('',#4673);
#4673 = AXIS2_PLACEMENT_3D('',#4674,#4675,#4676);
#4674 = CARTESIAN_POINT('',(0.375,0.175,4.2));
#4675 = DIRECTION('',(1.,0.,0.));
#4676 = DIRECTION('',(-0.,1.,0.));
#4677 = ADVANCED_FACE('',(#4678),#4704,.F.);
#4678 = FACE_BOUND('',#4679,.F.);
#4679 = EDGE_LOOP('',(#4680,#4688,#4696,#4702,#4703));
#4680 = ORIENTED_EDGE('',*,*,#4681,.T.);
#4681 = EDGE_CURVE('',#3144,#4682,#4684,.T.);
#4682 = VERTEX_POINT('',#4683);
#4683 = CARTESIAN_POINT('',(-0.375,0.175,1.6));
#4684 = LINE('',#4685,#4686);
#4685 = CARTESIAN_POINT('',(-0.375,0.175,4.2));
#4686 = VECTOR('',#4687,1.);
#4687 = DIRECTION('',(-0.,-0.,-1.));
#4688 = ORIENTED_EDGE('',*,*,#4689,.T.);
#4689 = EDGE_CURVE('',#4682,#4690,#4692,.T.);
#4690 = VERTEX_POINT('',#4691);
#4691 = CARTESIAN_POINT('',(-0.525,0.175,1.6));
#4692 = LINE('',#4693,#4694);
#4693 = CARTESIAN_POINT('',(-0.375,0.175,1.6));
#4694 = VECTOR('',#4695,1.);
#4695 = DIRECTION('',(-1.,0.,0.));
#4696 = ORIENTED_EDGE('',*,*,#4697,.F.);
#4697 = EDGE_CURVE('',#4619,#4690,#4698,.T.);
#4698 = LINE('',#4699,#4700);
#4699 = CARTESIAN_POINT('',(-0.525,0.175,4.2));
#4700 = VECTOR('',#4701,1.);
#4701 = DIRECTION('',(-0.,-0.,-1.));
#4702 = ORIENTED_EDGE('',*,*,#4618,.F.);
#4703 = ORIENTED_EDGE('',*,*,#3143,.F.);
#4704 = PLANE('',#4705);
#4705 = AXIS2_PLACEMENT_3D('',#4706,#4707,#4708);
#4706 = CARTESIAN_POINT('',(-0.375,0.175,4.2));
#4707 = DIRECTION('',(0.,1.,0.));
#4708 = DIRECTION('',(-1.,0.,0.));
#4709 = ADVANCED_FACE('',(#4710),#4728,.F.);
#4710 = FACE_BOUND('',#4711,.F.);
#4711 = EDGE_LOOP('',(#4712,#4713,#4721,#4727));
#4712 = ORIENTED_EDGE('',*,*,#4666,.T.);
#4713 = ORIENTED_EDGE('',*,*,#4714,.T.);
#4714 = EDGE_CURVE('',#4659,#4715,#4717,.T.);
#4715 = VERTEX_POINT('',#4716);
#4716 = CARTESIAN_POINT('',(-0.375,0.375,1.6));
#4717 = LINE('',#4718,#4719);
#4718 = CARTESIAN_POINT('',(0.375,0.375,1.6));
#4719 = VECTOR('',#4720,1.);
#4720 = DIRECTION('',(-1.,0.,0.));
#4721 = ORIENTED_EDGE('',*,*,#4722,.F.);
#4722 = EDGE_CURVE('',#3152,#4715,#4723,.T.);
#4723 = LINE('',#4724,#4725);
#4724 = CARTESIAN_POINT('',(-0.375,0.375,4.2));
#4725 = VECTOR('',#4726,1.);
#4726 = DIRECTION('',(-0.,-0.,-1.));
#4727 = ORIENTED_EDGE('',*,*,#3159,.F.);
#4728 = PLANE('',#4729);
#4729 = AXIS2_PLACEMENT_3D('',#4730,#4731,#4732);
#4730 = CARTESIAN_POINT('',(0.375,0.375,4.2));
#4731 = DIRECTION('',(0.,1.,0.));
#4732 = DIRECTION('',(-1.,0.,0.));
#4733 = ADVANCED_FACE('',(#4734),#4745,.F.);
#4734 = FACE_BOUND('',#4735,.F.);
#4735 = EDGE_LOOP('',(#4736,#4737,#4743,#4744));
#4736 = ORIENTED_EDGE('',*,*,#4722,.T.);
#4737 = ORIENTED_EDGE('',*,*,#4738,.T.);
#4738 = EDGE_CURVE('',#4715,#4682,#4739,.T.);
#4739 = LINE('',#4740,#4741);
#4740 = CARTESIAN_POINT('',(-0.375,0.375,1.6));
#4741 = VECTOR('',#4742,1.);
#4742 = DIRECTION('',(0.,-1.,0.));
#4743 = ORIENTED_EDGE('',*,*,#4681,.F.);
#4744 = ORIENTED_EDGE('',*,*,#3151,.F.);
#4745 = PLANE('',#4746);
#4746 = AXIS2_PLACEMENT_3D('',#4747,#4748,#4749);
#4747 = CARTESIAN_POINT('',(-0.375,0.375,4.2));
#4748 = DIRECTION('',(-1.,0.,0.));
#4749 = DIRECTION('',(0.,-1.,0.));
#4750 = ADVANCED_FACE('',(#4751),#4776,.T.);
#4751 = FACE_BOUND('',#4752,.T.);
#4752 = EDGE_LOOP('',(#4753,#4761,#4769,#4775));
#4753 = ORIENTED_EDGE('',*,*,#4754,.F.);
#4754 = EDGE_CURVE('',#4755,#3248,#4757,.T.);
#4755 = VERTEX_POINT('',#4756);
#4756 = CARTESIAN_POINT('',(1.425,1.525,3.2));
#4757 = LINE('',#4758,#4759);
#4758 = CARTESIAN_POINT('',(1.425,1.525,3.2));
#4759 = VECTOR('',#4760,1.);
#4760 = DIRECTION('',(0.,0.,1.));
#4761 = ORIENTED_EDGE('',*,*,#4762,.T.);
#4762 = EDGE_CURVE('',#4755,#4763,#4765,.T.);
#4763 = VERTEX_POINT('',#4764);
#4764 = CARTESIAN_POINT('',(1.425,2.125,3.2));
#4765 = LINE('',#4766,#4767);
#4766 = CARTESIAN_POINT('',(1.425,1.525,3.2));
#4767 = VECTOR('',#4768,1.);
#4768 = DIRECTION('',(0.,1.,0.));
#4769 = ORIENTED_EDGE('',*,*,#4770,.T.);
#4770 = EDGE_CURVE('',#4763,#3250,#4771,.T.);
#4771 = LINE('',#4772,#4773);
#4772 = CARTESIAN_POINT('',(1.425,2.125,3.2));
#4773 = VECTOR('',#4774,1.);
#4774 = DIRECTION('',(0.,0.,1.));
#4775 = ORIENTED_EDGE('',*,*,#3247,.F.);
#4776 = PLANE('',#4777);
#4777 = AXIS2_PLACEMENT_3D('',#4778,#4779,#4780);
#4778 = CARTESIAN_POINT('',(1.425,1.525,3.2));
#4779 = DIRECTION('',(1.,0.,0.));
#4780 = DIRECTION('',(0.,0.,1.));
#4781 = ADVANCED_FACE('',(#4782),#4800,.T.);
#4782 = FACE_BOUND('',#4783,.T.);
#4783 = EDGE_LOOP('',(#4784,#4792,#4793,#4794));
#4784 = ORIENTED_EDGE('',*,*,#4785,.F.);
#4785 = EDGE_CURVE('',#4755,#4786,#4788,.T.);
#4786 = VERTEX_POINT('',#4787);
#4787 = CARTESIAN_POINT('',(2.525,1.525,3.2));
#4788 = LINE('',#4789,#4790);
#4789 = CARTESIAN_POINT('',(1.425,1.525,3.2));
#4790 = VECTOR('',#4791,1.);
#4791 = DIRECTION('',(1.,0.,0.));
#4792 = ORIENTED_EDGE('',*,*,#4754,.T.);
#4793 = ORIENTED_EDGE('',*,*,#3273,.T.);
#4794 = ORIENTED_EDGE('',*,*,#4795,.F.);
#4795 = EDGE_CURVE('',#4786,#3266,#4796,.T.);
#4796 = LINE('',#4797,#4798);
#4797 = CARTESIAN_POINT('',(2.525,1.525,3.2));
#4798 = VECTOR('',#4799,1.);
#4799 = DIRECTION('',(0.,0.,1.));
#4800 = PLANE('',#4801);
#4801 = AXIS2_PLACEMENT_3D('',#4802,#4803,#4804);
#4802 = CARTESIAN_POINT('',(1.425,1.525,3.2));
#4803 = DIRECTION('',(0.,1.,0.));
#4804 = DIRECTION('',(0.,-0.,1.));
#4805 = ADVANCED_FACE('',(#4806),#4824,.F.);
#4806 = FACE_BOUND('',#4807,.F.);
#4807 = EDGE_LOOP('',(#4808,#4809,#4817,#4823));
#4808 = ORIENTED_EDGE('',*,*,#4795,.F.);
#4809 = ORIENTED_EDGE('',*,*,#4810,.T.);
#4810 = EDGE_CURVE('',#4786,#4811,#4813,.T.);
#4811 = VERTEX_POINT('',#4812);
#4812 = CARTESIAN_POINT('',(2.525,2.125,3.2));
#4813 = LINE('',#4814,#4815);
#4814 = CARTESIAN_POINT('',(2.525,1.525,3.2));
#4815 = VECTOR('',#4816,1.);
#4816 = DIRECTION('',(0.,1.,0.));
#4817 = ORIENTED_EDGE('',*,*,#4818,.T.);
#4818 = EDGE_CURVE('',#4811,#3258,#4819,.T.);
#4819 = LINE('',#4820,#4821);
#4820 = CARTESIAN_POINT('',(2.525,2.125,3.2));
#4821 = VECTOR('',#4822,1.);
#4822 = DIRECTION('',(0.,0.,1.));
#4823 = ORIENTED_EDGE('',*,*,#3265,.F.);
#4824 = PLANE('',#4825);
#4825 = AXIS2_PLACEMENT_3D('',#4826,#4827,#4828);
#4826 = CARTESIAN_POINT('',(2.525,1.525,3.2));
#4827 = DIRECTION('',(1.,0.,0.));
#4828 = DIRECTION('',(0.,0.,1.));
#4829 = ADVANCED_FACE('',(#4830),#4841,.F.);
#4830 = FACE_BOUND('',#4831,.F.);
#4831 = EDGE_LOOP('',(#4832,#4838,#4839,#4840));
#4832 = ORIENTED_EDGE('',*,*,#4833,.F.);
#4833 = EDGE_CURVE('',#4763,#4811,#4834,.T.);
#4834 = LINE('',#4835,#4836);
#4835 = CARTESIAN_POINT('',(1.425,2.125,3.2));
#4836 = VECTOR('',#4837,1.);
#4837 = DIRECTION('',(1.,0.,0.));
#4838 = ORIENTED_EDGE('',*,*,#4770,.T.);
#4839 = ORIENTED_EDGE('',*,*,#3257,.T.);
#4840 = ORIENTED_EDGE('',*,*,#4818,.F.);
#4841 = PLANE('',#4842);
#4842 = AXIS2_PLACEMENT_3D('',#4843,#4844,#4845);
#4843 = CARTESIAN_POINT('',(1.425,2.125,3.2));
#4844 = DIRECTION('',(0.,1.,0.));
#4845 = DIRECTION('',(0.,-0.,1.));
#4846 = ADVANCED_FACE('',(#4847),#4872,.T.);
#4847 = FACE_BOUND('',#4848,.T.);
#4848 = EDGE_LOOP('',(#4849,#4857,#4865,#4871));
#4849 = ORIENTED_EDGE('',*,*,#4850,.F.);
#4850 = EDGE_CURVE('',#4851,#3282,#4853,.T.);
#4851 = VERTEX_POINT('',#4852);
#4852 = CARTESIAN_POINT('',(-2.525,1.525,3.2));
#4853 = LINE('',#4854,#4855);
#4854 = CARTESIAN_POINT('',(-2.525,1.525,3.2));
#4855 = VECTOR('',#4856,1.);
#4856 = DIRECTION('',(0.,0.,1.));
#4857 = ORIENTED_EDGE('',*,*,#4858,.T.);
#4858 = EDGE_CURVE('',#4851,#4859,#4861,.T.);
#4859 = VERTEX_POINT('',#4860);
#4860 = CARTESIAN_POINT('',(-2.525,2.125,3.2));
#4861 = LINE('',#4862,#4863);
#4862 = CARTESIAN_POINT('',(-2.525,1.525,3.2));
#4863 = VECTOR('',#4864,1.);
#4864 = DIRECTION('',(0.,1.,0.));
#4865 = ORIENTED_EDGE('',*,*,#4866,.T.);
#4866 = EDGE_CURVE('',#4859,#3284,#4867,.T.);
#4867 = LINE('',#4868,#4869);
#4868 = CARTESIAN_POINT('',(-2.525,2.125,3.2));
#4869 = VECTOR('',#4870,1.);
#4870 = DIRECTION('',(0.,0.,1.));
#4871 = ORIENTED_EDGE('',*,*,#3281,.F.);
#4872 = PLANE('',#4873);
#4873 = AXIS2_PLACEMENT_3D('',#4874,#4875,#4876);
#4874 = CARTESIAN_POINT('',(-2.525,1.525,3.2));
#4875 = DIRECTION('',(1.,0.,0.));
#4876 = DIRECTION('',(0.,0.,1.));
#4877 = ADVANCED_FACE('',(#4878),#4896,.T.);
#4878 = FACE_BOUND('',#4879,.T.);
#4879 = EDGE_LOOP('',(#4880,#4888,#4889,#4890));
#4880 = ORIENTED_EDGE('',*,*,#4881,.F.);
#4881 = EDGE_CURVE('',#4851,#4882,#4884,.T.);
#4882 = VERTEX_POINT('',#4883);
#4883 = CARTESIAN_POINT('',(-1.425,1.525,3.2));
#4884 = LINE('',#4885,#4886);
#4885 = CARTESIAN_POINT('',(-2.525,1.525,3.2));
#4886 = VECTOR('',#4887,1.);
#4887 = DIRECTION('',(1.,0.,0.));
#4888 = ORIENTED_EDGE('',*,*,#4850,.T.);
#4889 = ORIENTED_EDGE('',*,*,#3307,.T.);
#4890 = ORIENTED_EDGE('',*,*,#4891,.F.);
#4891 = EDGE_CURVE('',#4882,#3300,#4892,.T.);
#4892 = LINE('',#4893,#4894);
#4893 = CARTESIAN_POINT('',(-1.425,1.525,3.2));
#4894 = VECTOR('',#4895,1.);
#4895 = DIRECTION('',(0.,0.,1.));
#4896 = PLANE('',#4897);
#4897 = AXIS2_PLACEMENT_3D('',#4898,#4899,#4900);
#4898 = CARTESIAN_POINT('',(-2.525,1.525,3.2));
#4899 = DIRECTION('',(0.,1.,0.));
#4900 = DIRECTION('',(0.,-0.,1.));
#4901 = ADVANCED_FACE('',(#4902),#4920,.F.);
#4902 = FACE_BOUND('',#4903,.F.);
#4903 = EDGE_LOOP('',(#4904,#4905,#4913,#4919));
#4904 = ORIENTED_EDGE('',*,*,#4891,.F.);
#4905 = ORIENTED_EDGE('',*,*,#4906,.T.);
#4906 = EDGE_CURVE('',#4882,#4907,#4909,.T.);
#4907 = VERTEX_POINT('',#4908);
#4908 = CARTESIAN_POINT('',(-1.425,2.125,3.2));
#4909 = LINE('',#4910,#4911);
#4910 = CARTESIAN_POINT('',(-1.425,1.525,3.2));
#4911 = VECTOR('',#4912,1.);
#4912 = DIRECTION('',(0.,1.,0.));
#4913 = ORIENTED_EDGE('',*,*,#4914,.T.);
#4914 = EDGE_CURVE('',#4907,#3292,#4915,.T.);
#4915 = LINE('',#4916,#4917);
#4916 = CARTESIAN_POINT('',(-1.425,2.125,3.2));
#4917 = VECTOR('',#4918,1.);
#4918 = DIRECTION('',(0.,0.,1.));
#4919 = ORIENTED_EDGE('',*,*,#3299,.F.);
#4920 = PLANE('',#4921);
#4921 = AXIS2_PLACEMENT_3D('',#4922,#4923,#4924);
#4922 = CARTESIAN_POINT('',(-1.425,1.525,3.2));
#4923 = DIRECTION('',(1.,0.,0.));
#4924 = DIRECTION('',(0.,0.,1.));
#4925 = ADVANCED_FACE('',(#4926),#4937,.F.);
#4926 = FACE_BOUND('',#4927,.F.);
#4927 = EDGE_LOOP('',(#4928,#4934,#4935,#4936));
#4928 = ORIENTED_EDGE('',*,*,#4929,.F.);
#4929 = EDGE_CURVE('',#4859,#4907,#4930,.T.);
#4930 = LINE('',#4931,#4932);
#4931 = CARTESIAN_POINT('',(-2.525,2.125,3.2));
#4932 = VECTOR('',#4933,1.);
#4933 = DIRECTION('',(1.,0.,0.));
#4934 = ORIENTED_EDGE('',*,*,#4866,.T.);
#4935 = ORIENTED_EDGE('',*,*,#3291,.T.);
#4936 = ORIENTED_EDGE('',*,*,#4914,.F.);
#4937 = PLANE('',#4938);
#4938 = AXIS2_PLACEMENT_3D('',#4939,#4940,#4941);
#4939 = CARTESIAN_POINT('',(-2.525,2.125,3.2));
#4940 = DIRECTION('',(0.,1.,0.));
#4941 = DIRECTION('',(0.,-0.,1.));
#4942 = ADVANCED_FACE('',(#4943),#4969,.F.);
#4943 = FACE_BOUND('',#4944,.F.);
#4944 = EDGE_LOOP('',(#4945,#4955,#4961,#4962,#4963));
#4945 = ORIENTED_EDGE('',*,*,#4946,.T.);
#4946 = EDGE_CURVE('',#4947,#4949,#4951,.T.);
#4947 = VERTEX_POINT('',#4948);
#4948 = CARTESIAN_POINT('',(2.375,2.475,0.));
#4949 = VERTEX_POINT('',#4950);
#4950 = CARTESIAN_POINT('',(2.575,2.475,0.));
#4951 = LINE('',#4952,#4953);
#4952 = CARTESIAN_POINT('',(2.375,2.475,0.));
#4953 = VECTOR('',#4954,1.);
#4954 = DIRECTION('',(1.,0.,0.));
#4955 = ORIENTED_EDGE('',*,*,#4956,.T.);
#4956 = EDGE_CURVE('',#4949,#3364,#4957,.T.);
#4957 = LINE('',#4958,#4959);
#4958 = CARTESIAN_POINT('',(2.575,2.475,0.));
#4959 = VECTOR('',#4960,1.);
#4960 = DIRECTION('',(0.,0.,1.));
#4961 = ORIENTED_EDGE('',*,*,#3371,.F.);
#4962 = ORIENTED_EDGE('',*,*,#3379,.T.);
#4963 = ORIENTED_EDGE('',*,*,#4964,.F.);
#4964 = EDGE_CURVE('',#4947,#3324,#4965,.T.);
#4965 = LINE('',#4966,#4967);
#4966 = CARTESIAN_POINT('',(2.375,2.475,0.));
#4967 = VECTOR('',#4968,1.);
#4968 = DIRECTION('',(0.,0.,1.));
#4969 = PLANE('',#4970);
#4970 = AXIS2_PLACEMENT_3D('',#4971,#4972,#4973);
#4971 = CARTESIAN_POINT('',(2.375,2.475,0.));
#4972 = DIRECTION('',(0.,-1.,0.));
#4973 = DIRECTION('',(0.,0.,1.));
#4974 = ADVANCED_FACE('',(#4975),#4993,.F.);
#4975 = FACE_BOUND('',#4976,.F.);
#4976 = EDGE_LOOP('',(#4977,#4985,#4991,#4992));
#4977 = ORIENTED_EDGE('',*,*,#4978,.T.);
#4978 = EDGE_CURVE('',#3364,#4979,#4981,.T.);
#4979 = VERTEX_POINT('',#4980);
#4980 = CARTESIAN_POINT('',(2.575,1.825,2.05));
#4981 = LINE('',#4982,#4983);
#4982 = CARTESIAN_POINT('',(2.575,2.475,2.05));
#4983 = VECTOR('',#4984,1.);
#4984 = DIRECTION('',(0.,-1.,0.));
#4985 = ORIENTED_EDGE('',*,*,#4986,.T.);
#4986 = EDGE_CURVE('',#4979,#3839,#4987,.T.);
#4987 = LINE('',#4988,#4989);
#4988 = CARTESIAN_POINT('',(2.375,1.825,2.05));
#4989 = VECTOR('',#4990,1.);
#4990 = DIRECTION('',(1.,0.,0.));
#4991 = ORIENTED_EDGE('',*,*,#3846,.T.);
#4992 = ORIENTED_EDGE('',*,*,#3363,.F.);
#4993 = PLANE('',#4994);
#4994 = AXIS2_PLACEMENT_3D('',#4995,#4996,#4997);
#4995 = CARTESIAN_POINT('',(2.375,1.825,2.05));
#4996 = DIRECTION('',(0.,0.,1.));
#4997 = DIRECTION('',(0.,1.,0.));
#4998 = ADVANCED_FACE('',(#4999),#5025,.F.);
#4999 = FACE_BOUND('',#5000,.F.);
#5000 = EDGE_LOOP('',(#5001,#5011,#5017,#5018,#5019));
#5001 = ORIENTED_EDGE('',*,*,#5002,.T.);
#5002 = EDGE_CURVE('',#5003,#5005,#5007,.T.);
#5003 = VERTEX_POINT('',#5004);
#5004 = CARTESIAN_POINT('',(-2.575,2.475,0.));
#5005 = VERTEX_POINT('',#5006);
#5006 = CARTESIAN_POINT('',(-2.375,2.475,0.));
#5007 = LINE('',#5008,#5009);
#5008 = CARTESIAN_POINT('',(-2.575,2.475,0.));
#5009 = VECTOR('',#5010,1.);
#5010 = DIRECTION('',(1.,0.,0.));
#5011 = ORIENTED_EDGE('',*,*,#5012,.T.);
#5012 = EDGE_CURVE('',#5005,#3322,#5013,.T.);
#5013 = LINE('',#5014,#5015);
#5014 = CARTESIAN_POINT('',(-2.375,2.475,0.));
#5015 = VECTOR('',#5016,1.);
#5016 = DIRECTION('',(0.,0.,1.));
#5017 = ORIENTED_EDGE('',*,*,#3331,.F.);
#5018 = ORIENTED_EDGE('',*,*,#3339,.F.);
#5019 = ORIENTED_EDGE('',*,*,#5020,.F.);
#5020 = EDGE_CURVE('',#5003,#3340,#5021,.T.);
#5021 = LINE('',#5022,#5023);
#5022 = CARTESIAN_POINT('',(-2.575,2.475,0.));
#5023 = VECTOR('',#5024,1.);
#5024 = DIRECTION('',(0.,0.,1.));
#5025 = PLANE('',#5026);
#5026 = AXIS2_PLACEMENT_3D('',#5027,#5028,#5029);
#5027 = CARTESIAN_POINT('',(-2.575,2.475,0.));
#5028 = DIRECTION('',(0.,-1.,0.));
#5029 = DIRECTION('',(0.,0.,1.));
#5030 = ADVANCED_FACE('',(#5031),#5062,.F.);
#5031 = FACE_BOUND('',#5032,.F.);
#5032 = EDGE_LOOP('',(#5033,#5041,#5042,#5043,#5044,#5045,#5046,#5047,
    #5048,#5056));
#5033 = ORIENTED_EDGE('',*,*,#5034,.T.);
#5034 = EDGE_CURVE('',#5035,#5003,#5037,.T.);
#5035 = VERTEX_POINT('',#5036);
#5036 = CARTESIAN_POINT('',(-2.575,0.255,-1.665334536938E-16));
#5037 = LINE('',#5038,#5039);
#5038 = CARTESIAN_POINT('',(-2.575,0.255,-1.665334536938E-16));
#5039 = VECTOR('',#5040,1.);
#5040 = DIRECTION('',(0.,1.,7.501506923143E-17));
#5041 = ORIENTED_EDGE('',*,*,#5020,.T.);
#5042 = ORIENTED_EDGE('',*,*,#3402,.T.);
#5043 = ORIENTED_EDGE('',*,*,#3442,.F.);
#5044 = ORIENTED_EDGE('',*,*,#3434,.T.);
#5045 = ORIENTED_EDGE('',*,*,#3426,.F.);
#5046 = ORIENTED_EDGE('',*,*,#3466,.F.);
#5047 = ORIENTED_EDGE('',*,*,#3506,.F.);
#5048 = ORIENTED_EDGE('',*,*,#5049,.T.);
#5049 = EDGE_CURVE('',#3499,#5050,#5052,.T.);
#5050 = VERTEX_POINT('',#5051);
#5051 = CARTESIAN_POINT('',(-2.575,0.255,0.37));
#5052 = LINE('',#5053,#5054);
#5053 = CARTESIAN_POINT('',(-2.575,-0.235,0.37));
#5054 = VECTOR('',#5055,1.);
#5055 = DIRECTION('',(0.,1.,0.));
#5056 = ORIENTED_EDGE('',*,*,#5057,.T.);
#5057 = EDGE_CURVE('',#5050,#5035,#5058,.T.);
#5058 = LINE('',#5059,#5060);
#5059 = CARTESIAN_POINT('',(-2.575,0.255,0.37));
#5060 = VECTOR('',#5061,1.);
#5061 = DIRECTION('',(0.,0.,-1.));
#5062 = PLANE('',#5063);
#5063 = AXIS2_PLACEMENT_3D('',#5064,#5065,#5066);
#5064 = CARTESIAN_POINT('',(-2.575,1.254889064976,1.020784469097));
#5065 = DIRECTION('',(1.,0.,0.));
#5066 = DIRECTION('',(0.,0.,1.));
#5067 = ADVANCED_FACE('',(#5068),#5086,.F.);
#5068 = FACE_BOUND('',#5069,.F.);
#5069 = EDGE_LOOP('',(#5070,#5071,#5072,#5080));
#5070 = ORIENTED_EDGE('',*,*,#5049,.F.);
#5071 = ORIENTED_EDGE('',*,*,#3498,.F.);
#5072 = ORIENTED_EDGE('',*,*,#5073,.T.);
#5073 = EDGE_CURVE('',#3491,#5074,#5076,.T.);
#5074 = VERTEX_POINT('',#5075);
#5075 = CARTESIAN_POINT('',(-2.375,0.255,0.37));
#5076 = LINE('',#5077,#5078);
#5077 = CARTESIAN_POINT('',(-2.375,-0.235,0.37));
#5078 = VECTOR('',#5079,1.);
#5079 = DIRECTION('',(0.,1.,0.));
#5080 = ORIENTED_EDGE('',*,*,#5081,.F.);
#5081 = EDGE_CURVE('',#5050,#5074,#5082,.T.);
#5082 = LINE('',#5083,#5084);
#5083 = CARTESIAN_POINT('',(-2.575,0.255,0.37));
#5084 = VECTOR('',#5085,1.);
#5085 = DIRECTION('',(1.,0.,0.));
#5086 = PLANE('',#5087);
#5087 = AXIS2_PLACEMENT_3D('',#5088,#5089,#5090);
#5088 = CARTESIAN_POINT('',(-2.575,-0.235,0.37));
#5089 = DIRECTION('',(0.,0.,1.));
#5090 = DIRECTION('',(0.,1.,0.));
#5091 = ADVANCED_FACE('',(#5092),#5103,.T.);
#5092 = FACE_BOUND('',#5093,.T.);
#5093 = EDGE_LOOP('',(#5094,#5100,#5101,#5102));
#5094 = ORIENTED_EDGE('',*,*,#5095,.T.);
#5095 = EDGE_CURVE('',#5074,#3562,#5096,.T.);
#5096 = LINE('',#5097,#5098);
#5097 = CARTESIAN_POINT('',(-2.375,0.255,0.37));
#5098 = VECTOR('',#5099,1.);
#5099 = DIRECTION('',(0.,0.,-1.));
#5100 = ORIENTED_EDGE('',*,*,#3569,.T.);
#5101 = ORIENTED_EDGE('',*,*,#3490,.T.);
#5102 = ORIENTED_EDGE('',*,*,#5073,.T.);
#5103 = PLANE('',#5104);
#5104 = AXIS2_PLACEMENT_3D('',#5105,#5106,#5107);
#5105 = CARTESIAN_POINT('',(-2.375,1.600602409639,0.849397590361));
#5106 = DIRECTION('',(-1.,-9.478017969095E-32,-9.898263210041E-32));
#5107 = DIRECTION('',(9.898263210041E-32,0.,-1.));
#5108 = ADVANCED_FACE('',(#5109),#5127,.T.);
#5109 = FACE_BOUND('',#5110,.T.);
#5110 = EDGE_LOOP('',(#5111,#5119,#5120,#5121));
#5111 = ORIENTED_EDGE('',*,*,#5112,.T.);
#5112 = EDGE_CURVE('',#5113,#5005,#5115,.T.);
#5113 = VERTEX_POINT('',#5114);
#5114 = CARTESIAN_POINT('',(-2.375,0.255,-1.665334536938E-16));
#5115 = LINE('',#5116,#5117);
#5116 = CARTESIAN_POINT('',(-2.375,0.255,-1.665334536938E-16));
#5117 = VECTOR('',#5118,1.);
#5118 = DIRECTION('',(0.,1.,7.501506923143E-17));
#5119 = ORIENTED_EDGE('',*,*,#5012,.T.);
#5120 = ORIENTED_EDGE('',*,*,#3561,.T.);
#5121 = ORIENTED_EDGE('',*,*,#5122,.T.);
#5122 = EDGE_CURVE('',#3562,#5113,#5123,.T.);
#5123 = LINE('',#5124,#5125);
#5124 = CARTESIAN_POINT('',(-2.375,0.255,0.37));
#5125 = VECTOR('',#5126,1.);
#5126 = DIRECTION('',(0.,0.,-1.));
#5127 = PLANE('',#5128);
#5128 = AXIS2_PLACEMENT_3D('',#5129,#5130,#5131);
#5129 = CARTESIAN_POINT('',(-2.375,1.254889064976,1.020784469097));
#5130 = DIRECTION('',(1.,0.,0.));
#5131 = DIRECTION('',(0.,0.,1.));
#5132 = ADVANCED_FACE('',(#5133),#5151,.F.);
#5133 = FACE_BOUND('',#5134,.F.);
#5134 = EDGE_LOOP('',(#5135,#5143,#5144,#5145));
#5135 = ORIENTED_EDGE('',*,*,#5136,.T.);
#5136 = EDGE_CURVE('',#5137,#4947,#5139,.T.);
#5137 = VERTEX_POINT('',#5138);
#5138 = CARTESIAN_POINT('',(2.375,0.255,-1.665334536938E-16));
#5139 = LINE('',#5140,#5141);
#5140 = CARTESIAN_POINT('',(2.375,0.255,-1.665334536938E-16));
#5141 = VECTOR('',#5142,1.);
#5142 = DIRECTION('',(0.,1.,7.501506923143E-17));
#5143 = ORIENTED_EDGE('',*,*,#4964,.T.);
#5144 = ORIENTED_EDGE('',*,*,#3554,.T.);
#5145 = ORIENTED_EDGE('',*,*,#5146,.T.);
#5146 = EDGE_CURVE('',#3547,#5137,#5147,.T.);
#5147 = LINE('',#5148,#5149);
#5148 = CARTESIAN_POINT('',(2.375,0.255,0.37));
#5149 = VECTOR('',#5150,1.);
#5150 = DIRECTION('',(0.,0.,-1.));
#5151 = PLANE('',#5152);
#5152 = AXIS2_PLACEMENT_3D('',#5153,#5154,#5155);
#5153 = CARTESIAN_POINT('',(2.375,1.254889064976,1.020784469097));
#5154 = DIRECTION('',(1.,0.,0.));
#5155 = DIRECTION('',(0.,0.,1.));
#5156 = ADVANCED_FACE('',(#5157),#5182,.F.);
#5157 = FACE_BOUND('',#5158,.F.);
#5158 = EDGE_LOOP('',(#5159,#5167,#5168,#5176));
#5159 = ORIENTED_EDGE('',*,*,#5160,.T.);
#5160 = EDGE_CURVE('',#5161,#3547,#5163,.T.);
#5161 = VERTEX_POINT('',#5162);
#5162 = CARTESIAN_POINT('',(2.375,0.255,0.37));
#5163 = LINE('',#5164,#5165);
#5164 = CARTESIAN_POINT('',(2.375,0.255,0.37));
#5165 = VECTOR('',#5166,1.);
#5166 = DIRECTION('',(0.,0.,-1.));
#5167 = ORIENTED_EDGE('',*,*,#3546,.T.);
#5168 = ORIENTED_EDGE('',*,*,#5169,.T.);
#5169 = EDGE_CURVE('',#3539,#5170,#5172,.T.);
#5170 = VERTEX_POINT('',#5171);
#5171 = CARTESIAN_POINT('',(2.375,0.225,0.37));
#5172 = LINE('',#5173,#5174);
#5173 = CARTESIAN_POINT('',(2.375,0.225,0.15));
#5174 = VECTOR('',#5175,1.);
#5175 = DIRECTION('',(0.,0.,1.));
#5176 = ORIENTED_EDGE('',*,*,#5177,.T.);
#5177 = EDGE_CURVE('',#5170,#5161,#5178,.T.);
#5178 = LINE('',#5179,#5180);
#5179 = CARTESIAN_POINT('',(2.375,-0.235,0.37));
#5180 = VECTOR('',#5181,1.);
#5181 = DIRECTION('',(0.,1.,0.));
#5182 = PLANE('',#5183);
#5183 = AXIS2_PLACEMENT_3D('',#5184,#5185,#5186);
#5184 = CARTESIAN_POINT('',(2.375,1.600602409639,0.849397590361));
#5185 = DIRECTION('',(-1.,-9.478017969095E-32,-9.898263210041E-32));
#5186 = DIRECTION('',(9.898263210041E-32,0.,-1.));
#5187 = ADVANCED_FACE('',(#5188),#5215,.F.);
#5188 = FACE_BOUND('',#5189,.F.);
#5189 = EDGE_LOOP('',(#5190,#5191,#5192,#5193,#5201,#5209));
#5190 = ORIENTED_EDGE('',*,*,#5169,.F.);
#5191 = ORIENTED_EDGE('',*,*,#3538,.T.);
#5192 = ORIENTED_EDGE('',*,*,#3822,.T.);
#5193 = ORIENTED_EDGE('',*,*,#5194,.F.);
#5194 = EDGE_CURVE('',#5195,#3823,#5197,.T.);
#5195 = VERTEX_POINT('',#5196);
#5196 = CARTESIAN_POINT('',(2.575,0.225,0.75));
#5197 = LINE('',#5198,#5199);
#5198 = CARTESIAN_POINT('',(2.375,0.225,0.75));
#5199 = VECTOR('',#5200,1.);
#5200 = DIRECTION('',(1.,0.,0.));
#5201 = ORIENTED_EDGE('',*,*,#5202,.F.);
#5202 = EDGE_CURVE('',#5203,#5195,#5205,.T.);
#5203 = VERTEX_POINT('',#5204);
#5204 = CARTESIAN_POINT('',(2.575,0.225,0.37));
#5205 = LINE('',#5206,#5207);
#5206 = CARTESIAN_POINT('',(2.575,0.225,0.585392234548));
#5207 = VECTOR('',#5208,1.);
#5208 = DIRECTION('',(0.,0.,1.));
#5209 = ORIENTED_EDGE('',*,*,#5210,.T.);
#5210 = EDGE_CURVE('',#5203,#5170,#5211,.T.);
#5211 = LINE('',#5212,#5213);
#5212 = CARTESIAN_POINT('',(2.375,0.225,0.37));
#5213 = VECTOR('',#5214,1.);
#5214 = DIRECTION('',(-1.,0.,0.));
#5215 = PLANE('',#5216);
#5216 = AXIS2_PLACEMENT_3D('',#5217,#5218,#5219);
#5217 = CARTESIAN_POINT('',(2.375,0.225,0.15));
#5218 = DIRECTION('',(0.,-1.,0.));
#5219 = DIRECTION('',(0.,0.,1.));
#5220 = ADVANCED_FACE('',(#5221),#5280,.T.);
#5221 = FACE_BOUND('',#5222,.T.);
#5222 = EDGE_LOOP('',(#5223,#5233,#5241,#5249,#5257,#5263,#5264,#5265,
    #5266,#5274));
#5223 = ORIENTED_EDGE('',*,*,#5224,.T.);
#5224 = EDGE_CURVE('',#5225,#5227,#5229,.T.);
#5225 = VERTEX_POINT('',#5226);
#5226 = CARTESIAN_POINT('',(-0.725,-1.4754,-4.440892098501E-16));
#5227 = VERTEX_POINT('',#5228);
#5228 = CARTESIAN_POINT('',(-0.725,-2.4754,0.));
#5229 = LINE('',#5230,#5231);
#5230 = CARTESIAN_POINT('',(-0.725,-1.4754,-4.440892098501E-16));
#5231 = VECTOR('',#5232,1.);
#5232 = DIRECTION('',(0.,-1.,4.440892098501E-16));
#5233 = ORIENTED_EDGE('',*,*,#5234,.T.);
#5234 = EDGE_CURVE('',#5227,#5235,#5237,.T.);
#5235 = VERTEX_POINT('',#5236);
#5236 = CARTESIAN_POINT('',(-0.725,-2.4754,0.3));
#5237 = LINE('',#5238,#5239);
#5238 = CARTESIAN_POINT('',(-0.725,-2.4754,0.));
#5239 = VECTOR('',#5240,1.);
#5240 = DIRECTION('',(0.,0.,1.));
#5241 = ORIENTED_EDGE('',*,*,#5242,.T.);
#5242 = EDGE_CURVE('',#5235,#5243,#5245,.T.);
#5243 = VERTEX_POINT('',#5244);
#5244 = CARTESIAN_POINT('',(-0.725,-1.7754,0.3));
#5245 = LINE('',#5246,#5247);
#5246 = CARTESIAN_POINT('',(-0.725,-2.4754,0.3));
#5247 = VECTOR('',#5248,1.);
#5248 = DIRECTION('',(0.,1.,0.));
#5249 = ORIENTED_EDGE('',*,*,#5250,.T.);
#5250 = EDGE_CURVE('',#5243,#5251,#5253,.T.);
#5251 = VERTEX_POINT('',#5252);
#5252 = CARTESIAN_POINT('',(-0.725,-1.7754,0.65));
#5253 = LINE('',#5254,#5255);
#5254 = CARTESIAN_POINT('',(-0.725,-1.7754,0.3));
#5255 = VECTOR('',#5256,1.);
#5256 = DIRECTION('',(0.,0.,1.));
#5257 = ORIENTED_EDGE('',*,*,#5258,.T.);
#5258 = EDGE_CURVE('',#5251,#3717,#5259,.T.);
#5259 = LINE('',#5260,#5261);
#5260 = CARTESIAN_POINT('',(-0.725,-1.7754,0.65));
#5261 = VECTOR('',#5262,1.);
#5262 = DIRECTION('',(0.,1.,0.));
#5263 = ORIENTED_EDGE('',*,*,#3716,.T.);
#5264 = ORIENTED_EDGE('',*,*,#3708,.T.);
#5265 = ORIENTED_EDGE('',*,*,#3684,.T.);
#5266 = ORIENTED_EDGE('',*,*,#5267,.T.);
#5267 = EDGE_CURVE('',#3677,#5268,#5270,.T.);
#5268 = VERTEX_POINT('',#5269);
#5269 = CARTESIAN_POINT('',(-0.725,-1.4754,0.25));
#5270 = LINE('',#5271,#5272);
#5271 = CARTESIAN_POINT('',(-0.725,0.2946,0.25));
#5272 = VECTOR('',#5273,1.);
#5273 = DIRECTION('',(0.,-1.,0.));
#5274 = ORIENTED_EDGE('',*,*,#5275,.T.);
#5275 = EDGE_CURVE('',#5268,#5225,#5276,.T.);
#5276 = LINE('',#5277,#5278);
#5277 = CARTESIAN_POINT('',(-0.725,-1.4754,0.25));
#5278 = VECTOR('',#5279,1.);
#5279 = DIRECTION('',(0.,0.,-1.));
#5280 = PLANE('',#5281);
#5281 = AXIS2_PLACEMENT_3D('',#5282,#5283,#5284);
#5282 = CARTESIAN_POINT('',(-0.725,-0.665633686553,1.517013518288));
#5283 = DIRECTION('',(-1.,-0.,-0.));
#5284 = DIRECTION('',(0.,0.,-1.));
#5285 = ADVANCED_FACE('',(#5286),#5304,.T.);
#5286 = FACE_BOUND('',#5287,.T.);
#5287 = EDGE_LOOP('',(#5288,#5289,#5290,#5298));
#5288 = ORIENTED_EDGE('',*,*,#5267,.F.);
#5289 = ORIENTED_EDGE('',*,*,#3676,.T.);
#5290 = ORIENTED_EDGE('',*,*,#5291,.T.);
#5291 = EDGE_CURVE('',#3669,#5292,#5294,.T.);
#5292 = VERTEX_POINT('',#5293);
#5293 = CARTESIAN_POINT('',(-0.525,-1.4754,0.25));
#5294 = LINE('',#5295,#5296);
#5295 = CARTESIAN_POINT('',(-0.525,0.2946,0.25));
#5296 = VECTOR('',#5297,1.);
#5297 = DIRECTION('',(0.,-1.,0.));
#5298 = ORIENTED_EDGE('',*,*,#5299,.F.);
#5299 = EDGE_CURVE('',#5268,#5292,#5300,.T.);
#5300 = LINE('',#5301,#5302);
#5301 = CARTESIAN_POINT('',(-0.725,-1.4754,0.25));
#5302 = VECTOR('',#5303,1.);
#5303 = DIRECTION('',(1.,0.,0.));
#5304 = PLANE('',#5305);
#5305 = AXIS2_PLACEMENT_3D('',#5306,#5307,#5308);
#5306 = CARTESIAN_POINT('',(-0.725,0.2946,0.25));
#5307 = DIRECTION('',(0.,0.,-1.));
#5308 = DIRECTION('',(0.,-1.,0.));
#5309 = ADVANCED_FACE('',(#5310),#5374,.F.);
#5310 = FACE_BOUND('',#5311,.F.);
#5311 = EDGE_LOOP('',(#5312,#5322,#5330,#5338,#5346,#5352,#5360,#5366,
    #5367,#5368));
#5312 = ORIENTED_EDGE('',*,*,#5313,.T.);
#5313 = EDGE_CURVE('',#5314,#5316,#5318,.T.);
#5314 = VERTEX_POINT('',#5315);
#5315 = CARTESIAN_POINT('',(-0.525,-1.4754,-4.440892098501E-16));
#5316 = VERTEX_POINT('',#5317);
#5317 = CARTESIAN_POINT('',(-0.525,-2.4754,0.));
#5318 = LINE('',#5319,#5320);
#5319 = CARTESIAN_POINT('',(-0.525,-1.4754,-4.440892098501E-16));
#5320 = VECTOR('',#5321,1.);
#5321 = DIRECTION('',(0.,-1.,4.440892098501E-16));
#5322 = ORIENTED_EDGE('',*,*,#5323,.T.);
#5323 = EDGE_CURVE('',#5316,#5324,#5326,.T.);
#5324 = VERTEX_POINT('',#5325);
#5325 = CARTESIAN_POINT('',(-0.525,-2.4754,0.3));
#5326 = LINE('',#5327,#5328);
#5327 = CARTESIAN_POINT('',(-0.525,-2.4754,0.));
#5328 = VECTOR('',#5329,1.);
#5329 = DIRECTION('',(0.,0.,1.));
#5330 = ORIENTED_EDGE('',*,*,#5331,.T.);
#5331 = EDGE_CURVE('',#5324,#5332,#5334,.T.);
#5332 = VERTEX_POINT('',#5333);
#5333 = CARTESIAN_POINT('',(-0.525,-1.7754,0.3));
#5334 = LINE('',#5335,#5336);
#5335 = CARTESIAN_POINT('',(-0.525,-2.4754,0.3));
#5336 = VECTOR('',#5337,1.);
#5337 = DIRECTION('',(0.,1.,0.));
#5338 = ORIENTED_EDGE('',*,*,#5339,.T.);
#5339 = EDGE_CURVE('',#5332,#5340,#5342,.T.);
#5340 = VERTEX_POINT('',#5341);
#5341 = CARTESIAN_POINT('',(-0.525,-1.7754,0.65));
#5342 = LINE('',#5343,#5344);
#5343 = CARTESIAN_POINT('',(-0.525,-1.7754,0.3));
#5344 = VECTOR('',#5345,1.);
#5345 = DIRECTION('',(0.,0.,1.));
#5346 = ORIENTED_EDGE('',*,*,#5347,.T.);
#5347 = EDGE_CURVE('',#5340,#3740,#5348,.T.);
#5348 = LINE('',#5349,#5350);
#5349 = CARTESIAN_POINT('',(-0.525,-1.7754,0.65));
#5350 = VECTOR('',#5351,1.);
#5351 = DIRECTION('',(0.,1.,0.));
#5352 = ORIENTED_EDGE('',*,*,#5353,.T.);
#5353 = EDGE_CURVE('',#3740,#5354,#5356,.T.);
#5354 = VERTEX_POINT('',#5355);
#5355 = CARTESIAN_POINT('',(-0.525,-1.1054,0.65));
#5356 = LINE('',#5357,#5358);
#5357 = CARTESIAN_POINT('',(-0.525,-1.7754,0.65));
#5358 = VECTOR('',#5359,1.);
#5359 = DIRECTION('',(0.,1.,0.));
#5360 = ORIENTED_EDGE('',*,*,#5361,.T.);
#5361 = EDGE_CURVE('',#5354,#3661,#5362,.T.);
#5362 = LINE('',#5363,#5364);
#5363 = CARTESIAN_POINT('',(-0.525,-0.745316843276,0.65));
#5364 = VECTOR('',#5365,1.);
#5365 = DIRECTION('',(0.,1.,0.));
#5366 = ORIENTED_EDGE('',*,*,#3668,.T.);
#5367 = ORIENTED_EDGE('',*,*,#5291,.T.);
#5368 = ORIENTED_EDGE('',*,*,#5369,.T.);
#5369 = EDGE_CURVE('',#5292,#5314,#5370,.T.);
#5370 = LINE('',#5371,#5372);
#5371 = CARTESIAN_POINT('',(-0.525,-1.4754,0.25));
#5372 = VECTOR('',#5373,1.);
#5373 = DIRECTION('',(0.,0.,-1.));
#5374 = PLANE('',#5375);
#5375 = AXIS2_PLACEMENT_3D('',#5376,#5377,#5378);
#5376 = CARTESIAN_POINT('',(-0.525,-0.665633686553,1.517013518288));
#5377 = DIRECTION('',(-1.,-0.,-0.));
#5378 = DIRECTION('',(0.,0.,-1.));
#5379 = ADVANCED_FACE('',(#5380),#5400,.T.);
#5380 = FACE_BOUND('',#5381,.T.);
#5381 = EDGE_LOOP('',(#5382,#5383,#5384,#5392,#5398,#5399));
#5382 = ORIENTED_EDGE('',*,*,#5361,.T.);
#5383 = ORIENTED_EDGE('',*,*,#3660,.T.);
#5384 = ORIENTED_EDGE('',*,*,#5385,.F.);
#5385 = EDGE_CURVE('',#5386,#3653,#5388,.T.);
#5386 = VERTEX_POINT('',#5387);
#5387 = CARTESIAN_POINT('',(0.525,-1.1054,0.65));
#5388 = LINE('',#5389,#5390);
#5389 = CARTESIAN_POINT('',(0.525,-0.745316843276,0.65));
#5390 = VECTOR('',#5391,1.);
#5391 = DIRECTION('',(0.,1.,0.));
#5392 = ORIENTED_EDGE('',*,*,#5393,.F.);
#5393 = EDGE_CURVE('',#3748,#5386,#5394,.T.);
#5394 = LINE('',#5395,#5396);
#5395 = CARTESIAN_POINT('',(0.525,-1.7754,0.65));
#5396 = VECTOR('',#5397,1.);
#5397 = DIRECTION('',(0.,1.,0.));
#5398 = ORIENTED_EDGE('',*,*,#3747,.F.);
#5399 = ORIENTED_EDGE('',*,*,#5353,.T.);
#5400 = PLANE('',#5401);
#5401 = AXIS2_PLACEMENT_3D('',#5402,#5403,#5404);
#5402 = CARTESIAN_POINT('',(-2.875,-0.825,0.65));
#5403 = DIRECTION('',(0.,0.,-1.));
#5404 = DIRECTION('',(0.,-1.,0.));
#5405 = ADVANCED_FACE('',(#5406),#5465,.T.);
#5406 = FACE_BOUND('',#5407,.T.);
#5407 = EDGE_LOOP('',(#5408,#5418,#5426,#5434,#5442,#5448,#5449,#5450,
    #5451,#5459));
#5408 = ORIENTED_EDGE('',*,*,#5409,.T.);
#5409 = EDGE_CURVE('',#5410,#5412,#5414,.T.);
#5410 = VERTEX_POINT('',#5411);
#5411 = CARTESIAN_POINT('',(0.525,-1.4754,-4.440892098501E-16));
#5412 = VERTEX_POINT('',#5413);
#5413 = CARTESIAN_POINT('',(0.525,-2.4754,0.));
#5414 = LINE('',#5415,#5416);
#5415 = CARTESIAN_POINT('',(0.525,-1.4754,-4.440892098501E-16));
#5416 = VECTOR('',#5417,1.);
#5417 = DIRECTION('',(0.,-1.,4.440892098501E-16));
#5418 = ORIENTED_EDGE('',*,*,#5419,.T.);
#5419 = EDGE_CURVE('',#5412,#5420,#5422,.T.);
#5420 = VERTEX_POINT('',#5421);
#5421 = CARTESIAN_POINT('',(0.525,-2.4754,0.3));
#5422 = LINE('',#5423,#5424);
#5423 = CARTESIAN_POINT('',(0.525,-2.4754,0.));
#5424 = VECTOR('',#5425,1.);
#5425 = DIRECTION('',(0.,0.,1.));
#5426 = ORIENTED_EDGE('',*,*,#5427,.T.);
#5427 = EDGE_CURVE('',#5420,#5428,#5430,.T.);
#5428 = VERTEX_POINT('',#5429);
#5429 = CARTESIAN_POINT('',(0.525,-1.7754,0.3));
#5430 = LINE('',#5431,#5432);
#5431 = CARTESIAN_POINT('',(0.525,-2.4754,0.3));
#5432 = VECTOR('',#5433,1.);
#5433 = DIRECTION('',(0.,1.,0.));
#5434 = ORIENTED_EDGE('',*,*,#5435,.T.);
#5435 = EDGE_CURVE('',#5428,#5436,#5438,.T.);
#5436 = VERTEX_POINT('',#5437);
#5437 = CARTESIAN_POINT('',(0.525,-1.7754,0.65));
#5438 = LINE('',#5439,#5440);
#5439 = CARTESIAN_POINT('',(0.525,-1.7754,0.3));
#5440 = VECTOR('',#5441,1.);
#5441 = DIRECTION('',(0.,0.,1.));
#5442 = ORIENTED_EDGE('',*,*,#5443,.T.);
#5443 = EDGE_CURVE('',#5436,#3748,#5444,.T.);
#5444 = LINE('',#5445,#5446);
#5445 = CARTESIAN_POINT('',(0.525,-1.7754,0.65));
#5446 = VECTOR('',#5447,1.);
#5447 = DIRECTION('',(0.,1.,0.));
#5448 = ORIENTED_EDGE('',*,*,#5393,.T.);
#5449 = ORIENTED_EDGE('',*,*,#5385,.T.);
#5450 = ORIENTED_EDGE('',*,*,#3652,.T.);
#5451 = ORIENTED_EDGE('',*,*,#5452,.T.);
#5452 = EDGE_CURVE('',#3645,#5453,#5455,.T.);
#5453 = VERTEX_POINT('',#5454);
#5454 = CARTESIAN_POINT('',(0.525,-1.4754,0.25));
#5455 = LINE('',#5456,#5457);
#5456 = CARTESIAN_POINT('',(0.525,0.2946,0.25));
#5457 = VECTOR('',#5458,1.);
#5458 = DIRECTION('',(0.,-1.,0.));
#5459 = ORIENTED_EDGE('',*,*,#5460,.T.);
#5460 = EDGE_CURVE('',#5453,#5410,#5461,.T.);
#5461 = LINE('',#5462,#5463);
#5462 = CARTESIAN_POINT('',(0.525,-1.4754,0.25));
#5463 = VECTOR('',#5464,1.);
#5464 = DIRECTION('',(0.,0.,-1.));
#5465 = PLANE('',#5466);
#5466 = AXIS2_PLACEMENT_3D('',#5467,#5468,#5469);
#5467 = CARTESIAN_POINT('',(0.525,-0.665633686553,1.517013518288));
#5468 = DIRECTION('',(-1.,-0.,-0.));
#5469 = DIRECTION('',(0.,0.,-1.));
#5470 = ADVANCED_FACE('',(#5471),#5489,.T.);
#5471 = FACE_BOUND('',#5472,.T.);
#5472 = EDGE_LOOP('',(#5473,#5474,#5475,#5483));
#5473 = ORIENTED_EDGE('',*,*,#5452,.F.);
#5474 = ORIENTED_EDGE('',*,*,#3644,.T.);
#5475 = ORIENTED_EDGE('',*,*,#5476,.T.);
#5476 = EDGE_CURVE('',#3637,#5477,#5479,.T.);
#5477 = VERTEX_POINT('',#5478);
#5478 = CARTESIAN_POINT('',(0.725,-1.4754,0.25));
#5479 = LINE('',#5480,#5481);
#5480 = CARTESIAN_POINT('',(0.725,0.2946,0.25));
#5481 = VECTOR('',#5482,1.);
#5482 = DIRECTION('',(0.,-1.,0.));
#5483 = ORIENTED_EDGE('',*,*,#5484,.F.);
#5484 = EDGE_CURVE('',#5453,#5477,#5485,.T.);
#5485 = LINE('',#5486,#5487);
#5486 = CARTESIAN_POINT('',(0.525,-1.4754,0.25));
#5487 = VECTOR('',#5488,1.);
#5488 = DIRECTION('',(1.,0.,0.));
#5489 = PLANE('',#5490);
#5490 = AXIS2_PLACEMENT_3D('',#5491,#5492,#5493);
#5491 = CARTESIAN_POINT('',(0.525,0.2946,0.25));
#5492 = DIRECTION('',(0.,0.,-1.));
#5493 = DIRECTION('',(0.,-1.,0.));
#5494 = ADVANCED_FACE('',(#5495),#5559,.F.);
#5495 = FACE_BOUND('',#5496,.F.);
#5496 = EDGE_LOOP('',(#5497,#5507,#5515,#5523,#5531,#5537,#5545,#5551,
    #5552,#5553));
#5497 = ORIENTED_EDGE('',*,*,#5498,.T.);
#5498 = EDGE_CURVE('',#5499,#5501,#5503,.T.);
#5499 = VERTEX_POINT('',#5500);
#5500 = CARTESIAN_POINT('',(0.725,-1.4754,-4.440892098501E-16));
#5501 = VERTEX_POINT('',#5502);
#5502 = CARTESIAN_POINT('',(0.725,-2.4754,0.));
#5503 = LINE('',#5504,#5505);
#5504 = CARTESIAN_POINT('',(0.725,-1.4754,-4.440892098501E-16));
#5505 = VECTOR('',#5506,1.);
#5506 = DIRECTION('',(0.,-1.,4.440892098501E-16));
#5507 = ORIENTED_EDGE('',*,*,#5508,.T.);
#5508 = EDGE_CURVE('',#5501,#5509,#5511,.T.);
#5509 = VERTEX_POINT('',#5510);
#5510 = CARTESIAN_POINT('',(0.725,-2.4754,0.3));
#5511 = LINE('',#5512,#5513);
#5512 = CARTESIAN_POINT('',(0.725,-2.4754,0.));
#5513 = VECTOR('',#5514,1.);
#5514 = DIRECTION('',(0.,0.,1.));
#5515 = ORIENTED_EDGE('',*,*,#5516,.T.);
#5516 = EDGE_CURVE('',#5509,#5517,#5519,.T.);
#5517 = VERTEX_POINT('',#5518);
#5518 = CARTESIAN_POINT('',(0.725,-1.7754,0.3));
#5519 = LINE('',#5520,#5521);
#5520 = CARTESIAN_POINT('',(0.725,-2.4754,0.3));
#5521 = VECTOR('',#5522,1.);
#5522 = DIRECTION('',(0.,1.,0.));
#5523 = ORIENTED_EDGE('',*,*,#5524,.T.);
#5524 = EDGE_CURVE('',#5517,#5525,#5527,.T.);
#5525 = VERTEX_POINT('',#5526);
#5526 = CARTESIAN_POINT('',(0.725,-1.7754,0.65));
#5527 = LINE('',#5528,#5529);
#5528 = CARTESIAN_POINT('',(0.725,-1.7754,0.3));
#5529 = VECTOR('',#5530,1.);
#5530 = DIRECTION('',(0.,0.,1.));
#5531 = ORIENTED_EDGE('',*,*,#5532,.T.);
#5532 = EDGE_CURVE('',#5525,#3756,#5533,.T.);
#5533 = LINE('',#5534,#5535);
#5534 = CARTESIAN_POINT('',(0.725,-1.7754,0.65));
#5535 = VECTOR('',#5536,1.);
#5536 = DIRECTION('',(0.,1.,0.));
#5537 = ORIENTED_EDGE('',*,*,#5538,.T.);
#5538 = EDGE_CURVE('',#3756,#5539,#5541,.T.);
#5539 = VERTEX_POINT('',#5540);
#5540 = CARTESIAN_POINT('',(0.725,-1.1054,0.65));
#5541 = LINE('',#5542,#5543);
#5542 = CARTESIAN_POINT('',(0.725,-1.7754,0.65));
#5543 = VECTOR('',#5544,1.);
#5544 = DIRECTION('',(0.,1.,0.));
#5545 = ORIENTED_EDGE('',*,*,#5546,.T.);
#5546 = EDGE_CURVE('',#5539,#3629,#5547,.T.);
#5547 = LINE('',#5548,#5549);
#5548 = CARTESIAN_POINT('',(0.725,-0.745316843276,0.65));
#5549 = VECTOR('',#5550,1.);
#5550 = DIRECTION('',(0.,1.,0.));
#5551 = ORIENTED_EDGE('',*,*,#3636,.T.);
#5552 = ORIENTED_EDGE('',*,*,#5476,.T.);
#5553 = ORIENTED_EDGE('',*,*,#5554,.T.);
#5554 = EDGE_CURVE('',#5477,#5499,#5555,.T.);
#5555 = LINE('',#5556,#5557);
#5556 = CARTESIAN_POINT('',(0.725,-1.4754,0.25));
#5557 = VECTOR('',#5558,1.);
#5558 = DIRECTION('',(0.,0.,-1.));
#5559 = PLANE('',#5560);
#5560 = AXIS2_PLACEMENT_3D('',#5561,#5562,#5563);
#5561 = CARTESIAN_POINT('',(0.725,-0.665633686553,1.517013518288));
#5562 = DIRECTION('',(-1.,-0.,-0.));
#5563 = DIRECTION('',(0.,0.,-1.));
#5564 = ADVANCED_FACE('',(#5565),#5572,.T.);
#5565 = FACE_BOUND('',#5566,.T.);
#5566 = EDGE_LOOP('',(#5567,#5568,#5569,#5570,#5571));
#5567 = ORIENTED_EDGE('',*,*,#5546,.T.);
#5568 = ORIENTED_EDGE('',*,*,#3628,.T.);
#5569 = ORIENTED_EDGE('',*,*,#3814,.T.);
#5570 = ORIENTED_EDGE('',*,*,#3763,.F.);
#5571 = ORIENTED_EDGE('',*,*,#5538,.T.);
#5572 = PLANE('',#5573);
#5573 = AXIS2_PLACEMENT_3D('',#5574,#5575,#5576);
#5574 = CARTESIAN_POINT('',(-2.875,-0.825,0.65));
#5575 = DIRECTION('',(0.,0.,-1.));
#5576 = DIRECTION('',(0.,-1.,0.));
#5577 = ADVANCED_FACE('',(#5578),#5589,.T.);
#5578 = FACE_BOUND('',#5579,.T.);
#5579 = EDGE_LOOP('',(#5580,#5581,#5587,#5588));
#5580 = ORIENTED_EDGE('',*,*,#5258,.F.);
#5581 = ORIENTED_EDGE('',*,*,#5582,.T.);
#5582 = EDGE_CURVE('',#5251,#5340,#5583,.T.);
#5583 = LINE('',#5584,#5585);
#5584 = CARTESIAN_POINT('',(-0.725,-1.7754,0.65));
#5585 = VECTOR('',#5586,1.);
#5586 = DIRECTION('',(1.,0.,0.));
#5587 = ORIENTED_EDGE('',*,*,#5347,.T.);
#5588 = ORIENTED_EDGE('',*,*,#3739,.F.);
#5589 = PLANE('',#5590);
#5590 = AXIS2_PLACEMENT_3D('',#5591,#5592,#5593);
#5591 = CARTESIAN_POINT('',(-0.725,-1.7754,0.65));
#5592 = DIRECTION('',(0.,0.,1.));
#5593 = DIRECTION('',(0.,1.,0.));
#5594 = ADVANCED_FACE('',(#5595),#5606,.T.);
#5595 = FACE_BOUND('',#5596,.T.);
#5596 = EDGE_LOOP('',(#5597,#5598,#5604,#5605));
#5597 = ORIENTED_EDGE('',*,*,#5443,.F.);
#5598 = ORIENTED_EDGE('',*,*,#5599,.T.);
#5599 = EDGE_CURVE('',#5436,#5525,#5600,.T.);
#5600 = LINE('',#5601,#5602);
#5601 = CARTESIAN_POINT('',(0.525,-1.7754,0.65));
#5602 = VECTOR('',#5603,1.);
#5603 = DIRECTION('',(1.,0.,0.));
#5604 = ORIENTED_EDGE('',*,*,#5532,.T.);
#5605 = ORIENTED_EDGE('',*,*,#3755,.F.);
#5606 = PLANE('',#5607);
#5607 = AXIS2_PLACEMENT_3D('',#5608,#5609,#5610);
#5608 = CARTESIAN_POINT('',(0.525,-1.7754,0.65));
#5609 = DIRECTION('',(0.,0.,1.));
#5610 = DIRECTION('',(0.,1.,0.));
#5611 = ADVANCED_FACE('',(#5612),#5623,.F.);
#5612 = FACE_BOUND('',#5613,.F.);
#5613 = EDGE_LOOP('',(#5614,#5620,#5621,#5622));
#5614 = ORIENTED_EDGE('',*,*,#5615,.T.);
#5615 = EDGE_CURVE('',#3926,#3863,#5616,.T.);
#5616 = LINE('',#5617,#5618);
#5617 = CARTESIAN_POINT('',(2.375,-1.175,3.55));
#5618 = VECTOR('',#5619,1.);
#5619 = DIRECTION('',(1.,0.,0.));
#5620 = ORIENTED_EDGE('',*,*,#3870,.T.);
#5621 = ORIENTED_EDGE('',*,*,#3892,.F.);
#5622 = ORIENTED_EDGE('',*,*,#3933,.F.);
#5623 = PLANE('',#5624);
#5624 = AXIS2_PLACEMENT_3D('',#5625,#5626,#5627);
#5625 = CARTESIAN_POINT('',(2.375,-1.175,3.55));
#5626 = DIRECTION('',(0.,1.,0.));
#5627 = DIRECTION('',(0.,0.,-1.));
#5628 = ADVANCED_FACE('',(#5629),#5635,.F.);
#5629 = FACE_BOUND('',#5630,.F.);
#5630 = EDGE_LOOP('',(#5631,#5632,#5633,#5634));
#5631 = ORIENTED_EDGE('',*,*,#3965,.T.);
#5632 = ORIENTED_EDGE('',*,*,#3862,.T.);
#5633 = ORIENTED_EDGE('',*,*,#5615,.F.);
#5634 = ORIENTED_EDGE('',*,*,#3925,.F.);
#5635 = PLANE('',#5636);
#5636 = AXIS2_PLACEMENT_3D('',#5637,#5638,#5639);
#5637 = CARTESIAN_POINT('',(2.375,0.175,3.55));
#5638 = DIRECTION('',(0.,0.,-1.));
#5639 = DIRECTION('',(0.,-1.,0.));
#5640 = ADVANCED_FACE('',(#5641),#5675,.F.);
#5641 = FACE_BOUND('',#5642,.F.);
#5642 = EDGE_LOOP('',(#5643,#5653,#5659,#5660,#5661,#5669));
#5643 = ORIENTED_EDGE('',*,*,#5644,.F.);
#5644 = EDGE_CURVE('',#5645,#5647,#5649,.T.);
#5645 = VERTEX_POINT('',#5646);
#5646 = CARTESIAN_POINT('',(2.575,1.825,0.75));
#5647 = VERTEX_POINT('',#5648);
#5648 = CARTESIAN_POINT('',(2.575,1.825,0.8));
#5649 = LINE('',#5650,#5651);
#5650 = CARTESIAN_POINT('',(2.575,1.825,0.885392234548));
#5651 = VECTOR('',#5652,1.);
#5652 = DIRECTION('',(0.,0.,1.));
#5653 = ORIENTED_EDGE('',*,*,#5654,.T.);
#5654 = EDGE_CURVE('',#5645,#3831,#5655,.T.);
#5655 = LINE('',#5656,#5657);
#5656 = CARTESIAN_POINT('',(2.375,1.825,0.75));
#5657 = VECTOR('',#5658,1.);
#5658 = DIRECTION('',(1.,0.,0.));
#5659 = ORIENTED_EDGE('',*,*,#3838,.T.);
#5660 = ORIENTED_EDGE('',*,*,#4986,.F.);
#5661 = ORIENTED_EDGE('',*,*,#5662,.F.);
#5662 = EDGE_CURVE('',#5663,#4979,#5665,.T.);
#5663 = VERTEX_POINT('',#5664);
#5664 = CARTESIAN_POINT('',(2.575,1.825,1.51));
#5665 = LINE('',#5666,#5667);
#5666 = CARTESIAN_POINT('',(2.575,1.825,0.885392234548));
#5667 = VECTOR('',#5668,1.);
#5668 = DIRECTION('',(0.,0.,1.));
#5669 = ORIENTED_EDGE('',*,*,#5670,.T.);
#5670 = EDGE_CURVE('',#5663,#5647,#5671,.T.);
#5671 = LINE('',#5672,#5673);
#5672 = CARTESIAN_POINT('',(2.575,1.825,1.51));
#5673 = VECTOR('',#5674,1.);
#5674 = DIRECTION('',(0.,0.,-1.));
#5675 = PLANE('',#5676);
#5676 = AXIS2_PLACEMENT_3D('',#5677,#5678,#5679);
#5677 = CARTESIAN_POINT('',(2.375,1.825,0.75));
#5678 = DIRECTION('',(0.,-1.,0.));
#5679 = DIRECTION('',(0.,0.,1.));
#5680 = ADVANCED_FACE('',(#5681),#5692,.F.);
#5681 = FACE_BOUND('',#5682,.F.);
#5682 = EDGE_LOOP('',(#5683,#5689,#5690,#5691));
#5683 = ORIENTED_EDGE('',*,*,#5684,.F.);
#5684 = EDGE_CURVE('',#5195,#5645,#5685,.T.);
#5685 = LINE('',#5686,#5687);
#5686 = CARTESIAN_POINT('',(2.575,0.739944532488,0.75));
#5687 = VECTOR('',#5688,1.);
#5688 = DIRECTION('',(0.,1.,0.));
#5689 = ORIENTED_EDGE('',*,*,#5194,.T.);
#5690 = ORIENTED_EDGE('',*,*,#3830,.T.);
#5691 = ORIENTED_EDGE('',*,*,#5654,.F.);
#5692 = PLANE('',#5693);
#5693 = AXIS2_PLACEMENT_3D('',#5694,#5695,#5696);
#5694 = CARTESIAN_POINT('',(2.375,0.225,0.75));
#5695 = DIRECTION('',(0.,0.,1.));
#5696 = DIRECTION('',(0.,1.,0.));
#5697 = ADVANCED_FACE('',(#5698),#5715,.F.);
#5698 = FACE_BOUND('',#5699,.F.);
#5699 = EDGE_LOOP('',(#5700,#5708,#5714));
#5700 = ORIENTED_EDGE('',*,*,#5701,.T.);
#5701 = EDGE_CURVE('',#4033,#5702,#5704,.T.);
#5702 = VERTEX_POINT('',#5703);
#5703 = CARTESIAN_POINT('',(-0.475,1.07,2.4));
#5704 = LINE('',#5705,#5706);
#5705 = CARTESIAN_POINT('',(-0.475,0.67,2.4));
#5706 = VECTOR('',#5707,1.);
#5707 = DIRECTION('',(0.,1.,0.));
#5708 = ORIENTED_EDGE('',*,*,#5709,.T.);
#5709 = EDGE_CURVE('',#5702,#4031,#5710,.T.);
#5710 = LINE('',#5711,#5712);
#5711 = CARTESIAN_POINT('',(-0.475,1.07,2.4));
#5712 = VECTOR('',#5713,1.);
#5713 = DIRECTION('',(0.,-0.371390676354,0.928476690885));
#5714 = ORIENTED_EDGE('',*,*,#4030,.T.);
#5715 = PLANE('',#5716);
#5716 = AXIS2_PLACEMENT_3D('',#5717,#5718,#5719);
#5717 = CARTESIAN_POINT('',(-0.475,0.789258240357,2.819258240357));
#5718 = DIRECTION('',(1.,0.,0.));
#5719 = DIRECTION('',(0.,0.,1.));
#5720 = ADVANCED_FACE('',(#5721),#5739,.F.);
#5721 = FACE_BOUND('',#5722,.F.);
#5722 = EDGE_LOOP('',(#5723,#5731,#5737,#5738));
#5723 = ORIENTED_EDGE('',*,*,#5724,.T.);
#5724 = EDGE_CURVE('',#5702,#5725,#5727,.T.);
#5725 = VERTEX_POINT('',#5726);
#5726 = CARTESIAN_POINT('',(0.475,1.07,2.4));
#5727 = LINE('',#5728,#5729);
#5728 = CARTESIAN_POINT('',(-0.475,1.07,2.4));
#5729 = VECTOR('',#5730,1.);
#5730 = DIRECTION('',(1.,0.,0.));
#5731 = ORIENTED_EDGE('',*,*,#5732,.T.);
#5732 = EDGE_CURVE('',#5725,#4049,#5733,.T.);
#5733 = LINE('',#5734,#5735);
#5734 = CARTESIAN_POINT('',(0.475,1.07,2.4));
#5735 = VECTOR('',#5736,1.);
#5736 = DIRECTION('',(0.,-0.371390676354,0.928476690885));
#5737 = ORIENTED_EDGE('',*,*,#4056,.F.);
#5738 = ORIENTED_EDGE('',*,*,#5709,.F.);
#5739 = PLANE('',#5740);
#5740 = AXIS2_PLACEMENT_3D('',#5741,#5742,#5743);
#5741 = CARTESIAN_POINT('',(-0.475,1.07,2.4));
#5742 = DIRECTION('',(0.,-0.928476690885,-0.371390676354));
#5743 = DIRECTION('',(0.,-0.371390676354,0.928476690885));
#5744 = ADVANCED_FACE('',(#5745),#5755,.T.);
#5745 = FACE_BOUND('',#5746,.T.);
#5746 = EDGE_LOOP('',(#5747,#5753,#5754));
#5747 = ORIENTED_EDGE('',*,*,#5748,.T.);
#5748 = EDGE_CURVE('',#4041,#5725,#5749,.T.);
#5749 = LINE('',#5750,#5751);
#5750 = CARTESIAN_POINT('',(0.475,0.67,2.4));
#5751 = VECTOR('',#5752,1.);
#5752 = DIRECTION('',(0.,1.,0.));
#5753 = ORIENTED_EDGE('',*,*,#5732,.T.);
#5754 = ORIENTED_EDGE('',*,*,#4048,.T.);
#5755 = PLANE('',#5756);
#5756 = AXIS2_PLACEMENT_3D('',#5757,#5758,#5759);
#5757 = CARTESIAN_POINT('',(0.475,0.789258240357,2.819258240357));
#5758 = DIRECTION('',(1.,0.,0.));
#5759 = DIRECTION('',(0.,0.,1.));
#5760 = ADVANCED_FACE('',(#5761),#5767,.F.);
#5761 = FACE_BOUND('',#5762,.F.);
#5762 = EDGE_LOOP('',(#5763,#5764,#5765,#5766));
#5763 = ORIENTED_EDGE('',*,*,#4040,.T.);
#5764 = ORIENTED_EDGE('',*,*,#5748,.T.);
#5765 = ORIENTED_EDGE('',*,*,#5724,.F.);
#5766 = ORIENTED_EDGE('',*,*,#5701,.F.);
#5767 = PLANE('',#5768);
#5768 = AXIS2_PLACEMENT_3D('',#5769,#5770,#5771);
#5769 = CARTESIAN_POINT('',(-0.475,0.67,2.4));
#5770 = DIRECTION('',(0.,0.,1.));
#5771 = DIRECTION('',(0.,1.,0.));
#5772 = ADVANCED_FACE('',(#5773,#5837,#5871),#5905,.T.);
#5773 = FACE_BOUND('',#5774,.T.);
#5774 = EDGE_LOOP('',(#5775,#5776,#5777,#5778,#5779,#5780,#5781,#5782,
    #5790,#5798,#5804,#5805,#5806,#5807,#5808,#5809,#5817,#5825,#5831,
    #5832,#5833,#5834,#5835,#5836));
#5775 = ORIENTED_EDGE('',*,*,#4121,.T.);
#5776 = ORIENTED_EDGE('',*,*,#4090,.T.);
#5777 = ORIENTED_EDGE('',*,*,#4138,.T.);
#5778 = ORIENTED_EDGE('',*,*,#4186,.T.);
#5779 = ORIENTED_EDGE('',*,*,#4234,.T.);
#5780 = ORIENTED_EDGE('',*,*,#4282,.T.);
#5781 = ORIENTED_EDGE('',*,*,#4330,.T.);
#5782 = ORIENTED_EDGE('',*,*,#5783,.T.);
#5783 = EDGE_CURVE('',#4331,#5784,#5786,.T.);
#5784 = VERTEX_POINT('',#5785);
#5785 = CARTESIAN_POINT('',(0.725,-3.54E-02,1.6));
#5786 = LINE('',#5787,#5788);
#5787 = CARTESIAN_POINT('',(0.725,-0.409225293981,1.6));
#5788 = VECTOR('',#5789,1.);
#5789 = DIRECTION('',(0.,-1.,1.218825558951E-30));
#5790 = ORIENTED_EDGE('',*,*,#5791,.F.);
#5791 = EDGE_CURVE('',#5792,#5784,#5794,.T.);
#5792 = VERTEX_POINT('',#5793);
#5793 = CARTESIAN_POINT('',(0.525,-3.54E-02,1.6));
#5794 = LINE('',#5795,#5796);
#5795 = CARTESIAN_POINT('',(0.2625,-3.54E-02,1.6));
#5796 = VECTOR('',#5797,1.);
#5797 = DIRECTION('',(1.,0.,-4.259584793936E-32));
#5798 = ORIENTED_EDGE('',*,*,#5799,.F.);
#5799 = EDGE_CURVE('',#4587,#5792,#5800,.T.);
#5800 = LINE('',#5801,#5802);
#5801 = CARTESIAN_POINT('',(0.525,-0.409225293981,1.6));
#5802 = VECTOR('',#5803,1.);
#5803 = DIRECTION('',(0.,-1.,1.218825558951E-30));
#5804 = ORIENTED_EDGE('',*,*,#4594,.T.);
#5805 = ORIENTED_EDGE('',*,*,#4658,.T.);
#5806 = ORIENTED_EDGE('',*,*,#4714,.T.);
#5807 = ORIENTED_EDGE('',*,*,#4738,.T.);
#5808 = ORIENTED_EDGE('',*,*,#4689,.T.);
#5809 = ORIENTED_EDGE('',*,*,#5810,.T.);
#5810 = EDGE_CURVE('',#4690,#5811,#5813,.T.);
#5811 = VERTEX_POINT('',#5812);
#5812 = CARTESIAN_POINT('',(-0.525,-3.54E-02,1.6));
#5813 = LINE('',#5814,#5815);
#5814 = CARTESIAN_POINT('',(-0.525,-0.409225293981,1.6));
#5815 = VECTOR('',#5816,1.);
#5816 = DIRECTION('',(0.,-1.,1.218825558951E-30));
#5817 = ORIENTED_EDGE('',*,*,#5818,.F.);
#5818 = EDGE_CURVE('',#5819,#5811,#5821,.T.);
#5819 = VERTEX_POINT('',#5820);
#5820 = CARTESIAN_POINT('',(-0.725,-3.54E-02,1.6));
#5821 = LINE('',#5822,#5823);
#5822 = CARTESIAN_POINT('',(-0.3625,-3.54E-02,1.6));
#5823 = VECTOR('',#5824,1.);
#5824 = DIRECTION('',(1.,0.,-4.259584793936E-32));
#5825 = ORIENTED_EDGE('',*,*,#5826,.F.);
#5826 = EDGE_CURVE('',#4434,#5819,#5827,.T.);
#5827 = LINE('',#5828,#5829);
#5828 = CARTESIAN_POINT('',(-0.725,-0.409225293981,1.6));
#5829 = VECTOR('',#5830,1.);
#5830 = DIRECTION('',(0.,-1.,1.218825558951E-30));
#5831 = ORIENTED_EDGE('',*,*,#4441,.T.);
#5832 = ORIENTED_EDGE('',*,*,#4369,.T.);
#5833 = ORIENTED_EDGE('',*,*,#4313,.T.);
#5834 = ORIENTED_EDGE('',*,*,#4265,.T.);
#5835 = ORIENTED_EDGE('',*,*,#4217,.T.);
#5836 = ORIENTED_EDGE('',*,*,#4169,.T.);
#5837 = FACE_BOUND('',#5838,.T.);
#5838 = EDGE_LOOP('',(#5839,#5849,#5857,#5865));
#5839 = ORIENTED_EDGE('',*,*,#5840,.F.);
#5840 = EDGE_CURVE('',#5841,#5843,#5845,.T.);
#5841 = VERTEX_POINT('',#5842);
#5842 = CARTESIAN_POINT('',(-0.725,-0.7754,1.6));
#5843 = VERTEX_POINT('',#5844);
#5844 = CARTESIAN_POINT('',(-0.725,-1.1054,1.6));
#5845 = LINE('',#5846,#5847);
#5846 = CARTESIAN_POINT('',(-0.725,-0.409225293981,1.6));
#5847 = VECTOR('',#5848,1.);
#5848 = DIRECTION('',(0.,-1.,1.218825558951E-30));
#5849 = ORIENTED_EDGE('',*,*,#5850,.F.);
#5850 = EDGE_CURVE('',#5851,#5841,#5853,.T.);
#5851 = VERTEX_POINT('',#5852);
#5852 = CARTESIAN_POINT('',(-0.525,-0.7754,1.6));
#5853 = LINE('',#5854,#5855);
#5854 = CARTESIAN_POINT('',(-0.3625,-0.7754,1.6));
#5855 = VECTOR('',#5856,1.);
#5856 = DIRECTION('',(-1.,0.,4.259584793936E-32));
#5857 = ORIENTED_EDGE('',*,*,#5858,.T.);
#5858 = EDGE_CURVE('',#5851,#5859,#5861,.T.);
#5859 = VERTEX_POINT('',#5860);
#5860 = CARTESIAN_POINT('',(-0.525,-1.1054,1.6));
#5861 = LINE('',#5862,#5863);
#5862 = CARTESIAN_POINT('',(-0.525,-0.409225293981,1.6));
#5863 = VECTOR('',#5864,1.);
#5864 = DIRECTION('',(0.,-1.,1.218825558951E-30));
#5865 = ORIENTED_EDGE('',*,*,#5866,.F.);
#5866 = EDGE_CURVE('',#5843,#5859,#5867,.T.);
#5867 = LINE('',#5868,#5869);
#5868 = CARTESIAN_POINT('',(-0.3625,-1.1054,1.6));
#5869 = VECTOR('',#5870,1.);
#5870 = DIRECTION('',(1.,0.,-4.259584793936E-32));
#5871 = FACE_BOUND('',#5872,.T.);
#5872 = EDGE_LOOP('',(#5873,#5883,#5891,#5899));
#5873 = ORIENTED_EDGE('',*,*,#5874,.F.);
#5874 = EDGE_CURVE('',#5875,#5877,#5879,.T.);
#5875 = VERTEX_POINT('',#5876);
#5876 = CARTESIAN_POINT('',(0.525,-1.1054,1.6));
#5877 = VERTEX_POINT('',#5878);
#5878 = CARTESIAN_POINT('',(0.725,-1.1054,1.6));
#5879 = LINE('',#5880,#5881);
#5880 = CARTESIAN_POINT('',(0.2625,-1.1054,1.6));
#5881 = VECTOR('',#5882,1.);
#5882 = DIRECTION('',(1.,0.,-4.259584793936E-32));
#5883 = ORIENTED_EDGE('',*,*,#5884,.F.);
#5884 = EDGE_CURVE('',#5885,#5875,#5887,.T.);
#5885 = VERTEX_POINT('',#5886);
#5886 = CARTESIAN_POINT('',(0.525,-0.7754,1.6));
#5887 = LINE('',#5888,#5889);
#5888 = CARTESIAN_POINT('',(0.525,-0.409225293981,1.6));
#5889 = VECTOR('',#5890,1.);
#5890 = DIRECTION('',(0.,-1.,1.218825558951E-30));
#5891 = ORIENTED_EDGE('',*,*,#5892,.F.);
#5892 = EDGE_CURVE('',#5893,#5885,#5895,.T.);
#5893 = VERTEX_POINT('',#5894);
#5894 = CARTESIAN_POINT('',(0.725,-0.7754,1.6));
#5895 = LINE('',#5896,#5897);
#5896 = CARTESIAN_POINT('',(0.2625,-0.7754,1.6));
#5897 = VECTOR('',#5898,1.);
#5898 = DIRECTION('',(-1.,0.,4.259584793936E-32));
#5899 = ORIENTED_EDGE('',*,*,#5900,.T.);
#5900 = EDGE_CURVE('',#5893,#5877,#5901,.T.);
#5901 = LINE('',#5902,#5903);
#5902 = CARTESIAN_POINT('',(0.725,-0.409225293981,1.6));
#5903 = VECTOR('',#5904,1.);
#5904 = DIRECTION('',(0.,-1.,1.218825558951E-30));
#5905 = PLANE('',#5906);
#5906 = AXIS2_PLACEMENT_3D('',#5907,#5908,#5909);
#5907 = CARTESIAN_POINT('',(3.127388801761E-17,-0.152816901408,1.6));
#5908 = DIRECTION('',(4.259584793936E-32,1.218825558951E-30,1.));
#5909 = DIRECTION('',(0.,1.,-1.218825558951E-30));
#5910 = ADVANCED_FACE('',(#5911),#5937,.F.);
#5911 = FACE_BOUND('',#5912,.F.);
#5912 = EDGE_LOOP('',(#5913,#5914,#5915,#5923,#5931));
#5913 = ORIENTED_EDGE('',*,*,#4338,.T.);
#5914 = ORIENTED_EDGE('',*,*,#5783,.T.);
#5915 = ORIENTED_EDGE('',*,*,#5916,.T.);
#5916 = EDGE_CURVE('',#5784,#5917,#5919,.T.);
#5917 = VERTEX_POINT('',#5918);
#5918 = CARTESIAN_POINT('',(0.725,-3.54E-02,3.2));
#5919 = LINE('',#5920,#5921);
#5920 = CARTESIAN_POINT('',(0.725,-3.54E-02,0.65));
#5921 = VECTOR('',#5922,1.);
#5922 = DIRECTION('',(0.,0.,1.));
#5923 = ORIENTED_EDGE('',*,*,#5924,.T.);
#5924 = EDGE_CURVE('',#5917,#5925,#5927,.T.);
#5925 = VERTEX_POINT('',#5926);
#5926 = CARTESIAN_POINT('',(0.725,-0.1054,3.2));
#5927 = LINE('',#5928,#5929);
#5928 = CARTESIAN_POINT('',(0.725,-3.54E-02,3.2));
#5929 = VECTOR('',#5930,1.);
#5930 = DIRECTION('',(0.,-1.,0.));
#5931 = ORIENTED_EDGE('',*,*,#5932,.T.);
#5932 = EDGE_CURVE('',#5925,#4339,#5933,.T.);
#5933 = LINE('',#5934,#5935);
#5934 = CARTESIAN_POINT('',(0.725,-0.1054,3.2));
#5935 = VECTOR('',#5936,1.);
#5936 = DIRECTION('',(0.,0.707106781187,0.707106781187));
#5937 = PLANE('',#5938);
#5938 = AXIS2_PLACEMENT_3D('',#5939,#5940,#5941);
#5939 = CARTESIAN_POINT('',(0.725,-0.665633686553,1.517013518288));
#5940 = DIRECTION('',(-1.,-0.,-0.));
#5941 = DIRECTION('',(0.,0.,-1.));
#5942 = ADVANCED_FACE('',(#5943),#5954,.T.);
#5943 = FACE_BOUND('',#5944,.T.);
#5944 = EDGE_LOOP('',(#5945,#5951,#5952,#5953));
#5945 = ORIENTED_EDGE('',*,*,#5946,.F.);
#5946 = EDGE_CURVE('',#4396,#4524,#5947,.T.);
#5947 = LINE('',#5948,#5949);
#5948 = CARTESIAN_POINT('',(0.2625,0.2946,1.6));
#5949 = VECTOR('',#5950,1.);
#5950 = DIRECTION('',(-1.,0.,4.259584793936E-32));
#5951 = ORIENTED_EDGE('',*,*,#4403,.T.);
#5952 = ORIENTED_EDGE('',*,*,#4458,.T.);
#5953 = ORIENTED_EDGE('',*,*,#4523,.T.);
#5954 = PLANE('',#5955);
#5955 = AXIS2_PLACEMENT_3D('',#5956,#5957,#5958);
#5956 = CARTESIAN_POINT('',(3.127388801761E-17,-0.152816901408,1.6));
#5957 = DIRECTION('',(4.259584793936E-32,1.218825558951E-30,1.));
#5958 = DIRECTION('',(0.,1.,-1.218825558951E-30));
#5959 = ADVANCED_FACE('',(#5960),#5971,.T.);
#5960 = FACE_BOUND('',#5961,.T.);
#5961 = EDGE_LOOP('',(#5962,#5963,#5969,#5970));
#5962 = ORIENTED_EDGE('',*,*,#4531,.F.);
#5963 = ORIENTED_EDGE('',*,*,#5964,.T.);
#5964 = EDGE_CURVE('',#4532,#4388,#5965,.T.);
#5965 = LINE('',#5966,#5967);
#5966 = CARTESIAN_POINT('',(0.525,0.2946,3.6));
#5967 = VECTOR('',#5968,1.);
#5968 = DIRECTION('',(1.,0.,0.));
#5969 = ORIENTED_EDGE('',*,*,#4395,.T.);
#5970 = ORIENTED_EDGE('',*,*,#5946,.T.);
#5971 = PLANE('',#5972);
#5972 = AXIS2_PLACEMENT_3D('',#5973,#5974,#5975);
#5973 = CARTESIAN_POINT('',(0.525,0.2946,3.6));
#5974 = DIRECTION('',(0.,1.,0.));
#5975 = DIRECTION('',(0.,0.,-1.));
#5976 = ADVANCED_FACE('',(#5977),#5997,.T.);
#5977 = FACE_BOUND('',#5978,.T.);
#5978 = EDGE_LOOP('',(#5979,#5987,#5988,#5989,#5990,#5991));
#5979 = ORIENTED_EDGE('',*,*,#5980,.T.);
#5980 = EDGE_CURVE('',#5981,#5925,#5983,.T.);
#5981 = VERTEX_POINT('',#5982);
#5982 = CARTESIAN_POINT('',(0.525,-0.1054,3.2));
#5983 = LINE('',#5984,#5985);
#5984 = CARTESIAN_POINT('',(0.525,-0.1054,3.2));
#5985 = VECTOR('',#5986,1.);
#5986 = DIRECTION('',(1.,0.,0.));
#5987 = ORIENTED_EDGE('',*,*,#5932,.T.);
#5988 = ORIENTED_EDGE('',*,*,#4387,.T.);
#5989 = ORIENTED_EDGE('',*,*,#5964,.F.);
#5990 = ORIENTED_EDGE('',*,*,#4539,.F.);
#5991 = ORIENTED_EDGE('',*,*,#5992,.F.);
#5992 = EDGE_CURVE('',#5981,#4540,#5993,.T.);
#5993 = LINE('',#5994,#5995);
#5994 = CARTESIAN_POINT('',(0.525,-0.1054,3.2));
#5995 = VECTOR('',#5996,1.);
#5996 = DIRECTION('',(0.,0.707106781187,0.707106781187));
#5997 = PLANE('',#5998);
#5998 = AXIS2_PLACEMENT_3D('',#5999,#6000,#6001);
#5999 = CARTESIAN_POINT('',(0.525,-0.1054,3.2));
#6000 = DIRECTION('',(0.,-0.707106781187,0.707106781187));
#6001 = DIRECTION('',(0.,0.707106781187,0.707106781187));
#6002 = ADVANCED_FACE('',(#6003),#6029,.T.);
#6003 = FACE_BOUND('',#6004,.T.);
#6004 = EDGE_LOOP('',(#6005,#6006,#6007,#6015,#6023));
#6005 = ORIENTED_EDGE('',*,*,#4433,.T.);
#6006 = ORIENTED_EDGE('',*,*,#5826,.T.);
#6007 = ORIENTED_EDGE('',*,*,#6008,.T.);
#6008 = EDGE_CURVE('',#5819,#6009,#6011,.T.);
#6009 = VERTEX_POINT('',#6010);
#6010 = CARTESIAN_POINT('',(-0.725,-3.54E-02,3.2));
#6011 = LINE('',#6012,#6013);
#6012 = CARTESIAN_POINT('',(-0.725,-3.54E-02,0.65));
#6013 = VECTOR('',#6014,1.);
#6014 = DIRECTION('',(0.,0.,1.));
#6015 = ORIENTED_EDGE('',*,*,#6016,.T.);
#6016 = EDGE_CURVE('',#6009,#6017,#6019,.T.);
#6017 = VERTEX_POINT('',#6018);
#6018 = CARTESIAN_POINT('',(-0.725,-0.1054,3.2));
#6019 = LINE('',#6020,#6021);
#6020 = CARTESIAN_POINT('',(-0.725,-3.54E-02,3.2));
#6021 = VECTOR('',#6022,1.);
#6022 = DIRECTION('',(0.,-1.,0.));
#6023 = ORIENTED_EDGE('',*,*,#6024,.T.);
#6024 = EDGE_CURVE('',#6017,#4426,#6025,.T.);
#6025 = LINE('',#6026,#6027);
#6026 = CARTESIAN_POINT('',(-0.725,-0.1054,3.2));
#6027 = VECTOR('',#6028,1.);
#6028 = DIRECTION('',(0.,0.707106781187,0.707106781187));
#6029 = PLANE('',#6030);
#6030 = AXIS2_PLACEMENT_3D('',#6031,#6032,#6033);
#6031 = CARTESIAN_POINT('',(-0.725,-0.665633686553,1.517013518288));
#6032 = DIRECTION('',(-1.,-0.,-0.));
#6033 = DIRECTION('',(0.,0.,-1.));
#6034 = ADVANCED_FACE('',(#6035),#6060,.T.);
#6035 = FACE_BOUND('',#6036,.T.);
#6036 = EDGE_LOOP('',(#6037,#6045,#6051,#6052,#6058,#6059));
#6037 = ORIENTED_EDGE('',*,*,#6038,.T.);
#6038 = EDGE_CURVE('',#6017,#6039,#6041,.T.);
#6039 = VERTEX_POINT('',#6040);
#6040 = CARTESIAN_POINT('',(-0.525,-0.1054,3.2));
#6041 = LINE('',#6042,#6043);
#6042 = CARTESIAN_POINT('',(-0.725,-0.1054,3.2));
#6043 = VECTOR('',#6044,1.);
#6044 = DIRECTION('',(1.,0.,0.));
#6045 = ORIENTED_EDGE('',*,*,#6046,.T.);
#6046 = EDGE_CURVE('',#6039,#4619,#6047,.T.);
#6047 = LINE('',#6048,#6049);
#6048 = CARTESIAN_POINT('',(-0.525,-0.1054,3.2));
#6049 = VECTOR('',#6050,1.);
#6050 = DIRECTION('',(0.,0.707106781187,0.707106781187));
#6051 = ORIENTED_EDGE('',*,*,#4626,.T.);
#6052 = ORIENTED_EDGE('',*,*,#6053,.F.);
#6053 = EDGE_CURVE('',#4499,#4627,#6054,.T.);
#6054 = LINE('',#6055,#6056);
#6055 = CARTESIAN_POINT('',(-0.725,0.2946,3.6));
#6056 = VECTOR('',#6057,1.);
#6057 = DIRECTION('',(1.,0.,0.));
#6058 = ORIENTED_EDGE('',*,*,#4506,.F.);
#6059 = ORIENTED_EDGE('',*,*,#6024,.F.);
#6060 = PLANE('',#6061);
#6061 = AXIS2_PLACEMENT_3D('',#6062,#6063,#6064);
#6062 = CARTESIAN_POINT('',(-0.725,-0.1054,3.2));
#6063 = DIRECTION('',(0.,-0.707106781187,0.707106781187));
#6064 = DIRECTION('',(0.,0.707106781187,0.707106781187));
#6065 = ADVANCED_FACE('',(#6066),#6077,.T.);
#6066 = FACE_BOUND('',#6067,.T.);
#6067 = EDGE_LOOP('',(#6068,#6069,#6070,#6071));
#6068 = ORIENTED_EDGE('',*,*,#4498,.F.);
#6069 = ORIENTED_EDGE('',*,*,#6053,.T.);
#6070 = ORIENTED_EDGE('',*,*,#4634,.T.);
#6071 = ORIENTED_EDGE('',*,*,#6072,.T.);
#6072 = EDGE_CURVE('',#4635,#4491,#6073,.T.);
#6073 = LINE('',#6074,#6075);
#6074 = CARTESIAN_POINT('',(-0.3625,0.2946,1.6));
#6075 = VECTOR('',#6076,1.);
#6076 = DIRECTION('',(-1.,0.,4.259584793936E-32));
#6077 = PLANE('',#6078);
#6078 = AXIS2_PLACEMENT_3D('',#6079,#6080,#6081);
#6079 = CARTESIAN_POINT('',(-0.725,0.2946,3.6));
#6080 = DIRECTION('',(0.,1.,0.));
#6081 = DIRECTION('',(0.,0.,-1.));
#6082 = ADVANCED_FACE('',(#6083),#6089,.T.);
#6083 = FACE_BOUND('',#6084,.T.);
#6084 = EDGE_LOOP('',(#6085,#6086,#6087,#6088));
#6085 = ORIENTED_EDGE('',*,*,#4490,.T.);
#6086 = ORIENTED_EDGE('',*,*,#6072,.F.);
#6087 = ORIENTED_EDGE('',*,*,#4642,.T.);
#6088 = ORIENTED_EDGE('',*,*,#4569,.T.);
#6089 = PLANE('',#6090);
#6090 = AXIS2_PLACEMENT_3D('',#6091,#6092,#6093);
#6091 = CARTESIAN_POINT('',(3.127388801761E-17,-0.152816901408,1.6));
#6092 = DIRECTION('',(4.259584793936E-32,1.218825558951E-30,1.));
#6093 = DIRECTION('',(0.,1.,-1.218825558951E-30));
#6094 = ADVANCED_FACE('',(#6095),#6114,.T.);
#6095 = FACE_BOUND('',#6096,.T.);
#6096 = EDGE_LOOP('',(#6097,#6098,#6099,#6107,#6113));
#6097 = ORIENTED_EDGE('',*,*,#4586,.T.);
#6098 = ORIENTED_EDGE('',*,*,#5799,.T.);
#6099 = ORIENTED_EDGE('',*,*,#6100,.T.);
#6100 = EDGE_CURVE('',#5792,#6101,#6103,.T.);
#6101 = VERTEX_POINT('',#6102);
#6102 = CARTESIAN_POINT('',(0.525,-3.54E-02,3.2));
#6103 = LINE('',#6104,#6105);
#6104 = CARTESIAN_POINT('',(0.525,-3.54E-02,0.65));
#6105 = VECTOR('',#6106,1.);
#6106 = DIRECTION('',(0.,0.,1.));
#6107 = ORIENTED_EDGE('',*,*,#6108,.T.);
#6108 = EDGE_CURVE('',#6101,#5981,#6109,.T.);
#6109 = LINE('',#6110,#6111);
#6110 = CARTESIAN_POINT('',(0.525,-3.54E-02,3.2));
#6111 = VECTOR('',#6112,1.);
#6112 = DIRECTION('',(0.,-1.,0.));
#6113 = ORIENTED_EDGE('',*,*,#5992,.T.);
#6114 = PLANE('',#6115);
#6115 = AXIS2_PLACEMENT_3D('',#6116,#6117,#6118);
#6116 = CARTESIAN_POINT('',(0.525,-0.665633686553,1.517013518288));
#6117 = DIRECTION('',(-1.,-0.,-0.));
#6118 = DIRECTION('',(0.,0.,-1.));
#6119 = ADVANCED_FACE('',(#6120),#6139,.F.);
#6120 = FACE_BOUND('',#6121,.F.);
#6121 = EDGE_LOOP('',(#6122,#6123,#6124,#6132,#6138));
#6122 = ORIENTED_EDGE('',*,*,#4697,.T.);
#6123 = ORIENTED_EDGE('',*,*,#5810,.T.);
#6124 = ORIENTED_EDGE('',*,*,#6125,.T.);
#6125 = EDGE_CURVE('',#5811,#6126,#6128,.T.);
#6126 = VERTEX_POINT('',#6127);
#6127 = CARTESIAN_POINT('',(-0.525,-3.54E-02,3.2));
#6128 = LINE('',#6129,#6130);
#6129 = CARTESIAN_POINT('',(-0.525,-3.54E-02,0.65));
#6130 = VECTOR('',#6131,1.);
#6131 = DIRECTION('',(0.,0.,1.));
#6132 = ORIENTED_EDGE('',*,*,#6133,.T.);
#6133 = EDGE_CURVE('',#6126,#6039,#6134,.T.);
#6134 = LINE('',#6135,#6136);
#6135 = CARTESIAN_POINT('',(-0.525,-3.54E-02,3.2));
#6136 = VECTOR('',#6137,1.);
#6137 = DIRECTION('',(0.,-1.,0.));
#6138 = ORIENTED_EDGE('',*,*,#6046,.T.);
#6139 = PLANE('',#6140);
#6140 = AXIS2_PLACEMENT_3D('',#6141,#6142,#6143);
#6141 = CARTESIAN_POINT('',(-0.525,-0.665633686553,1.517013518288));
#6142 = DIRECTION('',(-1.,-0.,-0.));
#6143 = DIRECTION('',(0.,0.,-1.));
#6144 = ADVANCED_FACE('',(#6145),#6151,.T.);
#6145 = FACE_BOUND('',#6146,.T.);
#6146 = EDGE_LOOP('',(#6147,#6148,#6149,#6150));
#6147 = ORIENTED_EDGE('',*,*,#4762,.F.);
#6148 = ORIENTED_EDGE('',*,*,#4785,.T.);
#6149 = ORIENTED_EDGE('',*,*,#4810,.T.);
#6150 = ORIENTED_EDGE('',*,*,#4833,.F.);
#6151 = PLANE('',#6152);
#6152 = AXIS2_PLACEMENT_3D('',#6153,#6154,#6155);
#6153 = CARTESIAN_POINT('',(1.425,1.525,3.2));
#6154 = DIRECTION('',(0.,0.,1.));
#6155 = DIRECTION('',(1.,0.,-0.));
#6156 = ADVANCED_FACE('',(#6157),#6163,.T.);
#6157 = FACE_BOUND('',#6158,.T.);
#6158 = EDGE_LOOP('',(#6159,#6160,#6161,#6162));
#6159 = ORIENTED_EDGE('',*,*,#4858,.F.);
#6160 = ORIENTED_EDGE('',*,*,#4881,.T.);
#6161 = ORIENTED_EDGE('',*,*,#4906,.T.);
#6162 = ORIENTED_EDGE('',*,*,#4929,.F.);
#6163 = PLANE('',#6164);
#6164 = AXIS2_PLACEMENT_3D('',#6165,#6166,#6167);
#6165 = CARTESIAN_POINT('',(-2.525,1.525,3.2));
#6166 = DIRECTION('',(0.,0.,1.));
#6167 = DIRECTION('',(1.,0.,-0.));
#6168 = ADVANCED_FACE('',(#6169),#6187,.F.);
#6169 = FACE_BOUND('',#6170,.F.);
#6170 = EDGE_LOOP('',(#6171,#6179,#6185,#6186));
#6171 = ORIENTED_EDGE('',*,*,#6172,.T.);
#6172 = EDGE_CURVE('',#5137,#6173,#6175,.T.);
#6173 = VERTEX_POINT('',#6174);
#6174 = CARTESIAN_POINT('',(2.575,0.255,-1.665334536938E-16));
#6175 = LINE('',#6176,#6177);
#6176 = CARTESIAN_POINT('',(2.375,0.255,-1.665334536938E-16));
#6177 = VECTOR('',#6178,1.);
#6178 = DIRECTION('',(1.,0.,0.));
#6179 = ORIENTED_EDGE('',*,*,#6180,.T.);
#6180 = EDGE_CURVE('',#6173,#4949,#6181,.T.);
#6181 = LINE('',#6182,#6183);
#6182 = CARTESIAN_POINT('',(2.575,0.255,-1.665334536938E-16));
#6183 = VECTOR('',#6184,1.);
#6184 = DIRECTION('',(0.,1.,7.501506923143E-17));
#6185 = ORIENTED_EDGE('',*,*,#4946,.F.);
#6186 = ORIENTED_EDGE('',*,*,#5136,.F.);
#6187 = PLANE('',#6188);
#6188 = AXIS2_PLACEMENT_3D('',#6189,#6190,#6191);
#6189 = CARTESIAN_POINT('',(2.375,0.255,-1.665334536938E-16));
#6190 = DIRECTION('',(0.,-7.501506923143E-17,1.));
#6191 = DIRECTION('',(0.,1.,7.501506923143E-17));
#6192 = ADVANCED_FACE('',(#6193),#6217,.T.);
#6193 = FACE_BOUND('',#6194,.T.);
#6194 = EDGE_LOOP('',(#6195,#6196,#6197,#6198,#6199,#6200,#6201,#6202,
    #6203,#6211));
#6195 = ORIENTED_EDGE('',*,*,#6180,.T.);
#6196 = ORIENTED_EDGE('',*,*,#4956,.T.);
#6197 = ORIENTED_EDGE('',*,*,#4978,.T.);
#6198 = ORIENTED_EDGE('',*,*,#5662,.F.);
#6199 = ORIENTED_EDGE('',*,*,#5670,.T.);
#6200 = ORIENTED_EDGE('',*,*,#5644,.F.);
#6201 = ORIENTED_EDGE('',*,*,#5684,.F.);
#6202 = ORIENTED_EDGE('',*,*,#5202,.F.);
#6203 = ORIENTED_EDGE('',*,*,#6204,.T.);
#6204 = EDGE_CURVE('',#5203,#6205,#6207,.T.);
#6205 = VERTEX_POINT('',#6206);
#6206 = CARTESIAN_POINT('',(2.575,0.255,0.37));
#6207 = LINE('',#6208,#6209);
#6208 = CARTESIAN_POINT('',(2.575,-0.235,0.37));
#6209 = VECTOR('',#6210,1.);
#6210 = DIRECTION('',(0.,1.,0.));
#6211 = ORIENTED_EDGE('',*,*,#6212,.T.);
#6212 = EDGE_CURVE('',#6205,#6173,#6213,.T.);
#6213 = LINE('',#6214,#6215);
#6214 = CARTESIAN_POINT('',(2.575,0.255,0.37));
#6215 = VECTOR('',#6216,1.);
#6216 = DIRECTION('',(0.,0.,-1.));
#6217 = PLANE('',#6218);
#6218 = AXIS2_PLACEMENT_3D('',#6219,#6220,#6221);
#6219 = CARTESIAN_POINT('',(2.575,1.254889064976,1.020784469097));
#6220 = DIRECTION('',(1.,0.,0.));
#6221 = DIRECTION('',(0.,0.,1.));
#6222 = ADVANCED_FACE('',(#6223),#6234,.F.);
#6223 = FACE_BOUND('',#6224,.F.);
#6224 = EDGE_LOOP('',(#6225,#6231,#6232,#6233));
#6225 = ORIENTED_EDGE('',*,*,#6226,.T.);
#6226 = EDGE_CURVE('',#5035,#5113,#6227,.T.);
#6227 = LINE('',#6228,#6229);
#6228 = CARTESIAN_POINT('',(-2.575,0.255,-1.665334536938E-16));
#6229 = VECTOR('',#6230,1.);
#6230 = DIRECTION('',(1.,0.,0.));
#6231 = ORIENTED_EDGE('',*,*,#5112,.T.);
#6232 = ORIENTED_EDGE('',*,*,#5002,.F.);
#6233 = ORIENTED_EDGE('',*,*,#5034,.F.);
#6234 = PLANE('',#6235);
#6235 = AXIS2_PLACEMENT_3D('',#6236,#6237,#6238);
#6236 = CARTESIAN_POINT('',(-2.575,0.255,-1.665334536938E-16));
#6237 = DIRECTION('',(0.,-7.501506923143E-17,1.));
#6238 = DIRECTION('',(0.,1.,7.501506923143E-17));
#6239 = ADVANCED_FACE('',(#6240),#6247,.F.);
#6240 = FACE_BOUND('',#6241,.F.);
#6241 = EDGE_LOOP('',(#6242,#6243,#6244,#6245,#6246));
#6242 = ORIENTED_EDGE('',*,*,#5081,.T.);
#6243 = ORIENTED_EDGE('',*,*,#5095,.T.);
#6244 = ORIENTED_EDGE('',*,*,#5122,.T.);
#6245 = ORIENTED_EDGE('',*,*,#6226,.F.);
#6246 = ORIENTED_EDGE('',*,*,#5057,.F.);
#6247 = PLANE('',#6248);
#6248 = AXIS2_PLACEMENT_3D('',#6249,#6250,#6251);
#6249 = CARTESIAN_POINT('',(-2.575,0.255,0.37));
#6250 = DIRECTION('',(0.,1.,0.));
#6251 = DIRECTION('',(0.,0.,-1.));
#6252 = ADVANCED_FACE('',(#6253),#6265,.F.);
#6253 = FACE_BOUND('',#6254,.F.);
#6254 = EDGE_LOOP('',(#6255,#6261,#6262,#6263,#6264));
#6255 = ORIENTED_EDGE('',*,*,#6256,.T.);
#6256 = EDGE_CURVE('',#5161,#6205,#6257,.T.);
#6257 = LINE('',#6258,#6259);
#6258 = CARTESIAN_POINT('',(2.375,0.255,0.37));
#6259 = VECTOR('',#6260,1.);
#6260 = DIRECTION('',(1.,0.,0.));
#6261 = ORIENTED_EDGE('',*,*,#6212,.T.);
#6262 = ORIENTED_EDGE('',*,*,#6172,.F.);
#6263 = ORIENTED_EDGE('',*,*,#5146,.F.);
#6264 = ORIENTED_EDGE('',*,*,#5160,.F.);
#6265 = PLANE('',#6266);
#6266 = AXIS2_PLACEMENT_3D('',#6267,#6268,#6269);
#6267 = CARTESIAN_POINT('',(2.375,0.255,0.37));
#6268 = DIRECTION('',(0.,1.,0.));
#6269 = DIRECTION('',(0.,0.,-1.));
#6270 = ADVANCED_FACE('',(#6271),#6277,.F.);
#6271 = FACE_BOUND('',#6272,.F.);
#6272 = EDGE_LOOP('',(#6273,#6274,#6275,#6276));
#6273 = ORIENTED_EDGE('',*,*,#5177,.F.);
#6274 = ORIENTED_EDGE('',*,*,#5210,.F.);
#6275 = ORIENTED_EDGE('',*,*,#6204,.T.);
#6276 = ORIENTED_EDGE('',*,*,#6256,.F.);
#6277 = PLANE('',#6278);
#6278 = AXIS2_PLACEMENT_3D('',#6279,#6280,#6281);
#6279 = CARTESIAN_POINT('',(2.375,-0.235,0.37));
#6280 = DIRECTION('',(0.,0.,1.));
#6281 = DIRECTION('',(0.,1.,0.));
#6282 = ADVANCED_FACE('',(#6283),#6299,.T.);
#6283 = FACE_BOUND('',#6284,.T.);
#6284 = EDGE_LOOP('',(#6285,#6291,#6292,#6298));
#6285 = ORIENTED_EDGE('',*,*,#6286,.T.);
#6286 = EDGE_CURVE('',#5225,#5314,#6287,.T.);
#6287 = LINE('',#6288,#6289);
#6288 = CARTESIAN_POINT('',(-0.725,-1.4754,-4.440892098501E-16));
#6289 = VECTOR('',#6290,1.);
#6290 = DIRECTION('',(1.,0.,0.));
#6291 = ORIENTED_EDGE('',*,*,#5313,.T.);
#6292 = ORIENTED_EDGE('',*,*,#6293,.F.);
#6293 = EDGE_CURVE('',#5227,#5316,#6294,.T.);
#6294 = LINE('',#6295,#6296);
#6295 = CARTESIAN_POINT('',(-0.725,-2.4754,0.));
#6296 = VECTOR('',#6297,1.);
#6297 = DIRECTION('',(1.,0.,0.));
#6298 = ORIENTED_EDGE('',*,*,#5224,.F.);
#6299 = PLANE('',#6300);
#6300 = AXIS2_PLACEMENT_3D('',#6301,#6302,#6303);
#6301 = CARTESIAN_POINT('',(-0.725,-1.4754,-4.440892098501E-16));
#6302 = DIRECTION('',(0.,-4.440892098501E-16,-1.));
#6303 = DIRECTION('',(0.,-1.,4.440892098501E-16));
#6304 = ADVANCED_FACE('',(#6305),#6311,.T.);
#6305 = FACE_BOUND('',#6306,.T.);
#6306 = EDGE_LOOP('',(#6307,#6308,#6309,#6310));
#6307 = ORIENTED_EDGE('',*,*,#5299,.T.);
#6308 = ORIENTED_EDGE('',*,*,#5369,.T.);
#6309 = ORIENTED_EDGE('',*,*,#6286,.F.);
#6310 = ORIENTED_EDGE('',*,*,#5275,.F.);
#6311 = PLANE('',#6312);
#6312 = AXIS2_PLACEMENT_3D('',#6313,#6314,#6315);
#6313 = CARTESIAN_POINT('',(-0.725,-1.4754,0.25));
#6314 = DIRECTION('',(0.,1.,0.));
#6315 = DIRECTION('',(0.,0.,-1.));
#6316 = ADVANCED_FACE('',(#6317),#6328,.T.);
#6317 = FACE_BOUND('',#6318,.T.);
#6318 = EDGE_LOOP('',(#6319,#6325,#6326,#6327));
#6319 = ORIENTED_EDGE('',*,*,#6320,.T.);
#6320 = EDGE_CURVE('',#5243,#5332,#6321,.T.);
#6321 = LINE('',#6322,#6323);
#6322 = CARTESIAN_POINT('',(-0.725,-1.7754,0.3));
#6323 = VECTOR('',#6324,1.);
#6324 = DIRECTION('',(1.,0.,0.));
#6325 = ORIENTED_EDGE('',*,*,#5339,.T.);
#6326 = ORIENTED_EDGE('',*,*,#5582,.F.);
#6327 = ORIENTED_EDGE('',*,*,#5250,.F.);
#6328 = PLANE('',#6329);
#6329 = AXIS2_PLACEMENT_3D('',#6330,#6331,#6332);
#6330 = CARTESIAN_POINT('',(-0.725,-1.7754,0.3));
#6331 = DIRECTION('',(0.,-1.,0.));
#6332 = DIRECTION('',(0.,0.,1.));
#6333 = ADVANCED_FACE('',(#6334),#6345,.T.);
#6334 = FACE_BOUND('',#6335,.T.);
#6335 = EDGE_LOOP('',(#6336,#6342,#6343,#6344));
#6336 = ORIENTED_EDGE('',*,*,#6337,.T.);
#6337 = EDGE_CURVE('',#5235,#5324,#6338,.T.);
#6338 = LINE('',#6339,#6340);
#6339 = CARTESIAN_POINT('',(-0.725,-2.4754,0.3));
#6340 = VECTOR('',#6341,1.);
#6341 = DIRECTION('',(1.,0.,0.));
#6342 = ORIENTED_EDGE('',*,*,#5331,.T.);
#6343 = ORIENTED_EDGE('',*,*,#6320,.F.);
#6344 = ORIENTED_EDGE('',*,*,#5242,.F.);
#6345 = PLANE('',#6346);
#6346 = AXIS2_PLACEMENT_3D('',#6347,#6348,#6349);
#6347 = CARTESIAN_POINT('',(-0.725,-2.4754,0.3));
#6348 = DIRECTION('',(0.,0.,1.));
#6349 = DIRECTION('',(0.,1.,0.));
#6350 = ADVANCED_FACE('',(#6351),#6357,.T.);
#6351 = FACE_BOUND('',#6352,.T.);
#6352 = EDGE_LOOP('',(#6353,#6354,#6355,#6356));
#6353 = ORIENTED_EDGE('',*,*,#6293,.T.);
#6354 = ORIENTED_EDGE('',*,*,#5323,.T.);
#6355 = ORIENTED_EDGE('',*,*,#6337,.F.);
#6356 = ORIENTED_EDGE('',*,*,#5234,.F.);
#6357 = PLANE('',#6358);
#6358 = AXIS2_PLACEMENT_3D('',#6359,#6360,#6361);
#6359 = CARTESIAN_POINT('',(-0.725,-2.4754,0.));
#6360 = DIRECTION('',(0.,-1.,0.));
#6361 = DIRECTION('',(0.,0.,1.));
#6362 = ADVANCED_FACE('',(#6363),#6379,.T.);
#6363 = FACE_BOUND('',#6364,.T.);
#6364 = EDGE_LOOP('',(#6365,#6371,#6372,#6378));
#6365 = ORIENTED_EDGE('',*,*,#6366,.T.);
#6366 = EDGE_CURVE('',#5410,#5499,#6367,.T.);
#6367 = LINE('',#6368,#6369);
#6368 = CARTESIAN_POINT('',(0.525,-1.4754,-4.440892098501E-16));
#6369 = VECTOR('',#6370,1.);
#6370 = DIRECTION('',(1.,0.,0.));
#6371 = ORIENTED_EDGE('',*,*,#5498,.T.);
#6372 = ORIENTED_EDGE('',*,*,#6373,.F.);
#6373 = EDGE_CURVE('',#5412,#5501,#6374,.T.);
#6374 = LINE('',#6375,#6376);
#6375 = CARTESIAN_POINT('',(0.525,-2.4754,0.));
#6376 = VECTOR('',#6377,1.);
#6377 = DIRECTION('',(1.,0.,0.));
#6378 = ORIENTED_EDGE('',*,*,#5409,.F.);
#6379 = PLANE('',#6380);
#6380 = AXIS2_PLACEMENT_3D('',#6381,#6382,#6383);
#6381 = CARTESIAN_POINT('',(0.525,-1.4754,-4.440892098501E-16));
#6382 = DIRECTION('',(0.,-4.440892098501E-16,-1.));
#6383 = DIRECTION('',(0.,-1.,4.440892098501E-16));
#6384 = ADVANCED_FACE('',(#6385),#6391,.T.);
#6385 = FACE_BOUND('',#6386,.T.);
#6386 = EDGE_LOOP('',(#6387,#6388,#6389,#6390));
#6387 = ORIENTED_EDGE('',*,*,#5484,.T.);
#6388 = ORIENTED_EDGE('',*,*,#5554,.T.);
#6389 = ORIENTED_EDGE('',*,*,#6366,.F.);
#6390 = ORIENTED_EDGE('',*,*,#5460,.F.);
#6391 = PLANE('',#6392);
#6392 = AXIS2_PLACEMENT_3D('',#6393,#6394,#6395);
#6393 = CARTESIAN_POINT('',(0.525,-1.4754,0.25));
#6394 = DIRECTION('',(0.,1.,0.));
#6395 = DIRECTION('',(0.,0.,-1.));
#6396 = ADVANCED_FACE('',(#6397),#6408,.T.);
#6397 = FACE_BOUND('',#6398,.T.);
#6398 = EDGE_LOOP('',(#6399,#6405,#6406,#6407));
#6399 = ORIENTED_EDGE('',*,*,#6400,.T.);
#6400 = EDGE_CURVE('',#5428,#5517,#6401,.T.);
#6401 = LINE('',#6402,#6403);
#6402 = CARTESIAN_POINT('',(0.525,-1.7754,0.3));
#6403 = VECTOR('',#6404,1.);
#6404 = DIRECTION('',(1.,0.,0.));
#6405 = ORIENTED_EDGE('',*,*,#5524,.T.);
#6406 = ORIENTED_EDGE('',*,*,#5599,.F.);
#6407 = ORIENTED_EDGE('',*,*,#5435,.F.);
#6408 = PLANE('',#6409);
#6409 = AXIS2_PLACEMENT_3D('',#6410,#6411,#6412);
#6410 = CARTESIAN_POINT('',(0.525,-1.7754,0.3));
#6411 = DIRECTION('',(0.,-1.,0.));
#6412 = DIRECTION('',(0.,0.,1.));
#6413 = ADVANCED_FACE('',(#6414),#6425,.T.);
#6414 = FACE_BOUND('',#6415,.T.);
#6415 = EDGE_LOOP('',(#6416,#6422,#6423,#6424));
#6416 = ORIENTED_EDGE('',*,*,#6417,.T.);
#6417 = EDGE_CURVE('',#5420,#5509,#6418,.T.);
#6418 = LINE('',#6419,#6420);
#6419 = CARTESIAN_POINT('',(0.525,-2.4754,0.3));
#6420 = VECTOR('',#6421,1.);
#6421 = DIRECTION('',(1.,0.,0.));
#6422 = ORIENTED_EDGE('',*,*,#5516,.T.);
#6423 = ORIENTED_EDGE('',*,*,#6400,.F.);
#6424 = ORIENTED_EDGE('',*,*,#5427,.F.);
#6425 = PLANE('',#6426);
#6426 = AXIS2_PLACEMENT_3D('',#6427,#6428,#6429);
#6427 = CARTESIAN_POINT('',(0.525,-2.4754,0.3));
#6428 = DIRECTION('',(0.,0.,1.));
#6429 = DIRECTION('',(0.,1.,0.));
#6430 = ADVANCED_FACE('',(#6431),#6437,.T.);
#6431 = FACE_BOUND('',#6432,.T.);
#6432 = EDGE_LOOP('',(#6433,#6434,#6435,#6436));
#6433 = ORIENTED_EDGE('',*,*,#6373,.T.);
#6434 = ORIENTED_EDGE('',*,*,#5508,.T.);
#6435 = ORIENTED_EDGE('',*,*,#6417,.F.);
#6436 = ORIENTED_EDGE('',*,*,#5419,.F.);
#6437 = PLANE('',#6438);
#6438 = AXIS2_PLACEMENT_3D('',#6439,#6440,#6441);
#6439 = CARTESIAN_POINT('',(0.525,-2.4754,0.));
#6440 = DIRECTION('',(0.,-1.,0.));
#6441 = DIRECTION('',(0.,0.,1.));
#6442 = ADVANCED_FACE('',(#6443),#6454,.T.);
#6443 = FACE_BOUND('',#6444,.T.);
#6444 = EDGE_LOOP('',(#6445,#6446,#6447,#6448));
#6445 = ORIENTED_EDGE('',*,*,#6008,.F.);
#6446 = ORIENTED_EDGE('',*,*,#5818,.T.);
#6447 = ORIENTED_EDGE('',*,*,#6125,.T.);
#6448 = ORIENTED_EDGE('',*,*,#6449,.F.);
#6449 = EDGE_CURVE('',#6009,#6126,#6450,.T.);
#6450 = LINE('',#6451,#6452);
#6451 = CARTESIAN_POINT('',(-0.725,-3.54E-02,3.2));
#6452 = VECTOR('',#6453,1.);
#6453 = DIRECTION('',(1.,0.,0.));
#6454 = PLANE('',#6455);
#6455 = AXIS2_PLACEMENT_3D('',#6456,#6457,#6458);
#6456 = CARTESIAN_POINT('',(-0.725,-3.54E-02,0.65));
#6457 = DIRECTION('',(0.,-1.,0.));
#6458 = DIRECTION('',(0.,0.,1.));
#6459 = ADVANCED_FACE('',(#6460),#6471,.T.);
#6460 = FACE_BOUND('',#6461,.T.);
#6461 = EDGE_LOOP('',(#6462,#6463,#6464,#6465));
#6462 = ORIENTED_EDGE('',*,*,#6100,.F.);
#6463 = ORIENTED_EDGE('',*,*,#5791,.T.);
#6464 = ORIENTED_EDGE('',*,*,#5916,.T.);
#6465 = ORIENTED_EDGE('',*,*,#6466,.F.);
#6466 = EDGE_CURVE('',#6101,#5917,#6467,.T.);
#6467 = LINE('',#6468,#6469);
#6468 = CARTESIAN_POINT('',(0.525,-3.54E-02,3.2));
#6469 = VECTOR('',#6470,1.);
#6470 = DIRECTION('',(1.,0.,0.));
#6471 = PLANE('',#6472);
#6472 = AXIS2_PLACEMENT_3D('',#6473,#6474,#6475);
#6473 = CARTESIAN_POINT('',(0.525,-3.54E-02,0.65));
#6474 = DIRECTION('',(0.,-1.,0.));
#6475 = DIRECTION('',(0.,0.,1.));
#6476 = ADVANCED_FACE('',(#6477),#6510,.T.);
#6477 = FACE_BOUND('',#6478,.T.);
#6478 = EDGE_LOOP('',(#6479,#6480,#6488,#6496,#6504));
#6479 = ORIENTED_EDGE('',*,*,#5840,.T.);
#6480 = ORIENTED_EDGE('',*,*,#6481,.T.);
#6481 = EDGE_CURVE('',#5843,#6482,#6484,.T.);
#6482 = VERTEX_POINT('',#6483);
#6483 = CARTESIAN_POINT('',(-0.725,-1.1054,3.45));
#6484 = LINE('',#6485,#6486);
#6485 = CARTESIAN_POINT('',(-0.725,-1.1054,0.65));
#6486 = VECTOR('',#6487,1.);
#6487 = DIRECTION('',(0.,0.,1.));
#6488 = ORIENTED_EDGE('',*,*,#6489,.T.);
#6489 = EDGE_CURVE('',#6482,#6490,#6492,.T.);
#6490 = VERTEX_POINT('',#6491);
#6491 = CARTESIAN_POINT('',(-0.725,-0.9354,3.45));
#6492 = LINE('',#6493,#6494);
#6493 = CARTESIAN_POINT('',(-0.725,-1.1054,3.45));
#6494 = VECTOR('',#6495,1.);
#6495 = DIRECTION('',(0.,1.,0.));
#6496 = ORIENTED_EDGE('',*,*,#6497,.T.);
#6497 = EDGE_CURVE('',#6490,#6498,#6500,.T.);
#6498 = VERTEX_POINT('',#6499);
#6499 = CARTESIAN_POINT('',(-0.725,-0.7754,3.05));
#6500 = LINE('',#6501,#6502);
#6501 = CARTESIAN_POINT('',(-0.725,-0.9354,3.45));
#6502 = VECTOR('',#6503,1.);
#6503 = DIRECTION('',(0.,0.371390676354,-0.928476690885));
#6504 = ORIENTED_EDGE('',*,*,#6505,.T.);
#6505 = EDGE_CURVE('',#6498,#5841,#6506,.T.);
#6506 = LINE('',#6507,#6508);
#6507 = CARTESIAN_POINT('',(-0.725,-0.7754,3.05));
#6508 = VECTOR('',#6509,1.);
#6509 = DIRECTION('',(0.,0.,-1.));
#6510 = PLANE('',#6511);
#6511 = AXIS2_PLACEMENT_3D('',#6512,#6513,#6514);
#6512 = CARTESIAN_POINT('',(-0.725,-0.665633686553,1.517013518288));
#6513 = DIRECTION('',(-1.,-0.,-0.));
#6514 = DIRECTION('',(0.,0.,-1.));
#6515 = ADVANCED_FACE('',(#6516),#6534,.T.);
#6516 = FACE_BOUND('',#6517,.T.);
#6517 = EDGE_LOOP('',(#6518,#6519,#6520,#6528));
#6518 = ORIENTED_EDGE('',*,*,#6481,.F.);
#6519 = ORIENTED_EDGE('',*,*,#5866,.T.);
#6520 = ORIENTED_EDGE('',*,*,#6521,.T.);
#6521 = EDGE_CURVE('',#5859,#6522,#6524,.T.);
#6522 = VERTEX_POINT('',#6523);
#6523 = CARTESIAN_POINT('',(-0.525,-1.1054,3.45));
#6524 = LINE('',#6525,#6526);
#6525 = CARTESIAN_POINT('',(-0.525,-1.1054,0.65));
#6526 = VECTOR('',#6527,1.);
#6527 = DIRECTION('',(0.,0.,1.));
#6528 = ORIENTED_EDGE('',*,*,#6529,.F.);
#6529 = EDGE_CURVE('',#6482,#6522,#6530,.T.);
#6530 = LINE('',#6531,#6532);
#6531 = CARTESIAN_POINT('',(-0.725,-1.1054,3.45));
#6532 = VECTOR('',#6533,1.);
#6533 = DIRECTION('',(1.,0.,0.));
#6534 = PLANE('',#6535);
#6535 = AXIS2_PLACEMENT_3D('',#6536,#6537,#6538);
#6536 = CARTESIAN_POINT('',(-0.725,-1.1054,0.65));
#6537 = DIRECTION('',(0.,-1.,0.));
#6538 = DIRECTION('',(0.,0.,1.));
#6539 = ADVANCED_FACE('',(#6540),#6566,.F.);
#6540 = FACE_BOUND('',#6541,.F.);
#6541 = EDGE_LOOP('',(#6542,#6543,#6544,#6552,#6560));
#6542 = ORIENTED_EDGE('',*,*,#5858,.T.);
#6543 = ORIENTED_EDGE('',*,*,#6521,.T.);
#6544 = ORIENTED_EDGE('',*,*,#6545,.T.);
#6545 = EDGE_CURVE('',#6522,#6546,#6548,.T.);
#6546 = VERTEX_POINT('',#6547);
#6547 = CARTESIAN_POINT('',(-0.525,-0.9354,3.45));
#6548 = LINE('',#6549,#6550);
#6549 = CARTESIAN_POINT('',(-0.525,-1.1054,3.45));
#6550 = VECTOR('',#6551,1.);
#6551 = DIRECTION('',(0.,1.,0.));
#6552 = ORIENTED_EDGE('',*,*,#6553,.T.);
#6553 = EDGE_CURVE('',#6546,#6554,#6556,.T.);
#6554 = VERTEX_POINT('',#6555);
#6555 = CARTESIAN_POINT('',(-0.525,-0.7754,3.05));
#6556 = LINE('',#6557,#6558);
#6557 = CARTESIAN_POINT('',(-0.525,-0.9354,3.45));
#6558 = VECTOR('',#6559,1.);
#6559 = DIRECTION('',(0.,0.371390676354,-0.928476690885));
#6560 = ORIENTED_EDGE('',*,*,#6561,.T.);
#6561 = EDGE_CURVE('',#6554,#5851,#6562,.T.);
#6562 = LINE('',#6563,#6564);
#6563 = CARTESIAN_POINT('',(-0.525,-0.7754,3.05));
#6564 = VECTOR('',#6565,1.);
#6565 = DIRECTION('',(0.,0.,-1.));
#6566 = PLANE('',#6567);
#6567 = AXIS2_PLACEMENT_3D('',#6568,#6569,#6570);
#6568 = CARTESIAN_POINT('',(-0.525,-0.665633686553,1.517013518288));
#6569 = DIRECTION('',(-1.,-0.,-0.));
#6570 = DIRECTION('',(0.,0.,-1.));
#6571 = ADVANCED_FACE('',(#6572),#6583,.T.);
#6572 = FACE_BOUND('',#6573,.T.);
#6573 = EDGE_LOOP('',(#6574,#6575,#6581,#6582));
#6574 = ORIENTED_EDGE('',*,*,#6505,.F.);
#6575 = ORIENTED_EDGE('',*,*,#6576,.T.);
#6576 = EDGE_CURVE('',#6498,#6554,#6577,.T.);
#6577 = LINE('',#6578,#6579);
#6578 = CARTESIAN_POINT('',(-0.725,-0.7754,3.05));
#6579 = VECTOR('',#6580,1.);
#6580 = DIRECTION('',(1.,0.,0.));
#6581 = ORIENTED_EDGE('',*,*,#6561,.T.);
#6582 = ORIENTED_EDGE('',*,*,#5850,.T.);
#6583 = PLANE('',#6584);
#6584 = AXIS2_PLACEMENT_3D('',#6585,#6586,#6587);
#6585 = CARTESIAN_POINT('',(-0.725,-0.7754,3.05));
#6586 = DIRECTION('',(0.,1.,0.));
#6587 = DIRECTION('',(0.,0.,-1.));
#6588 = ADVANCED_FACE('',(#6589),#6614,.T.);
#6589 = FACE_BOUND('',#6590,.T.);
#6590 = EDGE_LOOP('',(#6591,#6599,#6600,#6608));
#6591 = ORIENTED_EDGE('',*,*,#6592,.F.);
#6592 = EDGE_CURVE('',#5875,#6593,#6595,.T.);
#6593 = VERTEX_POINT('',#6594);
#6594 = CARTESIAN_POINT('',(0.525,-1.1054,3.45));
#6595 = LINE('',#6596,#6597);
#6596 = CARTESIAN_POINT('',(0.525,-1.1054,0.65));
#6597 = VECTOR('',#6598,1.);
#6598 = DIRECTION('',(0.,0.,1.));
#6599 = ORIENTED_EDGE('',*,*,#5874,.T.);
#6600 = ORIENTED_EDGE('',*,*,#6601,.T.);
#6601 = EDGE_CURVE('',#5877,#6602,#6604,.T.);
#6602 = VERTEX_POINT('',#6603);
#6603 = CARTESIAN_POINT('',(0.725,-1.1054,3.45));
#6604 = LINE('',#6605,#6606);
#6605 = CARTESIAN_POINT('',(0.725,-1.1054,0.65));
#6606 = VECTOR('',#6607,1.);
#6607 = DIRECTION('',(0.,0.,1.));
#6608 = ORIENTED_EDGE('',*,*,#6609,.F.);
#6609 = EDGE_CURVE('',#6593,#6602,#6610,.T.);
#6610 = LINE('',#6611,#6612);
#6611 = CARTESIAN_POINT('',(0.525,-1.1054,3.45));
#6612 = VECTOR('',#6613,1.);
#6613 = DIRECTION('',(1.,0.,0.));
#6614 = PLANE('',#6615);
#6615 = AXIS2_PLACEMENT_3D('',#6616,#6617,#6618);
#6616 = CARTESIAN_POINT('',(0.525,-1.1054,0.65));
#6617 = DIRECTION('',(0.,-1.,0.));
#6618 = DIRECTION('',(0.,0.,1.));
#6619 = ADVANCED_FACE('',(#6620),#6646,.F.);
#6620 = FACE_BOUND('',#6621,.F.);
#6621 = EDGE_LOOP('',(#6622,#6623,#6624,#6632,#6640));
#6622 = ORIENTED_EDGE('',*,*,#5900,.T.);
#6623 = ORIENTED_EDGE('',*,*,#6601,.T.);
#6624 = ORIENTED_EDGE('',*,*,#6625,.T.);
#6625 = EDGE_CURVE('',#6602,#6626,#6628,.T.);
#6626 = VERTEX_POINT('',#6627);
#6627 = CARTESIAN_POINT('',(0.725,-0.9354,3.45));
#6628 = LINE('',#6629,#6630);
#6629 = CARTESIAN_POINT('',(0.725,-1.1054,3.45));
#6630 = VECTOR('',#6631,1.);
#6631 = DIRECTION('',(0.,1.,0.));
#6632 = ORIENTED_EDGE('',*,*,#6633,.T.);
#6633 = EDGE_CURVE('',#6626,#6634,#6636,.T.);
#6634 = VERTEX_POINT('',#6635);
#6635 = CARTESIAN_POINT('',(0.725,-0.7754,3.05));
#6636 = LINE('',#6637,#6638);
#6637 = CARTESIAN_POINT('',(0.725,-0.9354,3.45));
#6638 = VECTOR('',#6639,1.);
#6639 = DIRECTION('',(0.,0.371390676354,-0.928476690885));
#6640 = ORIENTED_EDGE('',*,*,#6641,.T.);
#6641 = EDGE_CURVE('',#6634,#5893,#6642,.T.);
#6642 = LINE('',#6643,#6644);
#6643 = CARTESIAN_POINT('',(0.725,-0.7754,3.05));
#6644 = VECTOR('',#6645,1.);
#6645 = DIRECTION('',(0.,0.,-1.));
#6646 = PLANE('',#6647);
#6647 = AXIS2_PLACEMENT_3D('',#6648,#6649,#6650);
#6648 = CARTESIAN_POINT('',(0.725,-0.665633686553,1.517013518288));
#6649 = DIRECTION('',(-1.,-0.,-0.));
#6650 = DIRECTION('',(0.,0.,-1.));
#6651 = ADVANCED_FACE('',(#6652),#6670,.T.);
#6652 = FACE_BOUND('',#6653,.T.);
#6653 = EDGE_LOOP('',(#6654,#6662,#6668,#6669));
#6654 = ORIENTED_EDGE('',*,*,#6655,.F.);
#6655 = EDGE_CURVE('',#6656,#5885,#6658,.T.);
#6656 = VERTEX_POINT('',#6657);
#6657 = CARTESIAN_POINT('',(0.525,-0.7754,3.05));
#6658 = LINE('',#6659,#6660);
#6659 = CARTESIAN_POINT('',(0.525,-0.7754,3.05));
#6660 = VECTOR('',#6661,1.);
#6661 = DIRECTION('',(0.,0.,-1.));
#6662 = ORIENTED_EDGE('',*,*,#6663,.T.);
#6663 = EDGE_CURVE('',#6656,#6634,#6664,.T.);
#6664 = LINE('',#6665,#6666);
#6665 = CARTESIAN_POINT('',(0.525,-0.7754,3.05));
#6666 = VECTOR('',#6667,1.);
#6667 = DIRECTION('',(1.,0.,0.));
#6668 = ORIENTED_EDGE('',*,*,#6641,.T.);
#6669 = ORIENTED_EDGE('',*,*,#5892,.T.);
#6670 = PLANE('',#6671);
#6671 = AXIS2_PLACEMENT_3D('',#6672,#6673,#6674);
#6672 = CARTESIAN_POINT('',(0.525,-0.7754,3.05));
#6673 = DIRECTION('',(0.,1.,0.));
#6674 = DIRECTION('',(0.,0.,-1.));
#6675 = ADVANCED_FACE('',(#6676),#6695,.T.);
#6676 = FACE_BOUND('',#6677,.T.);
#6677 = EDGE_LOOP('',(#6678,#6679,#6680,#6688,#6694));
#6678 = ORIENTED_EDGE('',*,*,#5884,.T.);
#6679 = ORIENTED_EDGE('',*,*,#6592,.T.);
#6680 = ORIENTED_EDGE('',*,*,#6681,.T.);
#6681 = EDGE_CURVE('',#6593,#6682,#6684,.T.);
#6682 = VERTEX_POINT('',#6683);
#6683 = CARTESIAN_POINT('',(0.525,-0.9354,3.45));
#6684 = LINE('',#6685,#6686);
#6685 = CARTESIAN_POINT('',(0.525,-1.1054,3.45));
#6686 = VECTOR('',#6687,1.);
#6687 = DIRECTION('',(0.,1.,0.));
#6688 = ORIENTED_EDGE('',*,*,#6689,.T.);
#6689 = EDGE_CURVE('',#6682,#6656,#6690,.T.);
#6690 = LINE('',#6691,#6692);
#6691 = CARTESIAN_POINT('',(0.525,-0.9354,3.45));
#6692 = VECTOR('',#6693,1.);
#6693 = DIRECTION('',(0.,0.371390676354,-0.928476690885));
#6694 = ORIENTED_EDGE('',*,*,#6655,.T.);
#6695 = PLANE('',#6696);
#6696 = AXIS2_PLACEMENT_3D('',#6697,#6698,#6699);
#6697 = CARTESIAN_POINT('',(0.525,-0.665633686553,1.517013518288));
#6698 = DIRECTION('',(-1.,-0.,-0.));
#6699 = DIRECTION('',(0.,0.,-1.));
#6700 = ADVANCED_FACE('',(#6701),#6707,.T.);
#6701 = FACE_BOUND('',#6702,.T.);
#6702 = EDGE_LOOP('',(#6703,#6704,#6705,#6706));
#6703 = ORIENTED_EDGE('',*,*,#6466,.T.);
#6704 = ORIENTED_EDGE('',*,*,#5924,.T.);
#6705 = ORIENTED_EDGE('',*,*,#5980,.F.);
#6706 = ORIENTED_EDGE('',*,*,#6108,.F.);
#6707 = PLANE('',#6708);
#6708 = AXIS2_PLACEMENT_3D('',#6709,#6710,#6711);
#6709 = CARTESIAN_POINT('',(0.525,-3.54E-02,3.2));
#6710 = DIRECTION('',(0.,0.,-1.));
#6711 = DIRECTION('',(0.,-1.,0.));
#6712 = ADVANCED_FACE('',(#6713),#6719,.T.);
#6713 = FACE_BOUND('',#6714,.T.);
#6714 = EDGE_LOOP('',(#6715,#6716,#6717,#6718));
#6715 = ORIENTED_EDGE('',*,*,#6449,.T.);
#6716 = ORIENTED_EDGE('',*,*,#6133,.T.);
#6717 = ORIENTED_EDGE('',*,*,#6038,.F.);
#6718 = ORIENTED_EDGE('',*,*,#6016,.F.);
#6719 = PLANE('',#6720);
#6720 = AXIS2_PLACEMENT_3D('',#6721,#6722,#6723);
#6721 = CARTESIAN_POINT('',(-0.725,-3.54E-02,3.2));
#6722 = DIRECTION('',(0.,0.,-1.));
#6723 = DIRECTION('',(0.,-1.,0.));
#6724 = ADVANCED_FACE('',(#6725),#6736,.T.);
#6725 = FACE_BOUND('',#6726,.T.);
#6726 = EDGE_LOOP('',(#6727,#6733,#6734,#6735));
#6727 = ORIENTED_EDGE('',*,*,#6728,.T.);
#6728 = EDGE_CURVE('',#6490,#6546,#6729,.T.);
#6729 = LINE('',#6730,#6731);
#6730 = CARTESIAN_POINT('',(-0.725,-0.9354,3.45));
#6731 = VECTOR('',#6732,1.);
#6732 = DIRECTION('',(1.,0.,0.));
#6733 = ORIENTED_EDGE('',*,*,#6553,.T.);
#6734 = ORIENTED_EDGE('',*,*,#6576,.F.);
#6735 = ORIENTED_EDGE('',*,*,#6497,.F.);
#6736 = PLANE('',#6737);
#6737 = AXIS2_PLACEMENT_3D('',#6738,#6739,#6740);
#6738 = CARTESIAN_POINT('',(-0.725,-0.9354,3.45));
#6739 = DIRECTION('',(0.,0.928476690885,0.371390676354));
#6740 = DIRECTION('',(0.,0.371390676354,-0.928476690885));
#6741 = ADVANCED_FACE('',(#6742),#6748,.T.);
#6742 = FACE_BOUND('',#6743,.T.);
#6743 = EDGE_LOOP('',(#6744,#6745,#6746,#6747));
#6744 = ORIENTED_EDGE('',*,*,#6529,.T.);
#6745 = ORIENTED_EDGE('',*,*,#6545,.T.);
#6746 = ORIENTED_EDGE('',*,*,#6728,.F.);
#6747 = ORIENTED_EDGE('',*,*,#6489,.F.);
#6748 = PLANE('',#6749);
#6749 = AXIS2_PLACEMENT_3D('',#6750,#6751,#6752);
#6750 = CARTESIAN_POINT('',(-0.725,-1.1054,3.45));
#6751 = DIRECTION('',(0.,0.,1.));
#6752 = DIRECTION('',(0.,1.,0.));
#6753 = ADVANCED_FACE('',(#6754),#6765,.T.);
#6754 = FACE_BOUND('',#6755,.T.);
#6755 = EDGE_LOOP('',(#6756,#6757,#6758,#6764));
#6756 = ORIENTED_EDGE('',*,*,#6609,.T.);
#6757 = ORIENTED_EDGE('',*,*,#6625,.T.);
#6758 = ORIENTED_EDGE('',*,*,#6759,.F.);
#6759 = EDGE_CURVE('',#6682,#6626,#6760,.T.);
#6760 = LINE('',#6761,#6762);
#6761 = CARTESIAN_POINT('',(0.525,-0.9354,3.45));
#6762 = VECTOR('',#6763,1.);
#6763 = DIRECTION('',(1.,0.,0.));
#6764 = ORIENTED_EDGE('',*,*,#6681,.F.);
#6765 = PLANE('',#6766);
#6766 = AXIS2_PLACEMENT_3D('',#6767,#6768,#6769);
#6767 = CARTESIAN_POINT('',(0.525,-1.1054,3.45));
#6768 = DIRECTION('',(0.,0.,1.));
#6769 = DIRECTION('',(0.,1.,0.));
#6770 = ADVANCED_FACE('',(#6771),#6777,.T.);
#6771 = FACE_BOUND('',#6772,.T.);
#6772 = EDGE_LOOP('',(#6773,#6774,#6775,#6776));
#6773 = ORIENTED_EDGE('',*,*,#6759,.T.);
#6774 = ORIENTED_EDGE('',*,*,#6633,.T.);
#6775 = ORIENTED_EDGE('',*,*,#6663,.F.);
#6776 = ORIENTED_EDGE('',*,*,#6689,.F.);
#6777 = PLANE('',#6778);
#6778 = AXIS2_PLACEMENT_3D('',#6779,#6780,#6781);
#6779 = CARTESIAN_POINT('',(0.525,-0.9354,3.45));
#6780 = DIRECTION('',(0.,0.928476690885,0.371390676354));
#6781 = DIRECTION('',(0.,0.371390676354,-0.928476690885));
#6782 = ( GEOMETRIC_REPRESENTATION_CONTEXT(3) 
GLOBAL_UNCERTAINTY_ASSIGNED_CONTEXT((#6786)) 
GLOBAL_UNIT_ASSIGNED_CONTEXT((#6783,#6784,#6785)) REPRESENTATION_CONTEXT
('Context #1','3D Context with UNIT and UNCERTAINTY') );
#6783 = ( LENGTH_UNIT() NAMED_UNIT(*) SI_UNIT(.MILLI.,.METRE.) );
#6784 = ( NAMED_UNIT(*) PLANE_ANGLE_UNIT() SI_UNIT($,.RADIAN.) );
#6785 = ( NAMED_UNIT(*) SI_UNIT($,.STERADIAN.) SOLID_ANGLE_UNIT() );
#6786 = UNCERTAINTY_MEASURE_WITH_UNIT(LENGTH_MEASURE(1.E-07),#6783,
  'distance_accuracy_value','confusion accuracy');
#6787 = CONTEXT_DEPENDENT_SHAPE_REPRESENTATION(#6788,#6790);
#6788 = ( REPRESENTATION_RELATIONSHIP('','',#2676,#2653) 
REPRESENTATION_RELATIONSHIP_WITH_TRANSFORMATION(#6789) 
SHAPE_REPRESENTATION_RELATIONSHIP() );
#6789 = ITEM_DEFINED_TRANSFORMATION('','',#11,#2654);
#6790 = PRODUCT_DEFINITION_SHAPE('Placement','Placement of an item',
  #6791);
#6791 = NEXT_ASSEMBLY_USAGE_OCCURRENCE('20','=>[0:1:1:13]','',#2648,
  #2671,$);
#6792 = PRODUCT_RELATED_PRODUCT_CATEGORY('part',$,(#2673));
#6793 = CONTEXT_DEPENDENT_SHAPE_REPRESENTATION(#6794,#6796);
#6794 = ( REPRESENTATION_RELATIONSHIP('','',#1816,#10) 
REPRESENTATION_RELATIONSHIP_WITH_TRANSFORMATION(#6795) 
SHAPE_REPRESENTATION_RELATIONSHIP() );
#6795 = ITEM_DEFINED_TRANSFORMATION('','',#11,#63);
#6796 = PRODUCT_DEFINITION_SHAPE('Placement','Placement of an item',
  #6797);
#6797 = NEXT_ASSEMBLY_USAGE_OCCURRENCE('22','TH1','',#5,#1811,$);
#6798 = SHAPE_DEFINITION_REPRESENTATION(#6799,#6805);
#6799 = PRODUCT_DEFINITION_SHAPE('','',#6800);
#6800 = PRODUCT_DEFINITION('design','',#6801,#6804);
#6801 = PRODUCT_DEFINITION_FORMATION('','',#6802);
#6802 = PRODUCT('JST_GH_BM04B-GHS-TBT_1x04-1MP_P1.25mm_Vertical',
  'JST_GH_BM04B-GHS-TBT_1x04-1MP_P1.25mm_Vertical','',(#6803));
#6803 = PRODUCT_CONTEXT('',#2,'mechanical');
#6804 = PRODUCT_DEFINITION_CONTEXT('part definition',#2,'design');
#6805 = SHAPE_REPRESENTATION('',(#11,#6806),#6810);
#6806 = AXIS2_PLACEMENT_3D('',#6807,#6808,#6809);
#6807 = CARTESIAN_POINT('',(0.,0.,0.));
#6808 = DIRECTION('',(0.,0.,1.));
#6809 = DIRECTION('',(1.,0.,-0.));
#6810 = ( GEOMETRIC_REPRESENTATION_CONTEXT(3) 
GLOBAL_UNCERTAINTY_ASSIGNED_CONTEXT((#6814)) 
GLOBAL_UNIT_ASSIGNED_CONTEXT((#6811,#6812,#6813)) REPRESENTATION_CONTEXT
('Context #1','3D Context with UNIT and UNCERTAINTY') );
#6811 = ( LENGTH_UNIT() NAMED_UNIT(*) SI_UNIT(.MILLI.,.METRE.) );
#6812 = ( NAMED_UNIT(*) PLANE_ANGLE_UNIT() SI_UNIT($,.RADIAN.) );
#6813 = ( NAMED_UNIT(*) SI_UNIT($,.STERADIAN.) SOLID_ANGLE_UNIT() );
#6814 = UNCERTAINTY_MEASURE_WITH_UNIT(LENGTH_MEASURE(1.E-07),#6811,
  'distance_accuracy_value','confusion accuracy');
#6815 = CONTEXT_DEPENDENT_SHAPE_REPRESENTATION(#6816,#6818);
#6816 = ( REPRESENTATION_RELATIONSHIP('','',#6805,#10) 
REPRESENTATION_RELATIONSHIP_WITH_TRANSFORMATION(#6817) 
SHAPE_REPRESENTATION_RELATIONSHIP() );
#6817 = ITEM_DEFINED_TRANSFORMATION('','',#11,#67);
#6818 = PRODUCT_DEFINITION_SHAPE('Placement','Placement of an item',
  #6819);
#6819 = NEXT_ASSEMBLY_USAGE_OCCURRENCE('24','J1','',#5,#6800,$);
#6820 = PRODUCT_RELATED_PRODUCT_CATEGORY('part',$,(#6802));
#6821 = SHAPE_DEFINITION_REPRESENTATION(#6822,#6828);
#6822 = PRODUCT_DEFINITION_SHAPE('','',#6823);
#6823 = PRODUCT_DEFINITION('design','',#6824,#6827);
#6824 = PRODUCT_DEFINITION_FORMATION('','',#6825);
#6825 = PRODUCT('JST_BM04B_GHS_TBT','JST_BM04B_GHS_TBT','',(#6826));
#6826 = PRODUCT_CONTEXT('',#2,'mechanical');
#6827 = PRODUCT_DEFINITION_CONTEXT('part definition',#2,'design');
#6828 = ADVANCED_BREP_SHAPE_REPRESENTATION('',(#11,#6829),#12898);
#6829 = MANIFOLD_SOLID_BREP('',#6830);
#6830 = CLOSED_SHELL('',(#6831,#6967,#7030,#7054,#7078,#7102,#7126,#7597
    ,#7669,#7693,#7733,#7757,#7797,#7894,#8046,#8078,#8166,#8183,#8264,
    #8288,#8321,#8335,#8352,#8374,#8391,#8442,#8454,#8485,#8509,#8533,
    #8557,#8581,#8605,#8629,#8653,#8677,#8701,#8733,#8757,#8797,#8829,
    #8853,#8893,#8933,#8957,#8989,#9029,#9053,#9085,#9109,#9133,#9157,
    #9181,#9213,#9237,#9277,#9309,#9333,#9373,#9413,#9437,#9469,#9509,
    #9533,#9565,#9589,#9606,#9637,#9661,#9685,#9702,#9733,#9757,#9781,
    #9798,#9830,#9854,#9886,#9923,#9947,#9964,#9988,#10012,#10043,#10076
    ,#10141,#10165,#10235,#10261,#10326,#10350,#10420,#10446,#10511,
    #10535,#10605,#10631,#10696,#10720,#10790,#10803,#10820,#10837,
    #10854,#10871,#10888,#10900,#10940,#10957,#10980,#11004,#11020,
    #11032,#11292,#11324,#11341,#11358,#11384,#11416,#11447,#11464,
    #11476,#11501,#11526,#11558,#11575,#11592,#11618,#11650,#11681,
    #11698,#11710,#11735,#11760,#11772,#11784,#11808,#11838,#11855,
    #11868,#11886,#11898,#11920,#11932,#11949,#11966,#11978,#12000,
    #12012,#12029,#12046,#12058,#12080,#12092,#12109,#12126,#12138,
    #12160,#12172,#12189,#12206,#12218,#12235,#12252,#12269,#12286,
    #12317,#12349,#12373,#12398,#12429,#12461,#12485,#12510,#12541,
    #12573,#12597,#12622,#12661,#12685,#12717,#12734,#12746,#12758,
    #12770,#12782,#12799,#12811,#12828,#12840,#12857,#12869,#12886));
#6831 = ADVANCED_FACE('',(#6832),#6962,.F.);
#6832 = FACE_BOUND('',#6833,.F.);
#6833 = EDGE_LOOP('',(#6834,#6844,#6852,#6860,#6868,#6876,#6884,#6892,
    #6900,#6908,#6916,#6924,#6932,#6940,#6948,#6956));
#6834 = ORIENTED_EDGE('',*,*,#6835,.F.);
#6835 = EDGE_CURVE('',#6836,#6838,#6840,.T.);
#6836 = VERTEX_POINT('',#6837);
#6837 = CARTESIAN_POINT('',(-4.125,-1.775,0.8));
#6838 = VERTEX_POINT('',#6839);
#6839 = CARTESIAN_POINT('',(-4.125,-1.775,1.95));
#6840 = LINE('',#6841,#6842);
#6841 = CARTESIAN_POINT('',(-4.125,-1.775,0.15));
#6842 = VECTOR('',#6843,1.);
#6843 = DIRECTION('',(0.,0.,1.));
#6844 = ORIENTED_EDGE('',*,*,#6845,.F.);
#6845 = EDGE_CURVE('',#6846,#6836,#6848,.T.);
#6846 = VERTEX_POINT('',#6847);
#6847 = CARTESIAN_POINT('',(-4.125,-1.575,0.8));
#6848 = LINE('',#6849,#6850);
#6849 = CARTESIAN_POINT('',(-4.125,-1.575,0.8));
#6850 = VECTOR('',#6851,1.);
#6851 = DIRECTION('',(0.,-1.,0.));
#6852 = ORIENTED_EDGE('',*,*,#6853,.F.);
#6853 = EDGE_CURVE('',#6854,#6846,#6856,.T.);
#6854 = VERTEX_POINT('',#6855);
#6855 = CARTESIAN_POINT('',(-4.125,-1.575,0.65));
#6856 = LINE('',#6857,#6858);
#6857 = CARTESIAN_POINT('',(-4.125,-1.575,0.65));
#6858 = VECTOR('',#6859,1.);
#6859 = DIRECTION('',(0.,0.,1.));
#6860 = ORIENTED_EDGE('',*,*,#6861,.F.);
#6861 = EDGE_CURVE('',#6862,#6854,#6864,.T.);
#6862 = VERTEX_POINT('',#6863);
#6863 = CARTESIAN_POINT('',(-4.125,-0.825,0.65));
#6864 = LINE('',#6865,#6866);
#6865 = CARTESIAN_POINT('',(-4.125,-0.825,0.65));
#6866 = VECTOR('',#6867,1.);
#6867 = DIRECTION('',(0.,-1.,0.));
#6868 = ORIENTED_EDGE('',*,*,#6869,.F.);
#6869 = EDGE_CURVE('',#6870,#6862,#6872,.T.);
#6870 = VERTEX_POINT('',#6871);
#6871 = CARTESIAN_POINT('',(-4.125,-0.825,0.15));
#6872 = LINE('',#6873,#6874);
#6873 = CARTESIAN_POINT('',(-4.125,-0.825,0.15));
#6874 = VECTOR('',#6875,1.);
#6875 = DIRECTION('',(0.,0.,1.));
#6876 = ORIENTED_EDGE('',*,*,#6877,.T.);
#6877 = EDGE_CURVE('',#6870,#6878,#6880,.T.);
#6878 = VERTEX_POINT('',#6879);
#6879 = CARTESIAN_POINT('',(-4.125,0.225,0.15));
#6880 = LINE('',#6881,#6882);
#6881 = CARTESIAN_POINT('',(-4.125,-1.775,0.15));
#6882 = VECTOR('',#6883,1.);
#6883 = DIRECTION('',(0.,1.,0.));
#6884 = ORIENTED_EDGE('',*,*,#6885,.T.);
#6885 = EDGE_CURVE('',#6878,#6886,#6888,.T.);
#6886 = VERTEX_POINT('',#6887);
#6887 = CARTESIAN_POINT('',(-4.125,0.225,0.75));
#6888 = LINE('',#6889,#6890);
#6889 = CARTESIAN_POINT('',(-4.125,0.225,0.15));
#6890 = VECTOR('',#6891,1.);
#6891 = DIRECTION('',(0.,0.,1.));
#6892 = ORIENTED_EDGE('',*,*,#6893,.T.);
#6893 = EDGE_CURVE('',#6886,#6894,#6896,.T.);
#6894 = VERTEX_POINT('',#6895);
#6895 = CARTESIAN_POINT('',(-4.125,1.825,0.75));
#6896 = LINE('',#6897,#6898);
#6897 = CARTESIAN_POINT('',(-4.125,0.225,0.75));
#6898 = VECTOR('',#6899,1.);
#6899 = DIRECTION('',(0.,1.,0.));
#6900 = ORIENTED_EDGE('',*,*,#6901,.T.);
#6901 = EDGE_CURVE('',#6894,#6902,#6904,.T.);
#6902 = VERTEX_POINT('',#6903);
#6903 = CARTESIAN_POINT('',(-4.125,1.825,2.05));
#6904 = LINE('',#6905,#6906);
#6905 = CARTESIAN_POINT('',(-4.125,1.825,0.75));
#6906 = VECTOR('',#6907,1.);
#6907 = DIRECTION('',(0.,0.,1.));
#6908 = ORIENTED_EDGE('',*,*,#6909,.T.);
#6909 = EDGE_CURVE('',#6902,#6910,#6912,.T.);
#6910 = VERTEX_POINT('',#6911);
#6911 = CARTESIAN_POINT('',(-4.125,2.475,2.05));
#6912 = LINE('',#6913,#6914);
#6913 = CARTESIAN_POINT('',(-4.125,1.825,2.05));
#6914 = VECTOR('',#6915,1.);
#6915 = DIRECTION('',(0.,1.,0.));
#6916 = ORIENTED_EDGE('',*,*,#6917,.T.);
#6917 = EDGE_CURVE('',#6910,#6918,#6920,.T.);
#6918 = VERTEX_POINT('',#6919);
#6919 = CARTESIAN_POINT('',(-4.125,2.475,4.2));
#6920 = LINE('',#6921,#6922);
#6921 = CARTESIAN_POINT('',(-4.125,2.475,0.15));
#6922 = VECTOR('',#6923,1.);
#6923 = DIRECTION('',(0.,0.,1.));
#6924 = ORIENTED_EDGE('',*,*,#6925,.F.);
#6925 = EDGE_CURVE('',#6926,#6918,#6928,.T.);
#6926 = VERTEX_POINT('',#6927);
#6927 = CARTESIAN_POINT('',(-4.125,0.175,4.2));
#6928 = LINE('',#6929,#6930);
#6929 = CARTESIAN_POINT('',(-4.125,-1.775,4.2));
#6930 = VECTOR('',#6931,1.);
#6931 = DIRECTION('',(0.,1.,0.));
#6932 = ORIENTED_EDGE('',*,*,#6933,.T.);
#6933 = EDGE_CURVE('',#6926,#6934,#6936,.T.);
#6934 = VERTEX_POINT('',#6935);
#6935 = CARTESIAN_POINT('',(-4.125,0.175,3.55));
#6936 = LINE('',#6937,#6938);
#6937 = CARTESIAN_POINT('',(-4.125,0.175,4.2));
#6938 = VECTOR('',#6939,1.);
#6939 = DIRECTION('',(0.,0.,-1.));
#6940 = ORIENTED_EDGE('',*,*,#6941,.T.);
#6941 = EDGE_CURVE('',#6934,#6942,#6944,.T.);
#6942 = VERTEX_POINT('',#6943);
#6943 = CARTESIAN_POINT('',(-4.125,-1.175,3.55));
#6944 = LINE('',#6945,#6946);
#6945 = CARTESIAN_POINT('',(-4.125,0.175,3.55));
#6946 = VECTOR('',#6947,1.);
#6947 = DIRECTION('',(0.,-1.,0.));
#6948 = ORIENTED_EDGE('',*,*,#6949,.T.);
#6949 = EDGE_CURVE('',#6942,#6950,#6952,.T.);
#6950 = VERTEX_POINT('',#6951);
#6951 = CARTESIAN_POINT('',(-4.125,-1.175,1.95));
#6952 = LINE('',#6953,#6954);
#6953 = CARTESIAN_POINT('',(-4.125,-1.175,3.55));
#6954 = VECTOR('',#6955,1.);
#6955 = DIRECTION('',(0.,0.,-1.));
#6956 = ORIENTED_EDGE('',*,*,#6957,.T.);
#6957 = EDGE_CURVE('',#6950,#6838,#6958,.T.);
#6958 = LINE('',#6959,#6960);
#6959 = CARTESIAN_POINT('',(-4.125,-1.175,1.95));
#6960 = VECTOR('',#6961,1.);
#6961 = DIRECTION('',(0.,-1.,0.));
#6962 = PLANE('',#6963);
#6963 = AXIS2_PLACEMENT_3D('',#6964,#6965,#6966);
#6964 = CARTESIAN_POINT('',(-4.125,-1.775,0.15));
#6965 = DIRECTION('',(1.,0.,0.));
#6966 = DIRECTION('',(0.,0.,1.));
#6967 = ADVANCED_FACE('',(#6968),#7025,.F.);
#6968 = FACE_BOUND('',#6969,.F.);
#6969 = EDGE_LOOP('',(#6970,#6978,#6979,#6987,#6995,#7003,#7011,#7019));
#6970 = ORIENTED_EDGE('',*,*,#6971,.F.);
#6971 = EDGE_CURVE('',#6836,#6972,#6974,.T.);
#6972 = VERTEX_POINT('',#6973);
#6973 = CARTESIAN_POINT('',(4.125,-1.775,0.8));
#6974 = LINE('',#6975,#6976);
#6975 = CARTESIAN_POINT('',(-4.125,-1.775,0.8));
#6976 = VECTOR('',#6977,1.);
#6977 = DIRECTION('',(1.,0.,0.));
#6978 = ORIENTED_EDGE('',*,*,#6835,.T.);
#6979 = ORIENTED_EDGE('',*,*,#6980,.T.);
#6980 = EDGE_CURVE('',#6838,#6981,#6983,.T.);
#6981 = VERTEX_POINT('',#6982);
#6982 = CARTESIAN_POINT('',(-3.625,-1.775,1.95));
#6983 = LINE('',#6984,#6985);
#6984 = CARTESIAN_POINT('',(-4.125,-1.775,1.95));
#6985 = VECTOR('',#6986,1.);
#6986 = DIRECTION('',(1.,0.,0.));
#6987 = ORIENTED_EDGE('',*,*,#6988,.T.);
#6988 = EDGE_CURVE('',#6981,#6989,#6991,.T.);
#6989 = VERTEX_POINT('',#6990);
#6990 = CARTESIAN_POINT('',(-3.625,-1.775,4.2));
#6991 = LINE('',#6992,#6993);
#6992 = CARTESIAN_POINT('',(-3.625,-1.775,1.95));
#6993 = VECTOR('',#6994,1.);
#6994 = DIRECTION('',(0.,0.,1.));
#6995 = ORIENTED_EDGE('',*,*,#6996,.T.);
#6996 = EDGE_CURVE('',#6989,#6997,#6999,.T.);
#6997 = VERTEX_POINT('',#6998);
#6998 = CARTESIAN_POINT('',(3.625,-1.775,4.2));
#6999 = LINE('',#7000,#7001);
#7000 = CARTESIAN_POINT('',(-4.125,-1.775,4.2));
#7001 = VECTOR('',#7002,1.);
#7002 = DIRECTION('',(1.,0.,0.));
#7003 = ORIENTED_EDGE('',*,*,#7004,.F.);
#7004 = EDGE_CURVE('',#7005,#6997,#7007,.T.);
#7005 = VERTEX_POINT('',#7006);
#7006 = CARTESIAN_POINT('',(3.625,-1.775,1.95));
#7007 = LINE('',#7008,#7009);
#7008 = CARTESIAN_POINT('',(3.625,-1.775,1.95));
#7009 = VECTOR('',#7010,1.);
#7010 = DIRECTION('',(0.,0.,1.));
#7011 = ORIENTED_EDGE('',*,*,#7012,.T.);
#7012 = EDGE_CURVE('',#7005,#7013,#7015,.T.);
#7013 = VERTEX_POINT('',#7014);
#7014 = CARTESIAN_POINT('',(4.125,-1.775,1.95));
#7015 = LINE('',#7016,#7017);
#7016 = CARTESIAN_POINT('',(3.625,-1.775,1.95));
#7017 = VECTOR('',#7018,1.);
#7018 = DIRECTION('',(1.,0.,0.));
#7019 = ORIENTED_EDGE('',*,*,#7020,.F.);
#7020 = EDGE_CURVE('',#6972,#7013,#7021,.T.);
#7021 = LINE('',#7022,#7023);
#7022 = CARTESIAN_POINT('',(4.125,-1.775,0.15));
#7023 = VECTOR('',#7024,1.);
#7024 = DIRECTION('',(0.,0.,1.));
#7025 = PLANE('',#7026);
#7026 = AXIS2_PLACEMENT_3D('',#7027,#7028,#7029);
#7027 = CARTESIAN_POINT('',(-4.125,-1.775,0.15));
#7028 = DIRECTION('',(0.,1.,0.));
#7029 = DIRECTION('',(0.,-0.,1.));
#7030 = ADVANCED_FACE('',(#7031),#7049,.F.);
#7031 = FACE_BOUND('',#7032,.F.);
#7032 = EDGE_LOOP('',(#7033,#7041,#7047,#7048));
#7033 = ORIENTED_EDGE('',*,*,#7034,.T.);
#7034 = EDGE_CURVE('',#6950,#7035,#7037,.T.);
#7035 = VERTEX_POINT('',#7036);
#7036 = CARTESIAN_POINT('',(-3.625,-1.175,1.95));
#7037 = LINE('',#7038,#7039);
#7038 = CARTESIAN_POINT('',(-4.125,-1.175,1.95));
#7039 = VECTOR('',#7040,1.);
#7040 = DIRECTION('',(1.,0.,0.));
#7041 = ORIENTED_EDGE('',*,*,#7042,.T.);
#7042 = EDGE_CURVE('',#7035,#6981,#7043,.T.);
#7043 = LINE('',#7044,#7045);
#7044 = CARTESIAN_POINT('',(-3.625,-1.175,1.95));
#7045 = VECTOR('',#7046,1.);
#7046 = DIRECTION('',(0.,-1.,0.));
#7047 = ORIENTED_EDGE('',*,*,#6980,.F.);
#7048 = ORIENTED_EDGE('',*,*,#6957,.F.);
#7049 = PLANE('',#7050);
#7050 = AXIS2_PLACEMENT_3D('',#7051,#7052,#7053);
#7051 = CARTESIAN_POINT('',(-4.125,-1.175,1.95));
#7052 = DIRECTION('',(0.,0.,-1.));
#7053 = DIRECTION('',(0.,-1.,0.));
#7054 = ADVANCED_FACE('',(#7055),#7073,.F.);
#7055 = FACE_BOUND('',#7056,.F.);
#7056 = EDGE_LOOP('',(#7057,#7065,#7071,#7072));
#7057 = ORIENTED_EDGE('',*,*,#7058,.T.);
#7058 = EDGE_CURVE('',#6942,#7059,#7061,.T.);
#7059 = VERTEX_POINT('',#7060);
#7060 = CARTESIAN_POINT('',(-3.625,-1.175,3.55));
#7061 = LINE('',#7062,#7063);
#7062 = CARTESIAN_POINT('',(-4.125,-1.175,3.55));
#7063 = VECTOR('',#7064,1.);
#7064 = DIRECTION('',(1.,0.,0.));
#7065 = ORIENTED_EDGE('',*,*,#7066,.T.);
#7066 = EDGE_CURVE('',#7059,#7035,#7067,.T.);
#7067 = LINE('',#7068,#7069);
#7068 = CARTESIAN_POINT('',(-3.625,-1.175,3.55));
#7069 = VECTOR('',#7070,1.);
#7070 = DIRECTION('',(0.,0.,-1.));
#7071 = ORIENTED_EDGE('',*,*,#7034,.F.);
#7072 = ORIENTED_EDGE('',*,*,#6949,.F.);
#7073 = PLANE('',#7074);
#7074 = AXIS2_PLACEMENT_3D('',#7075,#7076,#7077);
#7075 = CARTESIAN_POINT('',(-4.125,-1.175,3.55));
#7076 = DIRECTION('',(0.,1.,0.));
#7077 = DIRECTION('',(0.,0.,-1.));
#7078 = ADVANCED_FACE('',(#7079),#7097,.F.);
#7079 = FACE_BOUND('',#7080,.F.);
#7080 = EDGE_LOOP('',(#7081,#7089,#7095,#7096));
#7081 = ORIENTED_EDGE('',*,*,#7082,.T.);
#7082 = EDGE_CURVE('',#6934,#7083,#7085,.T.);
#7083 = VERTEX_POINT('',#7084);
#7084 = CARTESIAN_POINT('',(-3.625,0.175,3.55));
#7085 = LINE('',#7086,#7087);
#7086 = CARTESIAN_POINT('',(-4.125,0.175,3.55));
#7087 = VECTOR('',#7088,1.);
#7088 = DIRECTION('',(1.,0.,0.));
#7089 = ORIENTED_EDGE('',*,*,#7090,.T.);
#7090 = EDGE_CURVE('',#7083,#7059,#7091,.T.);
#7091 = LINE('',#7092,#7093);
#7092 = CARTESIAN_POINT('',(-3.625,0.175,3.55));
#7093 = VECTOR('',#7094,1.);
#7094 = DIRECTION('',(0.,-1.,0.));
#7095 = ORIENTED_EDGE('',*,*,#7058,.F.);
#7096 = ORIENTED_EDGE('',*,*,#6941,.F.);
#7097 = PLANE('',#7098);
#7098 = AXIS2_PLACEMENT_3D('',#7099,#7100,#7101);
#7099 = CARTESIAN_POINT('',(-4.125,0.175,3.55));
#7100 = DIRECTION('',(0.,0.,-1.));
#7101 = DIRECTION('',(0.,-1.,0.));
#7102 = ADVANCED_FACE('',(#7103),#7121,.F.);
#7103 = FACE_BOUND('',#7104,.F.);
#7104 = EDGE_LOOP('',(#7105,#7113,#7119,#7120));
#7105 = ORIENTED_EDGE('',*,*,#7106,.T.);
#7106 = EDGE_CURVE('',#6926,#7107,#7109,.T.);
#7107 = VERTEX_POINT('',#7108);
#7108 = CARTESIAN_POINT('',(-3.625,0.175,4.2));
#7109 = LINE('',#7110,#7111);
#7110 = CARTESIAN_POINT('',(-4.125,0.175,4.2));
#7111 = VECTOR('',#7112,1.);
#7112 = DIRECTION('',(1.,0.,0.));
#7113 = ORIENTED_EDGE('',*,*,#7114,.T.);
#7114 = EDGE_CURVE('',#7107,#7083,#7115,.T.);
#7115 = LINE('',#7116,#7117);
#7116 = CARTESIAN_POINT('',(-3.625,0.175,4.2));
#7117 = VECTOR('',#7118,1.);
#7118 = DIRECTION('',(0.,0.,-1.));
#7119 = ORIENTED_EDGE('',*,*,#7082,.F.);
#7120 = ORIENTED_EDGE('',*,*,#6933,.F.);
#7121 = PLANE('',#7122);
#7122 = AXIS2_PLACEMENT_3D('',#7123,#7124,#7125);
#7123 = CARTESIAN_POINT('',(-4.125,0.175,4.2));
#7124 = DIRECTION('',(0.,1.,0.));
#7125 = DIRECTION('',(0.,0.,-1.));
#7126 = ADVANCED_FACE('',(#7127,#7168,#7202,#7524,#7558),#7592,.T.);
#7127 = FACE_BOUND('',#7128,.T.);
#7128 = EDGE_LOOP('',(#7129,#7130,#7131,#7137,#7138,#7146,#7154,#7162));
#7129 = ORIENTED_EDGE('',*,*,#6925,.F.);
#7130 = ORIENTED_EDGE('',*,*,#7106,.T.);
#7131 = ORIENTED_EDGE('',*,*,#7132,.F.);
#7132 = EDGE_CURVE('',#6989,#7107,#7133,.T.);
#7133 = LINE('',#7134,#7135);
#7134 = CARTESIAN_POINT('',(-3.625,-1.775,4.2));
#7135 = VECTOR('',#7136,1.);
#7136 = DIRECTION('',(0.,1.,0.));
#7137 = ORIENTED_EDGE('',*,*,#6996,.T.);
#7138 = ORIENTED_EDGE('',*,*,#7139,.T.);
#7139 = EDGE_CURVE('',#6997,#7140,#7142,.T.);
#7140 = VERTEX_POINT('',#7141);
#7141 = CARTESIAN_POINT('',(3.625,0.175,4.2));
#7142 = LINE('',#7143,#7144);
#7143 = CARTESIAN_POINT('',(3.625,-1.775,4.2));
#7144 = VECTOR('',#7145,1.);
#7145 = DIRECTION('',(0.,1.,0.));
#7146 = ORIENTED_EDGE('',*,*,#7147,.T.);
#7147 = EDGE_CURVE('',#7140,#7148,#7150,.T.);
#7148 = VERTEX_POINT('',#7149);
#7149 = CARTESIAN_POINT('',(4.125,0.175,4.2));
#7150 = LINE('',#7151,#7152);
#7151 = CARTESIAN_POINT('',(3.625,0.175,4.2));
#7152 = VECTOR('',#7153,1.);
#7153 = DIRECTION('',(1.,0.,0.));
#7154 = ORIENTED_EDGE('',*,*,#7155,.T.);
#7155 = EDGE_CURVE('',#7148,#7156,#7158,.T.);
#7156 = VERTEX_POINT('',#7157);
#7157 = CARTESIAN_POINT('',(4.125,2.475,4.2));
#7158 = LINE('',#7159,#7160);
#7159 = CARTESIAN_POINT('',(4.125,-1.775,4.2));
#7160 = VECTOR('',#7161,1.);
#7161 = DIRECTION('',(0.,1.,0.));
#7162 = ORIENTED_EDGE('',*,*,#7163,.F.);
#7163 = EDGE_CURVE('',#6918,#7156,#7164,.T.);
#7164 = LINE('',#7165,#7166);
#7165 = CARTESIAN_POINT('',(-4.125,2.475,4.2));
#7166 = VECTOR('',#7167,1.);
#7167 = DIRECTION('',(1.,0.,0.));
#7168 = FACE_BOUND('',#7169,.T.);
#7169 = EDGE_LOOP('',(#7170,#7180,#7188,#7196));
#7170 = ORIENTED_EDGE('',*,*,#7171,.T.);
#7171 = EDGE_CURVE('',#7172,#7174,#7176,.T.);
#7172 = VERTEX_POINT('',#7173);
#7173 = CARTESIAN_POINT('',(-2.225,0.67,4.2));
#7174 = VERTEX_POINT('',#7175);
#7175 = CARTESIAN_POINT('',(-2.225,2.07,4.2));
#7176 = LINE('',#7177,#7178);
#7177 = CARTESIAN_POINT('',(-2.225,0.67,4.2));
#7178 = VECTOR('',#7179,1.);
#7179 = DIRECTION('',(0.,1.,0.));
#7180 = ORIENTED_EDGE('',*,*,#7181,.T.);
#7181 = EDGE_CURVE('',#7174,#7182,#7184,.T.);
#7182 = VERTEX_POINT('',#7183);
#7183 = CARTESIAN_POINT('',(2.225,2.07,4.2));
#7184 = LINE('',#7185,#7186);
#7185 = CARTESIAN_POINT('',(-2.225,2.07,4.2));
#7186 = VECTOR('',#7187,1.);
#7187 = DIRECTION('',(1.,0.,0.));
#7188 = ORIENTED_EDGE('',*,*,#7189,.F.);
#7189 = EDGE_CURVE('',#7190,#7182,#7192,.T.);
#7190 = VERTEX_POINT('',#7191);
#7191 = CARTESIAN_POINT('',(2.225,0.67,4.2));
#7192 = LINE('',#7193,#7194);
#7193 = CARTESIAN_POINT('',(2.225,0.67,4.2));
#7194 = VECTOR('',#7195,1.);
#7195 = DIRECTION('',(0.,1.,0.));
#7196 = ORIENTED_EDGE('',*,*,#7197,.F.);
#7197 = EDGE_CURVE('',#7172,#7190,#7198,.T.);
#7198 = LINE('',#7199,#7200);
#7199 = CARTESIAN_POINT('',(-2.225,0.67,4.2));
#7200 = VECTOR('',#7201,1.);
#7201 = DIRECTION('',(1.,0.,0.));
#7202 = FACE_BOUND('',#7203,.T.);
#7203 = EDGE_LOOP('',(#7204,#7214,#7222,#7230,#7238,#7246,#7254,#7262,
    #7270,#7278,#7286,#7294,#7302,#7310,#7318,#7326,#7334,#7342,#7350,
    #7358,#7366,#7374,#7382,#7390,#7398,#7406,#7414,#7422,#7430,#7438,
    #7446,#7454,#7462,#7470,#7478,#7486,#7494,#7502,#7510,#7518));
#7204 = ORIENTED_EDGE('',*,*,#7205,.F.);
#7205 = EDGE_CURVE('',#7206,#7208,#7210,.T.);
#7206 = VERTEX_POINT('',#7207);
#7207 = CARTESIAN_POINT('',(3.125,-1.175,4.2));
#7208 = VERTEX_POINT('',#7209);
#7209 = CARTESIAN_POINT('',(3.125,0.875,4.2));
#7210 = LINE('',#7211,#7212);
#7211 = CARTESIAN_POINT('',(3.125,-1.175,4.2));
#7212 = VECTOR('',#7213,1.);
#7213 = DIRECTION('',(0.,1.,0.));
#7214 = ORIENTED_EDGE('',*,*,#7215,.F.);
#7215 = EDGE_CURVE('',#7216,#7206,#7218,.T.);
#7216 = VERTEX_POINT('',#7217);
#7217 = CARTESIAN_POINT('',(-3.125,-1.175,4.2));
#7218 = LINE('',#7219,#7220);
#7219 = CARTESIAN_POINT('',(-3.125,-1.175,4.2));
#7220 = VECTOR('',#7221,1.);
#7221 = DIRECTION('',(1.,0.,0.));
#7222 = ORIENTED_EDGE('',*,*,#7223,.F.);
#7223 = EDGE_CURVE('',#7224,#7216,#7226,.T.);
#7224 = VERTEX_POINT('',#7225);
#7225 = CARTESIAN_POINT('',(-3.125,0.875,4.2));
#7226 = LINE('',#7227,#7228);
#7227 = CARTESIAN_POINT('',(-3.125,0.875,4.2));
#7228 = VECTOR('',#7229,1.);
#7229 = DIRECTION('',(0.,-1.,0.));
#7230 = ORIENTED_EDGE('',*,*,#7231,.F.);
#7231 = EDGE_CURVE('',#7232,#7224,#7234,.T.);
#7232 = VERTEX_POINT('',#7233);
#7233 = CARTESIAN_POINT('',(-2.625,0.875,4.2));
#7234 = LINE('',#7235,#7236);
#7235 = CARTESIAN_POINT('',(-2.625,0.875,4.2));
#7236 = VECTOR('',#7237,1.);
#7237 = DIRECTION('',(-1.,0.,0.));
#7238 = ORIENTED_EDGE('',*,*,#7239,.F.);
#7239 = EDGE_CURVE('',#7240,#7232,#7242,.T.);
#7240 = VERTEX_POINT('',#7241);
#7241 = CARTESIAN_POINT('',(-2.625,0.375,4.2));
#7242 = LINE('',#7243,#7244);
#7243 = CARTESIAN_POINT('',(-2.625,0.375,4.2));
#7244 = VECTOR('',#7245,1.);
#7245 = DIRECTION('',(0.,1.,0.));
#7246 = ORIENTED_EDGE('',*,*,#7247,.F.);
#7247 = EDGE_CURVE('',#7248,#7240,#7250,.T.);
#7248 = VERTEX_POINT('',#7249);
#7249 = CARTESIAN_POINT('',(-2.125,0.375,4.2));
#7250 = LINE('',#7251,#7252);
#7251 = CARTESIAN_POINT('',(-2.125,0.375,4.2));
#7252 = VECTOR('',#7253,1.);
#7253 = DIRECTION('',(-1.,0.,0.));
#7254 = ORIENTED_EDGE('',*,*,#7255,.F.);
#7255 = EDGE_CURVE('',#7256,#7248,#7258,.T.);
#7256 = VERTEX_POINT('',#7257);
#7257 = CARTESIAN_POINT('',(-2.125,0.175,4.2));
#7258 = LINE('',#7259,#7260);
#7259 = CARTESIAN_POINT('',(-2.125,0.175,4.2));
#7260 = VECTOR('',#7261,1.);
#7261 = DIRECTION('',(0.,1.,0.));
#7262 = ORIENTED_EDGE('',*,*,#7263,.F.);
#7263 = EDGE_CURVE('',#7264,#7256,#7266,.T.);
#7264 = VERTEX_POINT('',#7265);
#7265 = CARTESIAN_POINT('',(-1.975,0.175,4.2));
#7266 = LINE('',#7267,#7268);
#7267 = CARTESIAN_POINT('',(-1.975,0.175,4.2));
#7268 = VECTOR('',#7269,1.);
#7269 = DIRECTION('',(-1.,0.,0.));
#7270 = ORIENTED_EDGE('',*,*,#7271,.F.);
#7271 = EDGE_CURVE('',#7272,#7264,#7274,.T.);
#7272 = VERTEX_POINT('',#7273);
#7273 = CARTESIAN_POINT('',(-1.975,0.375,4.2));
#7274 = LINE('',#7275,#7276);
#7275 = CARTESIAN_POINT('',(-1.975,0.375,4.2));
#7276 = VECTOR('',#7277,1.);
#7277 = DIRECTION('',(0.,-1.,0.));
#7278 = ORIENTED_EDGE('',*,*,#7279,.F.);
#7279 = EDGE_CURVE('',#7280,#7272,#7282,.T.);
#7280 = VERTEX_POINT('',#7281);
#7281 = CARTESIAN_POINT('',(-1.775,0.375,4.2));
#7282 = LINE('',#7283,#7284);
#7283 = CARTESIAN_POINT('',(-1.775,0.375,4.2));
#7284 = VECTOR('',#7285,1.);
#7285 = DIRECTION('',(-1.,0.,0.));
#7286 = ORIENTED_EDGE('',*,*,#7287,.F.);
#7287 = EDGE_CURVE('',#7288,#7280,#7290,.T.);
#7288 = VERTEX_POINT('',#7289);
#7289 = CARTESIAN_POINT('',(-1.775,0.175,4.2));
#7290 = LINE('',#7291,#7292);
#7291 = CARTESIAN_POINT('',(-1.775,0.175,4.2));
#7292 = VECTOR('',#7293,1.);
#7293 = DIRECTION('',(0.,1.,0.));
#7294 = ORIENTED_EDGE('',*,*,#7295,.F.);
#7295 = EDGE_CURVE('',#7296,#7288,#7298,.T.);
#7296 = VERTEX_POINT('',#7297);
#7297 = CARTESIAN_POINT('',(-1.625,0.175,4.2));
#7298 = LINE('',#7299,#7300);
#7299 = CARTESIAN_POINT('',(-1.625,0.175,4.2));
#7300 = VECTOR('',#7301,1.);
#7301 = DIRECTION('',(-1.,0.,0.));
#7302 = ORIENTED_EDGE('',*,*,#7303,.F.);
#7303 = EDGE_CURVE('',#7304,#7296,#7306,.T.);
#7304 = VERTEX_POINT('',#7305);
#7305 = CARTESIAN_POINT('',(-1.625,0.375,4.2));
#7306 = LINE('',#7307,#7308);
#7307 = CARTESIAN_POINT('',(-1.625,0.375,4.2));
#7308 = VECTOR('',#7309,1.);
#7309 = DIRECTION('',(0.,-1.,0.));
#7310 = ORIENTED_EDGE('',*,*,#7311,.F.);
#7311 = EDGE_CURVE('',#7312,#7304,#7314,.T.);
#7312 = VERTEX_POINT('',#7313);
#7313 = CARTESIAN_POINT('',(-0.875,0.375,4.2));
#7314 = LINE('',#7315,#7316);
#7315 = CARTESIAN_POINT('',(-0.875,0.375,4.2));
#7316 = VECTOR('',#7317,1.);
#7317 = DIRECTION('',(-1.,0.,0.));
#7318 = ORIENTED_EDGE('',*,*,#7319,.F.);
#7319 = EDGE_CURVE('',#7320,#7312,#7322,.T.);
#7320 = VERTEX_POINT('',#7321);
#7321 = CARTESIAN_POINT('',(-0.875,0.175,4.2));
#7322 = LINE('',#7323,#7324);
#7323 = CARTESIAN_POINT('',(-0.875,0.175,4.2));
#7324 = VECTOR('',#7325,1.);
#7325 = DIRECTION('',(0.,1.,0.));
#7326 = ORIENTED_EDGE('',*,*,#7327,.F.);
#7327 = EDGE_CURVE('',#7328,#7320,#7330,.T.);
#7328 = VERTEX_POINT('',#7329);
#7329 = CARTESIAN_POINT('',(-0.725,0.175,4.2));
#7330 = LINE('',#7331,#7332);
#7331 = CARTESIAN_POINT('',(-0.725,0.175,4.2));
#7332 = VECTOR('',#7333,1.);
#7333 = DIRECTION('',(-1.,0.,0.));
#7334 = ORIENTED_EDGE('',*,*,#7335,.F.);
#7335 = EDGE_CURVE('',#7336,#7328,#7338,.T.);
#7336 = VERTEX_POINT('',#7337);
#7337 = CARTESIAN_POINT('',(-0.725,0.375,4.2));
#7338 = LINE('',#7339,#7340);
#7339 = CARTESIAN_POINT('',(-0.725,0.375,4.2));
#7340 = VECTOR('',#7341,1.);
#7341 = DIRECTION('',(0.,-1.,0.));
#7342 = ORIENTED_EDGE('',*,*,#7343,.F.);
#7343 = EDGE_CURVE('',#7344,#7336,#7346,.T.);
#7344 = VERTEX_POINT('',#7345);
#7345 = CARTESIAN_POINT('',(-0.525,0.375,4.2));
#7346 = LINE('',#7347,#7348);
#7347 = CARTESIAN_POINT('',(-0.525,0.375,4.2));
#7348 = VECTOR('',#7349,1.);
#7349 = DIRECTION('',(-1.,0.,0.));
#7350 = ORIENTED_EDGE('',*,*,#7351,.F.);
#7351 = EDGE_CURVE('',#7352,#7344,#7354,.T.);
#7352 = VERTEX_POINT('',#7353);
#7353 = CARTESIAN_POINT('',(-0.525,0.175,4.2));
#7354 = LINE('',#7355,#7356);
#7355 = CARTESIAN_POINT('',(-0.525,0.175,4.2));
#7356 = VECTOR('',#7357,1.);
#7357 = DIRECTION('',(0.,1.,0.));
#7358 = ORIENTED_EDGE('',*,*,#7359,.F.);
#7359 = EDGE_CURVE('',#7360,#7352,#7362,.T.);
#7360 = VERTEX_POINT('',#7361);
#7361 = CARTESIAN_POINT('',(-0.375,0.175,4.2));
#7362 = LINE('',#7363,#7364);
#7363 = CARTESIAN_POINT('',(-0.375,0.175,4.2));
#7364 = VECTOR('',#7365,1.);
#7365 = DIRECTION('',(-1.,0.,0.));
#7366 = ORIENTED_EDGE('',*,*,#7367,.F.);
#7367 = EDGE_CURVE('',#7368,#7360,#7370,.T.);
#7368 = VERTEX_POINT('',#7369);
#7369 = CARTESIAN_POINT('',(-0.375,0.375,4.2));
#7370 = LINE('',#7371,#7372);
#7371 = CARTESIAN_POINT('',(-0.375,0.375,4.2));
#7372 = VECTOR('',#7373,1.);
#7373 = DIRECTION('',(0.,-1.,0.));
#7374 = ORIENTED_EDGE('',*,*,#7375,.F.);
#7375 = EDGE_CURVE('',#7376,#7368,#7378,.T.);
#7376 = VERTEX_POINT('',#7377);
#7377 = CARTESIAN_POINT('',(0.375,0.375,4.2));
#7378 = LINE('',#7379,#7380);
#7379 = CARTESIAN_POINT('',(0.375,0.375,4.2));
#7380 = VECTOR('',#7381,1.);
#7381 = DIRECTION('',(-1.,0.,0.));
#7382 = ORIENTED_EDGE('',*,*,#7383,.F.);
#7383 = EDGE_CURVE('',#7384,#7376,#7386,.T.);
#7384 = VERTEX_POINT('',#7385);
#7385 = CARTESIAN_POINT('',(0.375,0.175,4.2));
#7386 = LINE('',#7387,#7388);
#7387 = CARTESIAN_POINT('',(0.375,0.175,4.2));
#7388 = VECTOR('',#7389,1.);
#7389 = DIRECTION('',(0.,1.,0.));
#7390 = ORIENTED_EDGE('',*,*,#7391,.F.);
#7391 = EDGE_CURVE('',#7392,#7384,#7394,.T.);
#7392 = VERTEX_POINT('',#7393);
#7393 = CARTESIAN_POINT('',(0.525,0.175,4.2));
#7394 = LINE('',#7395,#7396);
#7395 = CARTESIAN_POINT('',(0.525,0.175,4.2));
#7396 = VECTOR('',#7397,1.);
#7397 = DIRECTION('',(-1.,0.,0.));
#7398 = ORIENTED_EDGE('',*,*,#7399,.F.);
#7399 = EDGE_CURVE('',#7400,#7392,#7402,.T.);
#7400 = VERTEX_POINT('',#7401);
#7401 = CARTESIAN_POINT('',(0.525,0.375,4.2));
#7402 = LINE('',#7403,#7404);
#7403 = CARTESIAN_POINT('',(0.525,0.375,4.2));
#7404 = VECTOR('',#7405,1.);
#7405 = DIRECTION('',(0.,-1.,0.));
#7406 = ORIENTED_EDGE('',*,*,#7407,.F.);
#7407 = EDGE_CURVE('',#7408,#7400,#7410,.T.);
#7408 = VERTEX_POINT('',#7409);
#7409 = CARTESIAN_POINT('',(0.725,0.375,4.2));
#7410 = LINE('',#7411,#7412);
#7411 = CARTESIAN_POINT('',(0.725,0.375,4.2));
#7412 = VECTOR('',#7413,1.);
#7413 = DIRECTION('',(-1.,0.,0.));
#7414 = ORIENTED_EDGE('',*,*,#7415,.F.);
#7415 = EDGE_CURVE('',#7416,#7408,#7418,.T.);
#7416 = VERTEX_POINT('',#7417);
#7417 = CARTESIAN_POINT('',(0.725,0.175,4.2));
#7418 = LINE('',#7419,#7420);
#7419 = CARTESIAN_POINT('',(0.725,0.175,4.2));
#7420 = VECTOR('',#7421,1.);
#7421 = DIRECTION('',(0.,1.,0.));
#7422 = ORIENTED_EDGE('',*,*,#7423,.F.);
#7423 = EDGE_CURVE('',#7424,#7416,#7426,.T.);
#7424 = VERTEX_POINT('',#7425);
#7425 = CARTESIAN_POINT('',(0.875,0.175,4.2));
#7426 = LINE('',#7427,#7428);
#7427 = CARTESIAN_POINT('',(0.875,0.175,4.2));
#7428 = VECTOR('',#7429,1.);
#7429 = DIRECTION('',(-1.,0.,0.));
#7430 = ORIENTED_EDGE('',*,*,#7431,.F.);
#7431 = EDGE_CURVE('',#7432,#7424,#7434,.T.);
#7432 = VERTEX_POINT('',#7433);
#7433 = CARTESIAN_POINT('',(0.875,0.375,4.2));
#7434 = LINE('',#7435,#7436);
#7435 = CARTESIAN_POINT('',(0.875,0.375,4.2));
#7436 = VECTOR('',#7437,1.);
#7437 = DIRECTION('',(0.,-1.,0.));
#7438 = ORIENTED_EDGE('',*,*,#7439,.F.);
#7439 = EDGE_CURVE('',#7440,#7432,#7442,.T.);
#7440 = VERTEX_POINT('',#7441);
#7441 = CARTESIAN_POINT('',(1.625,0.375,4.2));
#7442 = LINE('',#7443,#7444);
#7443 = CARTESIAN_POINT('',(1.625,0.375,4.2));
#7444 = VECTOR('',#7445,1.);
#7445 = DIRECTION('',(-1.,0.,0.));
#7446 = ORIENTED_EDGE('',*,*,#7447,.F.);
#7447 = EDGE_CURVE('',#7448,#7440,#7450,.T.);
#7448 = VERTEX_POINT('',#7449);
#7449 = CARTESIAN_POINT('',(1.625,0.175,4.2));
#7450 = LINE('',#7451,#7452);
#7451 = CARTESIAN_POINT('',(1.625,0.175,4.2));
#7452 = VECTOR('',#7453,1.);
#7453 = DIRECTION('',(0.,1.,0.));
#7454 = ORIENTED_EDGE('',*,*,#7455,.F.);
#7455 = EDGE_CURVE('',#7456,#7448,#7458,.T.);
#7456 = VERTEX_POINT('',#7457);
#7457 = CARTESIAN_POINT('',(1.775,0.175,4.2));
#7458 = LINE('',#7459,#7460);
#7459 = CARTESIAN_POINT('',(1.775,0.175,4.2));
#7460 = VECTOR('',#7461,1.);
#7461 = DIRECTION('',(-1.,0.,0.));
#7462 = ORIENTED_EDGE('',*,*,#7463,.F.);
#7463 = EDGE_CURVE('',#7464,#7456,#7466,.T.);
#7464 = VERTEX_POINT('',#7465);
#7465 = CARTESIAN_POINT('',(1.775,0.375,4.2));
#7466 = LINE('',#7467,#7468);
#7467 = CARTESIAN_POINT('',(1.775,0.375,4.2));
#7468 = VECTOR('',#7469,1.);
#7469 = DIRECTION('',(0.,-1.,0.));
#7470 = ORIENTED_EDGE('',*,*,#7471,.F.);
#7471 = EDGE_CURVE('',#7472,#7464,#7474,.T.);
#7472 = VERTEX_POINT('',#7473);
#7473 = CARTESIAN_POINT('',(1.975,0.375,4.2));
#7474 = LINE('',#7475,#7476);
#7475 = CARTESIAN_POINT('',(1.975,0.375,4.2));
#7476 = VECTOR('',#7477,1.);
#7477 = DIRECTION('',(-1.,0.,0.));
#7478 = ORIENTED_EDGE('',*,*,#7479,.F.);
#7479 = EDGE_CURVE('',#7480,#7472,#7482,.T.);
#7480 = VERTEX_POINT('',#7481);
#7481 = CARTESIAN_POINT('',(1.975,0.175,4.2));
#7482 = LINE('',#7483,#7484);
#7483 = CARTESIAN_POINT('',(1.975,0.175,4.2));
#7484 = VECTOR('',#7485,1.);
#7485 = DIRECTION('',(0.,1.,0.));
#7486 = ORIENTED_EDGE('',*,*,#7487,.F.);
#7487 = EDGE_CURVE('',#7488,#7480,#7490,.T.);
#7488 = VERTEX_POINT('',#7489);
#7489 = CARTESIAN_POINT('',(2.125,0.175,4.2));
#7490 = LINE('',#7491,#7492);
#7491 = CARTESIAN_POINT('',(2.125,0.175,4.2));
#7492 = VECTOR('',#7493,1.);
#7493 = DIRECTION('',(-1.,0.,0.));
#7494 = ORIENTED_EDGE('',*,*,#7495,.F.);
#7495 = EDGE_CURVE('',#7496,#7488,#7498,.T.);
#7496 = VERTEX_POINT('',#7497);
#7497 = CARTESIAN_POINT('',(2.125,0.375,4.2));
#7498 = LINE('',#7499,#7500);
#7499 = CARTESIAN_POINT('',(2.125,0.375,4.2));
#7500 = VECTOR('',#7501,1.);
#7501 = DIRECTION('',(0.,-1.,0.));
#7502 = ORIENTED_EDGE('',*,*,#7503,.F.);
#7503 = EDGE_CURVE('',#7504,#7496,#7506,.T.);
#7504 = VERTEX_POINT('',#7505);
#7505 = CARTESIAN_POINT('',(2.625,0.375,4.2));
#7506 = LINE('',#7507,#7508);
#7507 = CARTESIAN_POINT('',(2.625,0.375,4.2));
#7508 = VECTOR('',#7509,1.);
#7509 = DIRECTION('',(-1.,0.,0.));
#7510 = ORIENTED_EDGE('',*,*,#7511,.F.);
#7511 = EDGE_CURVE('',#7512,#7504,#7514,.T.);
#7512 = VERTEX_POINT('',#7513);
#7513 = CARTESIAN_POINT('',(2.625,0.875,4.2));
#7514 = LINE('',#7515,#7516);
#7515 = CARTESIAN_POINT('',(2.625,0.875,4.2));
#7516 = VECTOR('',#7517,1.);
#7517 = DIRECTION('',(0.,-1.,0.));
#7518 = ORIENTED_EDGE('',*,*,#7519,.F.);
#7519 = EDGE_CURVE('',#7208,#7512,#7520,.T.);
#7520 = LINE('',#7521,#7522);
#7521 = CARTESIAN_POINT('',(3.125,0.875,4.2));
#7522 = VECTOR('',#7523,1.);
#7523 = DIRECTION('',(-1.,0.,0.));
#7524 = FACE_BOUND('',#7525,.T.);
#7525 = EDGE_LOOP('',(#7526,#7536,#7544,#7552));
#7526 = ORIENTED_EDGE('',*,*,#7527,.T.);
#7527 = EDGE_CURVE('',#7528,#7530,#7532,.T.);
#7528 = VERTEX_POINT('',#7529);
#7529 = CARTESIAN_POINT('',(2.675,1.525,4.2));
#7530 = VERTEX_POINT('',#7531);
#7531 = CARTESIAN_POINT('',(2.675,2.125,4.2));
#7532 = LINE('',#7533,#7534);
#7533 = CARTESIAN_POINT('',(2.675,1.525,4.2));
#7534 = VECTOR('',#7535,1.);
#7535 = DIRECTION('',(0.,1.,0.));
#7536 = ORIENTED_EDGE('',*,*,#7537,.T.);
#7537 = EDGE_CURVE('',#7530,#7538,#7540,.T.);
#7538 = VERTEX_POINT('',#7539);
#7539 = CARTESIAN_POINT('',(3.775,2.125,4.2));
#7540 = LINE('',#7541,#7542);
#7541 = CARTESIAN_POINT('',(2.675,2.125,4.2));
#7542 = VECTOR('',#7543,1.);
#7543 = DIRECTION('',(1.,0.,0.));
#7544 = ORIENTED_EDGE('',*,*,#7545,.F.);
#7545 = EDGE_CURVE('',#7546,#7538,#7548,.T.);
#7546 = VERTEX_POINT('',#7547);
#7547 = CARTESIAN_POINT('',(3.775,1.525,4.2));
#7548 = LINE('',#7549,#7550);
#7549 = CARTESIAN_POINT('',(3.775,1.525,4.2));
#7550 = VECTOR('',#7551,1.);
#7551 = DIRECTION('',(0.,1.,0.));
#7552 = ORIENTED_EDGE('',*,*,#7553,.F.);
#7553 = EDGE_CURVE('',#7528,#7546,#7554,.T.);
#7554 = LINE('',#7555,#7556);
#7555 = CARTESIAN_POINT('',(2.675,1.525,4.2));
#7556 = VECTOR('',#7557,1.);
#7557 = DIRECTION('',(1.,0.,0.));
#7558 = FACE_BOUND('',#7559,.T.);
#7559 = EDGE_LOOP('',(#7560,#7570,#7578,#7586));
#7560 = ORIENTED_EDGE('',*,*,#7561,.T.);
#7561 = EDGE_CURVE('',#7562,#7564,#7566,.T.);
#7562 = VERTEX_POINT('',#7563);
#7563 = CARTESIAN_POINT('',(-3.775,1.525,4.2));
#7564 = VERTEX_POINT('',#7565);
#7565 = CARTESIAN_POINT('',(-3.775,2.125,4.2));
#7566 = LINE('',#7567,#7568);
#7567 = CARTESIAN_POINT('',(-3.775,1.525,4.2));
#7568 = VECTOR('',#7569,1.);
#7569 = DIRECTION('',(0.,1.,0.));
#7570 = ORIENTED_EDGE('',*,*,#7571,.T.);
#7571 = EDGE_CURVE('',#7564,#7572,#7574,.T.);
#7572 = VERTEX_POINT('',#7573);
#7573 = CARTESIAN_POINT('',(-2.675,2.125,4.2));
#7574 = LINE('',#7575,#7576);
#7575 = CARTESIAN_POINT('',(-3.775,2.125,4.2));
#7576 = VECTOR('',#7577,1.);
#7577 = DIRECTION('',(1.,0.,0.));
#7578 = ORIENTED_EDGE('',*,*,#7579,.F.);
#7579 = EDGE_CURVE('',#7580,#7572,#7582,.T.);
#7580 = VERTEX_POINT('',#7581);
#7581 = CARTESIAN_POINT('',(-2.675,1.525,4.2));
#7582 = LINE('',#7583,#7584);
#7583 = CARTESIAN_POINT('',(-2.675,1.525,4.2));
#7584 = VECTOR('',#7585,1.);
#7585 = DIRECTION('',(0.,1.,0.));
#7586 = ORIENTED_EDGE('',*,*,#7587,.F.);
#7587 = EDGE_CURVE('',#7562,#7580,#7588,.T.);
#7588 = LINE('',#7589,#7590);
#7589 = CARTESIAN_POINT('',(-3.775,1.525,4.2));
#7590 = VECTOR('',#7591,1.);
#7591 = DIRECTION('',(1.,0.,0.));
#7592 = PLANE('',#7593);
#7593 = AXIS2_PLACEMENT_3D('',#7594,#7595,#7596);
#7594 = CARTESIAN_POINT('',(-4.125,-1.775,4.2));
#7595 = DIRECTION('',(0.,0.,1.));
#7596 = DIRECTION('',(1.,0.,-0.));
#7597 = ADVANCED_FACE('',(#7598),#7664,.T.);
#7598 = FACE_BOUND('',#7599,.T.);
#7599 = EDGE_LOOP('',(#7600,#7610,#7618,#7626,#7632,#7633,#7634,#7642,
    #7650,#7658));
#7600 = ORIENTED_EDGE('',*,*,#7601,.F.);
#7601 = EDGE_CURVE('',#7602,#7604,#7606,.T.);
#7602 = VERTEX_POINT('',#7603);
#7603 = CARTESIAN_POINT('',(-3.625,2.475,0.15));
#7604 = VERTEX_POINT('',#7605);
#7605 = CARTESIAN_POINT('',(3.625,2.475,0.15));
#7606 = LINE('',#7607,#7608);
#7607 = CARTESIAN_POINT('',(-4.125,2.475,0.15));
#7608 = VECTOR('',#7609,1.);
#7609 = DIRECTION('',(1.,0.,0.));
#7610 = ORIENTED_EDGE('',*,*,#7611,.F.);
#7611 = EDGE_CURVE('',#7612,#7602,#7614,.T.);
#7612 = VERTEX_POINT('',#7613);
#7613 = CARTESIAN_POINT('',(-3.625,2.475,2.05));
#7614 = LINE('',#7615,#7616);
#7615 = CARTESIAN_POINT('',(-3.625,2.475,2.05));
#7616 = VECTOR('',#7617,1.);
#7617 = DIRECTION('',(0.,0.,-1.));
#7618 = ORIENTED_EDGE('',*,*,#7619,.F.);
#7619 = EDGE_CURVE('',#7620,#7612,#7622,.T.);
#7620 = VERTEX_POINT('',#7621);
#7621 = CARTESIAN_POINT('',(-3.825,2.475,2.05));
#7622 = LINE('',#7623,#7624);
#7623 = CARTESIAN_POINT('',(-4.125,2.475,2.05));
#7624 = VECTOR('',#7625,1.);
#7625 = DIRECTION('',(1.,0.,0.));
#7626 = ORIENTED_EDGE('',*,*,#7627,.F.);
#7627 = EDGE_CURVE('',#6910,#7620,#7628,.T.);
#7628 = LINE('',#7629,#7630);
#7629 = CARTESIAN_POINT('',(-4.125,2.475,2.05));
#7630 = VECTOR('',#7631,1.);
#7631 = DIRECTION('',(1.,0.,0.));
#7632 = ORIENTED_EDGE('',*,*,#6917,.T.);
#7633 = ORIENTED_EDGE('',*,*,#7163,.T.);
#7634 = ORIENTED_EDGE('',*,*,#7635,.F.);
#7635 = EDGE_CURVE('',#7636,#7156,#7638,.T.);
#7636 = VERTEX_POINT('',#7637);
#7637 = CARTESIAN_POINT('',(4.125,2.475,2.05));
#7638 = LINE('',#7639,#7640);
#7639 = CARTESIAN_POINT('',(4.125,2.475,0.15));
#7640 = VECTOR('',#7641,1.);
#7641 = DIRECTION('',(0.,0.,1.));
#7642 = ORIENTED_EDGE('',*,*,#7643,.F.);
#7643 = EDGE_CURVE('',#7644,#7636,#7646,.T.);
#7644 = VERTEX_POINT('',#7645);
#7645 = CARTESIAN_POINT('',(3.825,2.475,2.05));
#7646 = LINE('',#7647,#7648);
#7647 = CARTESIAN_POINT('',(3.625,2.475,2.05));
#7648 = VECTOR('',#7649,1.);
#7649 = DIRECTION('',(1.,0.,0.));
#7650 = ORIENTED_EDGE('',*,*,#7651,.F.);
#7651 = EDGE_CURVE('',#7652,#7644,#7654,.T.);
#7652 = VERTEX_POINT('',#7653);
#7653 = CARTESIAN_POINT('',(3.625,2.475,2.05));
#7654 = LINE('',#7655,#7656);
#7655 = CARTESIAN_POINT('',(3.625,2.475,2.05));
#7656 = VECTOR('',#7657,1.);
#7657 = DIRECTION('',(1.,0.,0.));
#7658 = ORIENTED_EDGE('',*,*,#7659,.T.);
#7659 = EDGE_CURVE('',#7652,#7604,#7660,.T.);
#7660 = LINE('',#7661,#7662);
#7661 = CARTESIAN_POINT('',(3.625,2.475,2.05));
#7662 = VECTOR('',#7663,1.);
#7663 = DIRECTION('',(0.,0.,-1.));
#7664 = PLANE('',#7665);
#7665 = AXIS2_PLACEMENT_3D('',#7666,#7667,#7668);
#7666 = CARTESIAN_POINT('',(-4.125,2.475,0.15));
#7667 = DIRECTION('',(0.,1.,0.));
#7668 = DIRECTION('',(0.,-0.,1.));
#7669 = ADVANCED_FACE('',(#7670),#7688,.F.);
#7670 = FACE_BOUND('',#7671,.F.);
#7671 = EDGE_LOOP('',(#7672,#7673,#7681,#7687));
#7672 = ORIENTED_EDGE('',*,*,#6909,.F.);
#7673 = ORIENTED_EDGE('',*,*,#7674,.T.);
#7674 = EDGE_CURVE('',#6902,#7675,#7677,.T.);
#7675 = VERTEX_POINT('',#7676);
#7676 = CARTESIAN_POINT('',(-3.825,1.825,2.05));
#7677 = LINE('',#7678,#7679);
#7678 = CARTESIAN_POINT('',(-4.125,1.825,2.05));
#7679 = VECTOR('',#7680,1.);
#7680 = DIRECTION('',(1.,0.,0.));
#7681 = ORIENTED_EDGE('',*,*,#7682,.F.);
#7682 = EDGE_CURVE('',#7620,#7675,#7683,.T.);
#7683 = LINE('',#7684,#7685);
#7684 = CARTESIAN_POINT('',(-3.825,2.475,2.05));
#7685 = VECTOR('',#7686,1.);
#7686 = DIRECTION('',(0.,-1.,0.));
#7687 = ORIENTED_EDGE('',*,*,#7627,.F.);
#7688 = PLANE('',#7689);
#7689 = AXIS2_PLACEMENT_3D('',#7690,#7691,#7692);
#7690 = CARTESIAN_POINT('',(-4.125,1.825,2.05));
#7691 = DIRECTION('',(0.,0.,1.));
#7692 = DIRECTION('',(0.,1.,0.));
#7693 = ADVANCED_FACE('',(#7694),#7728,.F.);
#7694 = FACE_BOUND('',#7695,.F.);
#7695 = EDGE_LOOP('',(#7696,#7697,#7705,#7713,#7721,#7727));
#7696 = ORIENTED_EDGE('',*,*,#6901,.F.);
#7697 = ORIENTED_EDGE('',*,*,#7698,.T.);
#7698 = EDGE_CURVE('',#6894,#7699,#7701,.T.);
#7699 = VERTEX_POINT('',#7700);
#7700 = CARTESIAN_POINT('',(-3.825,1.825,0.75));
#7701 = LINE('',#7702,#7703);
#7702 = CARTESIAN_POINT('',(-4.125,1.825,0.75));
#7703 = VECTOR('',#7704,1.);
#7704 = DIRECTION('',(1.,0.,0.));
#7705 = ORIENTED_EDGE('',*,*,#7706,.T.);
#7706 = EDGE_CURVE('',#7699,#7707,#7709,.T.);
#7707 = VERTEX_POINT('',#7708);
#7708 = CARTESIAN_POINT('',(-3.825,1.825,0.8));
#7709 = LINE('',#7710,#7711);
#7710 = CARTESIAN_POINT('',(-3.825,1.825,0.885392234548));
#7711 = VECTOR('',#7712,1.);
#7712 = DIRECTION('',(0.,0.,1.));
#7713 = ORIENTED_EDGE('',*,*,#7714,.F.);
#7714 = EDGE_CURVE('',#7715,#7707,#7717,.T.);
#7715 = VERTEX_POINT('',#7716);
#7716 = CARTESIAN_POINT('',(-3.825,1.825,1.51));
#7717 = LINE('',#7718,#7719);
#7718 = CARTESIAN_POINT('',(-3.825,1.825,1.51));
#7719 = VECTOR('',#7720,1.);
#7720 = DIRECTION('',(0.,0.,-1.));
#7721 = ORIENTED_EDGE('',*,*,#7722,.T.);
#7722 = EDGE_CURVE('',#7715,#7675,#7723,.T.);
#7723 = LINE('',#7724,#7725);
#7724 = CARTESIAN_POINT('',(-3.825,1.825,0.885392234548));
#7725 = VECTOR('',#7726,1.);
#7726 = DIRECTION('',(0.,0.,1.));
#7727 = ORIENTED_EDGE('',*,*,#7674,.F.);
#7728 = PLANE('',#7729);
#7729 = AXIS2_PLACEMENT_3D('',#7730,#7731,#7732);
#7730 = CARTESIAN_POINT('',(-4.125,1.825,0.75));
#7731 = DIRECTION('',(0.,-1.,0.));
#7732 = DIRECTION('',(0.,0.,1.));
#7733 = ADVANCED_FACE('',(#7734),#7752,.F.);
#7734 = FACE_BOUND('',#7735,.F.);
#7735 = EDGE_LOOP('',(#7736,#7737,#7745,#7751));
#7736 = ORIENTED_EDGE('',*,*,#6893,.F.);
#7737 = ORIENTED_EDGE('',*,*,#7738,.T.);
#7738 = EDGE_CURVE('',#6886,#7739,#7741,.T.);
#7739 = VERTEX_POINT('',#7740);
#7740 = CARTESIAN_POINT('',(-3.825,0.225,0.75));
#7741 = LINE('',#7742,#7743);
#7742 = CARTESIAN_POINT('',(-4.125,0.225,0.75));
#7743 = VECTOR('',#7744,1.);
#7744 = DIRECTION('',(1.,0.,0.));
#7745 = ORIENTED_EDGE('',*,*,#7746,.T.);
#7746 = EDGE_CURVE('',#7739,#7699,#7747,.T.);
#7747 = LINE('',#7748,#7749);
#7748 = CARTESIAN_POINT('',(-3.825,0.739944532488,0.75));
#7749 = VECTOR('',#7750,1.);
#7750 = DIRECTION('',(0.,1.,0.));
#7751 = ORIENTED_EDGE('',*,*,#7698,.F.);
#7752 = PLANE('',#7753);
#7753 = AXIS2_PLACEMENT_3D('',#7754,#7755,#7756);
#7754 = CARTESIAN_POINT('',(-4.125,0.225,0.75));
#7755 = DIRECTION('',(0.,0.,1.));
#7756 = DIRECTION('',(0.,1.,0.));
#7757 = ADVANCED_FACE('',(#7758),#7792,.F.);
#7758 = FACE_BOUND('',#7759,.F.);
#7759 = EDGE_LOOP('',(#7760,#7761,#7769,#7777,#7785,#7791));
#7760 = ORIENTED_EDGE('',*,*,#6885,.F.);
#7761 = ORIENTED_EDGE('',*,*,#7762,.T.);
#7762 = EDGE_CURVE('',#6878,#7763,#7765,.T.);
#7763 = VERTEX_POINT('',#7764);
#7764 = CARTESIAN_POINT('',(-3.625,0.225,0.15));
#7765 = LINE('',#7766,#7767);
#7766 = CARTESIAN_POINT('',(-4.125,0.225,0.15));
#7767 = VECTOR('',#7768,1.);
#7768 = DIRECTION('',(1.,0.,0.));
#7769 = ORIENTED_EDGE('',*,*,#7770,.T.);
#7770 = EDGE_CURVE('',#7763,#7771,#7773,.T.);
#7771 = VERTEX_POINT('',#7772);
#7772 = CARTESIAN_POINT('',(-3.625,0.225,0.37));
#7773 = LINE('',#7774,#7775);
#7774 = CARTESIAN_POINT('',(-3.625,0.225,0.15));
#7775 = VECTOR('',#7776,1.);
#7776 = DIRECTION('',(0.,0.,1.));
#7777 = ORIENTED_EDGE('',*,*,#7778,.T.);
#7778 = EDGE_CURVE('',#7771,#7779,#7781,.T.);
#7779 = VERTEX_POINT('',#7780);
#7780 = CARTESIAN_POINT('',(-3.825,0.225,0.37));
#7781 = LINE('',#7782,#7783);
#7782 = CARTESIAN_POINT('',(-3.975,0.225,0.37));
#7783 = VECTOR('',#7784,1.);
#7784 = DIRECTION('',(-1.,0.,0.));
#7785 = ORIENTED_EDGE('',*,*,#7786,.T.);
#7786 = EDGE_CURVE('',#7779,#7739,#7787,.T.);
#7787 = LINE('',#7788,#7789);
#7788 = CARTESIAN_POINT('',(-3.825,0.225,0.585392234548));
#7789 = VECTOR('',#7790,1.);
#7790 = DIRECTION('',(0.,0.,1.));
#7791 = ORIENTED_EDGE('',*,*,#7738,.F.);
#7792 = PLANE('',#7793);
#7793 = AXIS2_PLACEMENT_3D('',#7794,#7795,#7796);
#7794 = CARTESIAN_POINT('',(-4.125,0.225,0.15));
#7795 = DIRECTION('',(0.,-1.,0.));
#7796 = DIRECTION('',(0.,0.,1.));
#7797 = ADVANCED_FACE('',(#7798,#7855),#7889,.F.);
#7798 = FACE_BOUND('',#7799,.F.);
#7799 = EDGE_LOOP('',(#7800,#7801,#7809,#7817,#7825,#7833,#7839,#7840,
    #7848,#7854));
#7800 = ORIENTED_EDGE('',*,*,#6877,.F.);
#7801 = ORIENTED_EDGE('',*,*,#7802,.T.);
#7802 = EDGE_CURVE('',#6870,#7803,#7805,.T.);
#7803 = VERTEX_POINT('',#7804);
#7804 = CARTESIAN_POINT('',(4.125,-0.825,0.15));
#7805 = LINE('',#7806,#7807);
#7806 = CARTESIAN_POINT('',(-4.125,-0.825,0.15));
#7807 = VECTOR('',#7808,1.);
#7808 = DIRECTION('',(1.,0.,0.));
#7809 = ORIENTED_EDGE('',*,*,#7810,.T.);
#7810 = EDGE_CURVE('',#7803,#7811,#7813,.T.);
#7811 = VERTEX_POINT('',#7812);
#7812 = CARTESIAN_POINT('',(4.125,0.225,0.15));
#7813 = LINE('',#7814,#7815);
#7814 = CARTESIAN_POINT('',(4.125,-1.775,0.15));
#7815 = VECTOR('',#7816,1.);
#7816 = DIRECTION('',(0.,1.,0.));
#7817 = ORIENTED_EDGE('',*,*,#7818,.F.);
#7818 = EDGE_CURVE('',#7819,#7811,#7821,.T.);
#7819 = VERTEX_POINT('',#7820);
#7820 = CARTESIAN_POINT('',(3.625,0.225,0.15));
#7821 = LINE('',#7822,#7823);
#7822 = CARTESIAN_POINT('',(3.625,0.225,0.15));
#7823 = VECTOR('',#7824,1.);
#7824 = DIRECTION('',(1.,0.,0.));
#7825 = ORIENTED_EDGE('',*,*,#7826,.F.);
#7826 = EDGE_CURVE('',#7827,#7819,#7829,.T.);
#7827 = VERTEX_POINT('',#7828);
#7828 = CARTESIAN_POINT('',(3.625,0.255,0.15));
#7829 = LINE('',#7830,#7831);
#7830 = CARTESIAN_POINT('',(3.625,2.475,0.15));
#7831 = VECTOR('',#7832,1.);
#7832 = DIRECTION('',(0.,-1.,0.));
#7833 = ORIENTED_EDGE('',*,*,#7834,.F.);
#7834 = EDGE_CURVE('',#7604,#7827,#7835,.T.);
#7835 = LINE('',#7836,#7837);
#7836 = CARTESIAN_POINT('',(3.625,2.475,0.15));
#7837 = VECTOR('',#7838,1.);
#7838 = DIRECTION('',(0.,-1.,0.));
#7839 = ORIENTED_EDGE('',*,*,#7601,.F.);
#7840 = ORIENTED_EDGE('',*,*,#7841,.T.);
#7841 = EDGE_CURVE('',#7602,#7842,#7844,.T.);
#7842 = VERTEX_POINT('',#7843);
#7843 = CARTESIAN_POINT('',(-3.625,0.255,0.15));
#7844 = LINE('',#7845,#7846);
#7845 = CARTESIAN_POINT('',(-3.625,2.475,0.15));
#7846 = VECTOR('',#7847,1.);
#7847 = DIRECTION('',(0.,-1.,0.));
#7848 = ORIENTED_EDGE('',*,*,#7849,.T.);
#7849 = EDGE_CURVE('',#7842,#7763,#7850,.T.);
#7850 = LINE('',#7851,#7852);
#7851 = CARTESIAN_POINT('',(-3.625,2.475,0.15));
#7852 = VECTOR('',#7853,1.);
#7853 = DIRECTION('',(0.,-1.,0.));
#7854 = ORIENTED_EDGE('',*,*,#7762,.F.);
#7855 = FACE_BOUND('',#7856,.F.);
#7856 = EDGE_LOOP('',(#7857,#7867,#7875,#7883));
#7857 = ORIENTED_EDGE('',*,*,#7858,.T.);
#7858 = EDGE_CURVE('',#7859,#7861,#7863,.T.);
#7859 = VERTEX_POINT('',#7860);
#7860 = CARTESIAN_POINT('',(-2.225,0.67,0.15));
#7861 = VERTEX_POINT('',#7862);
#7862 = CARTESIAN_POINT('',(-2.225,2.07,0.15));
#7863 = LINE('',#7864,#7865);
#7864 = CARTESIAN_POINT('',(-2.225,0.67,0.15));
#7865 = VECTOR('',#7866,1.);
#7866 = DIRECTION('',(0.,1.,0.));
#7867 = ORIENTED_EDGE('',*,*,#7868,.T.);
#7868 = EDGE_CURVE('',#7861,#7869,#7871,.T.);
#7869 = VERTEX_POINT('',#7870);
#7870 = CARTESIAN_POINT('',(2.225,2.07,0.15));
#7871 = LINE('',#7872,#7873);
#7872 = CARTESIAN_POINT('',(-2.225,2.07,0.15));
#7873 = VECTOR('',#7874,1.);
#7874 = DIRECTION('',(1.,0.,0.));
#7875 = ORIENTED_EDGE('',*,*,#7876,.F.);
#7876 = EDGE_CURVE('',#7877,#7869,#7879,.T.);
#7877 = VERTEX_POINT('',#7878);
#7878 = CARTESIAN_POINT('',(2.225,0.67,0.15));
#7879 = LINE('',#7880,#7881);
#7880 = CARTESIAN_POINT('',(2.225,0.67,0.15));
#7881 = VECTOR('',#7882,1.);
#7882 = DIRECTION('',(0.,1.,0.));
#7883 = ORIENTED_EDGE('',*,*,#7884,.F.);
#7884 = EDGE_CURVE('',#7859,#7877,#7885,.T.);
#7885 = LINE('',#7886,#7887);
#7886 = CARTESIAN_POINT('',(-2.225,0.67,0.15));
#7887 = VECTOR('',#7888,1.);
#7888 = DIRECTION('',(1.,0.,0.));
#7889 = PLANE('',#7890);
#7890 = AXIS2_PLACEMENT_3D('',#7891,#7892,#7893);
#7891 = CARTESIAN_POINT('',(-4.125,-1.775,0.15));
#7892 = DIRECTION('',(0.,0.,1.));
#7893 = DIRECTION('',(1.,0.,-0.));
#7894 = ADVANCED_FACE('',(#7895),#8041,.T.);
#7895 = FACE_BOUND('',#7896,.T.);
#7896 = EDGE_LOOP('',(#7897,#7898,#7899,#7907,#7915,#7923,#7931,#7939,
    #7947,#7955,#7963,#7971,#7979,#7987,#7995,#8003,#8011,#8019,#8027,
    #8035));
#7897 = ORIENTED_EDGE('',*,*,#6869,.F.);
#7898 = ORIENTED_EDGE('',*,*,#7802,.T.);
#7899 = ORIENTED_EDGE('',*,*,#7900,.T.);
#7900 = EDGE_CURVE('',#7803,#7901,#7903,.T.);
#7901 = VERTEX_POINT('',#7902);
#7902 = CARTESIAN_POINT('',(4.125,-0.825,0.65));
#7903 = LINE('',#7904,#7905);
#7904 = CARTESIAN_POINT('',(4.125,-0.825,0.15));
#7905 = VECTOR('',#7906,1.);
#7906 = DIRECTION('',(0.,0.,1.));
#7907 = ORIENTED_EDGE('',*,*,#7908,.F.);
#7908 = EDGE_CURVE('',#7909,#7901,#7911,.T.);
#7909 = VERTEX_POINT('',#7910);
#7910 = CARTESIAN_POINT('',(1.975,-0.825,0.65));
#7911 = LINE('',#7912,#7913);
#7912 = CARTESIAN_POINT('',(-4.125,-0.825,0.65));
#7913 = VECTOR('',#7914,1.);
#7914 = DIRECTION('',(1.,0.,0.));
#7915 = ORIENTED_EDGE('',*,*,#7916,.T.);
#7916 = EDGE_CURVE('',#7909,#7917,#7919,.T.);
#7917 = VERTEX_POINT('',#7918);
#7918 = CARTESIAN_POINT('',(1.975,-0.825,0.25));
#7919 = LINE('',#7920,#7921);
#7920 = CARTESIAN_POINT('',(1.975,-0.825,0.833506759144));
#7921 = VECTOR('',#7922,1.);
#7922 = DIRECTION('',(5.277280777259E-19,0.,-1.));
#7923 = ORIENTED_EDGE('',*,*,#7924,.F.);
#7924 = EDGE_CURVE('',#7925,#7917,#7927,.T.);
#7925 = VERTEX_POINT('',#7926);
#7926 = CARTESIAN_POINT('',(1.775,-0.825,0.25));
#7927 = LINE('',#7928,#7929);
#7928 = CARTESIAN_POINT('',(-1.175,-0.825,0.25));
#7929 = VECTOR('',#7930,1.);
#7930 = DIRECTION('',(1.,0.,0.));
#7931 = ORIENTED_EDGE('',*,*,#7932,.F.);
#7932 = EDGE_CURVE('',#7933,#7925,#7935,.T.);
#7933 = VERTEX_POINT('',#7934);
#7934 = CARTESIAN_POINT('',(1.775,-0.825,0.65));
#7935 = LINE('',#7936,#7937);
#7936 = CARTESIAN_POINT('',(1.775,-0.825,0.833506759144));
#7937 = VECTOR('',#7938,1.);
#7938 = DIRECTION('',(5.277280777259E-19,0.,-1.));
#7939 = ORIENTED_EDGE('',*,*,#7940,.F.);
#7940 = EDGE_CURVE('',#7941,#7933,#7943,.T.);
#7941 = VERTEX_POINT('',#7942);
#7942 = CARTESIAN_POINT('',(0.725,-0.825,0.65));
#7943 = LINE('',#7944,#7945);
#7944 = CARTESIAN_POINT('',(-4.125,-0.825,0.65));
#7945 = VECTOR('',#7946,1.);
#7946 = DIRECTION('',(1.,0.,0.));
#7947 = ORIENTED_EDGE('',*,*,#7948,.T.);
#7948 = EDGE_CURVE('',#7941,#7949,#7951,.T.);
#7949 = VERTEX_POINT('',#7950);
#7950 = CARTESIAN_POINT('',(0.725,-0.825,0.25));
#7951 = LINE('',#7952,#7953);
#7952 = CARTESIAN_POINT('',(0.725,-0.825,0.833506759144));
#7953 = VECTOR('',#7954,1.);
#7954 = DIRECTION('',(5.277280777259E-19,0.,-1.));
#7955 = ORIENTED_EDGE('',*,*,#7956,.F.);
#7956 = EDGE_CURVE('',#7957,#7949,#7959,.T.);
#7957 = VERTEX_POINT('',#7958);
#7958 = CARTESIAN_POINT('',(0.525,-0.825,0.25));
#7959 = LINE('',#7960,#7961);
#7960 = CARTESIAN_POINT('',(-1.8,-0.825,0.25));
#7961 = VECTOR('',#7962,1.);
#7962 = DIRECTION('',(1.,0.,0.));
#7963 = ORIENTED_EDGE('',*,*,#7964,.F.);
#7964 = EDGE_CURVE('',#7965,#7957,#7967,.T.);
#7965 = VERTEX_POINT('',#7966);
#7966 = CARTESIAN_POINT('',(0.525,-0.825,0.65));
#7967 = LINE('',#7968,#7969);
#7968 = CARTESIAN_POINT('',(0.525,-0.825,0.833506759144));
#7969 = VECTOR('',#7970,1.);
#7970 = DIRECTION('',(5.277280777259E-19,0.,-1.));
#7971 = ORIENTED_EDGE('',*,*,#7972,.F.);
#7972 = EDGE_CURVE('',#7973,#7965,#7975,.T.);
#7973 = VERTEX_POINT('',#7974);
#7974 = CARTESIAN_POINT('',(-0.525,-0.825,0.65));
#7975 = LINE('',#7976,#7977);
#7976 = CARTESIAN_POINT('',(-4.125,-0.825,0.65));
#7977 = VECTOR('',#7978,1.);
#7978 = DIRECTION('',(1.,0.,0.));
#7979 = ORIENTED_EDGE('',*,*,#7980,.T.);
#7980 = EDGE_CURVE('',#7973,#7981,#7983,.T.);
#7981 = VERTEX_POINT('',#7982);
#7982 = CARTESIAN_POINT('',(-0.525,-0.825,0.25));
#7983 = LINE('',#7984,#7985);
#7984 = CARTESIAN_POINT('',(-0.525,-0.825,0.833506759144));
#7985 = VECTOR('',#7986,1.);
#7986 = DIRECTION('',(5.277280777259E-19,0.,-1.));
#7987 = ORIENTED_EDGE('',*,*,#7988,.F.);
#7988 = EDGE_CURVE('',#7989,#7981,#7991,.T.);
#7989 = VERTEX_POINT('',#7990);
#7990 = CARTESIAN_POINT('',(-0.725,-0.825,0.25));
#7991 = LINE('',#7992,#7993);
#7992 = CARTESIAN_POINT('',(-2.425,-0.825,0.25));
#7993 = VECTOR('',#7994,1.);
#7994 = DIRECTION('',(1.,0.,0.));
#7995 = ORIENTED_EDGE('',*,*,#7996,.F.);
#7996 = EDGE_CURVE('',#7997,#7989,#7999,.T.);
#7997 = VERTEX_POINT('',#7998);
#7998 = CARTESIAN_POINT('',(-0.725,-0.825,0.65));
#7999 = LINE('',#8000,#8001);
#8000 = CARTESIAN_POINT('',(-0.725,-0.825,0.833506759144));
#8001 = VECTOR('',#8002,1.);
#8002 = DIRECTION('',(5.277280777259E-19,0.,-1.));
#8003 = ORIENTED_EDGE('',*,*,#8004,.F.);
#8004 = EDGE_CURVE('',#8005,#7997,#8007,.T.);
#8005 = VERTEX_POINT('',#8006);
#8006 = CARTESIAN_POINT('',(-1.775,-0.825,0.65));
#8007 = LINE('',#8008,#8009);
#8008 = CARTESIAN_POINT('',(-4.125,-0.825,0.65));
#8009 = VECTOR('',#8010,1.);
#8010 = DIRECTION('',(1.,0.,0.));
#8011 = ORIENTED_EDGE('',*,*,#8012,.T.);
#8012 = EDGE_CURVE('',#8005,#8013,#8015,.T.);
#8013 = VERTEX_POINT('',#8014);
#8014 = CARTESIAN_POINT('',(-1.775,-0.825,0.25));
#8015 = LINE('',#8016,#8017);
#8016 = CARTESIAN_POINT('',(-1.775,-0.825,0.833506759144));
#8017 = VECTOR('',#8018,1.);
#8018 = DIRECTION('',(5.277280777259E-19,0.,-1.));
#8019 = ORIENTED_EDGE('',*,*,#8020,.F.);
#8020 = EDGE_CURVE('',#8021,#8013,#8023,.T.);
#8021 = VERTEX_POINT('',#8022);
#8022 = CARTESIAN_POINT('',(-1.975,-0.825,0.25));
#8023 = LINE('',#8024,#8025);
#8024 = CARTESIAN_POINT('',(-3.05,-0.825,0.25));
#8025 = VECTOR('',#8026,1.);
#8026 = DIRECTION('',(1.,0.,0.));
#8027 = ORIENTED_EDGE('',*,*,#8028,.F.);
#8028 = EDGE_CURVE('',#8029,#8021,#8031,.T.);
#8029 = VERTEX_POINT('',#8030);
#8030 = CARTESIAN_POINT('',(-1.975,-0.825,0.65));
#8031 = LINE('',#8032,#8033);
#8032 = CARTESIAN_POINT('',(-1.975,-0.825,0.833506759144));
#8033 = VECTOR('',#8034,1.);
#8034 = DIRECTION('',(5.277280777259E-19,0.,-1.));
#8035 = ORIENTED_EDGE('',*,*,#8036,.F.);
#8036 = EDGE_CURVE('',#6862,#8029,#8037,.T.);
#8037 = LINE('',#8038,#8039);
#8038 = CARTESIAN_POINT('',(-4.125,-0.825,0.65));
#8039 = VECTOR('',#8040,1.);
#8040 = DIRECTION('',(1.,0.,0.));
#8041 = PLANE('',#8042);
#8042 = AXIS2_PLACEMENT_3D('',#8043,#8044,#8045);
#8043 = CARTESIAN_POINT('',(-4.125,-0.825,0.15));
#8044 = DIRECTION('',(0.,-1.,0.));
#8045 = DIRECTION('',(0.,0.,1.));
#8046 = ADVANCED_FACE('',(#8047),#8073,.T.);
#8047 = FACE_BOUND('',#8048,.T.);
#8048 = EDGE_LOOP('',(#8049,#8050,#8051,#8059,#8067));
#8049 = ORIENTED_EDGE('',*,*,#6861,.F.);
#8050 = ORIENTED_EDGE('',*,*,#8036,.T.);
#8051 = ORIENTED_EDGE('',*,*,#8052,.F.);
#8052 = EDGE_CURVE('',#8053,#8029,#8055,.T.);
#8053 = VERTEX_POINT('',#8054);
#8054 = CARTESIAN_POINT('',(-1.975,-1.1054,0.65));
#8055 = LINE('',#8056,#8057);
#8056 = CARTESIAN_POINT('',(-1.975,-0.745316843276,0.65));
#8057 = VECTOR('',#8058,1.);
#8058 = DIRECTION('',(-4.641187488323E-18,1.,0.));
#8059 = ORIENTED_EDGE('',*,*,#8060,.F.);
#8060 = EDGE_CURVE('',#8061,#8053,#8063,.T.);
#8061 = VERTEX_POINT('',#8062);
#8062 = CARTESIAN_POINT('',(-1.975,-1.575,0.65));
#8063 = LINE('',#8064,#8065);
#8064 = CARTESIAN_POINT('',(-1.975,-1.7754,0.65));
#8065 = VECTOR('',#8066,1.);
#8066 = DIRECTION('',(0.,1.,0.));
#8067 = ORIENTED_EDGE('',*,*,#8068,.F.);
#8068 = EDGE_CURVE('',#6854,#8061,#8069,.T.);
#8069 = LINE('',#8070,#8071);
#8070 = CARTESIAN_POINT('',(-4.125,-1.575,0.65));
#8071 = VECTOR('',#8072,1.);
#8072 = DIRECTION('',(1.,0.,0.));
#8073 = PLANE('',#8074);
#8074 = AXIS2_PLACEMENT_3D('',#8075,#8076,#8077);
#8075 = CARTESIAN_POINT('',(-4.125,-0.825,0.65));
#8076 = DIRECTION('',(0.,0.,-1.));
#8077 = DIRECTION('',(0.,-1.,0.));
#8078 = ADVANCED_FACE('',(#8079),#8161,.T.);
#8079 = FACE_BOUND('',#8080,.T.);
#8080 = EDGE_LOOP('',(#8081,#8082,#8090,#8098,#8106,#8114,#8122,#8130,
    #8138,#8146,#8154,#8160));
#8081 = ORIENTED_EDGE('',*,*,#8068,.T.);
#8082 = ORIENTED_EDGE('',*,*,#8083,.T.);
#8083 = EDGE_CURVE('',#8061,#8084,#8086,.T.);
#8084 = VERTEX_POINT('',#8085);
#8085 = CARTESIAN_POINT('',(-1.775,-1.575,0.65));
#8086 = LINE('',#8087,#8088);
#8087 = CARTESIAN_POINT('',(-4.125,-1.575,0.65));
#8088 = VECTOR('',#8089,1.);
#8089 = DIRECTION('',(1.,0.,0.));
#8090 = ORIENTED_EDGE('',*,*,#8091,.T.);
#8091 = EDGE_CURVE('',#8084,#8092,#8094,.T.);
#8092 = VERTEX_POINT('',#8093);
#8093 = CARTESIAN_POINT('',(-0.725,-1.575,0.65));
#8094 = LINE('',#8095,#8096);
#8095 = CARTESIAN_POINT('',(-4.125,-1.575,0.65));
#8096 = VECTOR('',#8097,1.);
#8097 = DIRECTION('',(1.,0.,0.));
#8098 = ORIENTED_EDGE('',*,*,#8099,.T.);
#8099 = EDGE_CURVE('',#8092,#8100,#8102,.T.);
#8100 = VERTEX_POINT('',#8101);
#8101 = CARTESIAN_POINT('',(-0.525,-1.575,0.65));
#8102 = LINE('',#8103,#8104);
#8103 = CARTESIAN_POINT('',(-4.125,-1.575,0.65));
#8104 = VECTOR('',#8105,1.);
#8105 = DIRECTION('',(1.,0.,0.));
#8106 = ORIENTED_EDGE('',*,*,#8107,.T.);
#8107 = EDGE_CURVE('',#8100,#8108,#8110,.T.);
#8108 = VERTEX_POINT('',#8109);
#8109 = CARTESIAN_POINT('',(0.525,-1.575,0.65));
#8110 = LINE('',#8111,#8112);
#8111 = CARTESIAN_POINT('',(-4.125,-1.575,0.65));
#8112 = VECTOR('',#8113,1.);
#8113 = DIRECTION('',(1.,0.,0.));
#8114 = ORIENTED_EDGE('',*,*,#8115,.T.);
#8115 = EDGE_CURVE('',#8108,#8116,#8118,.T.);
#8116 = VERTEX_POINT('',#8117);
#8117 = CARTESIAN_POINT('',(0.725,-1.575,0.65));
#8118 = LINE('',#8119,#8120);
#8119 = CARTESIAN_POINT('',(-4.125,-1.575,0.65));
#8120 = VECTOR('',#8121,1.);
#8121 = DIRECTION('',(1.,0.,0.));
#8122 = ORIENTED_EDGE('',*,*,#8123,.T.);
#8123 = EDGE_CURVE('',#8116,#8124,#8126,.T.);
#8124 = VERTEX_POINT('',#8125);
#8125 = CARTESIAN_POINT('',(1.775,-1.575,0.65));
#8126 = LINE('',#8127,#8128);
#8127 = CARTESIAN_POINT('',(-4.125,-1.575,0.65));
#8128 = VECTOR('',#8129,1.);
#8129 = DIRECTION('',(1.,0.,0.));
#8130 = ORIENTED_EDGE('',*,*,#8131,.T.);
#8131 = EDGE_CURVE('',#8124,#8132,#8134,.T.);
#8132 = VERTEX_POINT('',#8133);
#8133 = CARTESIAN_POINT('',(1.975,-1.575,0.65));
#8134 = LINE('',#8135,#8136);
#8135 = CARTESIAN_POINT('',(-4.125,-1.575,0.65));
#8136 = VECTOR('',#8137,1.);
#8137 = DIRECTION('',(1.,0.,0.));
#8138 = ORIENTED_EDGE('',*,*,#8139,.T.);
#8139 = EDGE_CURVE('',#8132,#8140,#8142,.T.);
#8140 = VERTEX_POINT('',#8141);
#8141 = CARTESIAN_POINT('',(4.125,-1.575,0.65));
#8142 = LINE('',#8143,#8144);
#8143 = CARTESIAN_POINT('',(-4.125,-1.575,0.65));
#8144 = VECTOR('',#8145,1.);
#8145 = DIRECTION('',(1.,0.,0.));
#8146 = ORIENTED_EDGE('',*,*,#8147,.T.);
#8147 = EDGE_CURVE('',#8140,#8148,#8150,.T.);
#8148 = VERTEX_POINT('',#8149);
#8149 = CARTESIAN_POINT('',(4.125,-1.575,0.8));
#8150 = LINE('',#8151,#8152);
#8151 = CARTESIAN_POINT('',(4.125,-1.575,0.65));
#8152 = VECTOR('',#8153,1.);
#8153 = DIRECTION('',(0.,0.,1.));
#8154 = ORIENTED_EDGE('',*,*,#8155,.F.);
#8155 = EDGE_CURVE('',#6846,#8148,#8156,.T.);
#8156 = LINE('',#8157,#8158);
#8157 = CARTESIAN_POINT('',(-4.125,-1.575,0.8));
#8158 = VECTOR('',#8159,1.);
#8159 = DIRECTION('',(1.,0.,0.));
#8160 = ORIENTED_EDGE('',*,*,#6853,.F.);
#8161 = PLANE('',#8162);
#8162 = AXIS2_PLACEMENT_3D('',#8163,#8164,#8165);
#8163 = CARTESIAN_POINT('',(-4.125,-1.575,0.65));
#8164 = DIRECTION('',(0.,-1.,0.));
#8165 = DIRECTION('',(0.,0.,1.));
#8166 = ADVANCED_FACE('',(#8167),#8178,.T.);
#8167 = FACE_BOUND('',#8168,.T.);
#8168 = EDGE_LOOP('',(#8169,#8170,#8176,#8177));
#8169 = ORIENTED_EDGE('',*,*,#8155,.T.);
#8170 = ORIENTED_EDGE('',*,*,#8171,.T.);
#8171 = EDGE_CURVE('',#8148,#6972,#8172,.T.);
#8172 = LINE('',#8173,#8174);
#8173 = CARTESIAN_POINT('',(4.125,-1.575,0.8));
#8174 = VECTOR('',#8175,1.);
#8175 = DIRECTION('',(0.,-1.,0.));
#8176 = ORIENTED_EDGE('',*,*,#6971,.F.);
#8177 = ORIENTED_EDGE('',*,*,#6845,.F.);
#8178 = PLANE('',#8179);
#8179 = AXIS2_PLACEMENT_3D('',#8180,#8181,#8182);
#8180 = CARTESIAN_POINT('',(-4.125,-1.575,0.8));
#8181 = DIRECTION('',(0.,0.,-1.));
#8182 = DIRECTION('',(0.,-1.,0.));
#8183 = ADVANCED_FACE('',(#8184),#8259,.T.);
#8184 = FACE_BOUND('',#8185,.T.);
#8185 = EDGE_LOOP('',(#8186,#8187,#8188,#8189,#8195,#8196,#8197,#8205,
    #8213,#8221,#8227,#8228,#8229,#8237,#8245,#8253));
#8186 = ORIENTED_EDGE('',*,*,#7020,.F.);
#8187 = ORIENTED_EDGE('',*,*,#8171,.F.);
#8188 = ORIENTED_EDGE('',*,*,#8147,.F.);
#8189 = ORIENTED_EDGE('',*,*,#8190,.F.);
#8190 = EDGE_CURVE('',#7901,#8140,#8191,.T.);
#8191 = LINE('',#8192,#8193);
#8192 = CARTESIAN_POINT('',(4.125,-0.825,0.65));
#8193 = VECTOR('',#8194,1.);
#8194 = DIRECTION('',(0.,-1.,0.));
#8195 = ORIENTED_EDGE('',*,*,#7900,.F.);
#8196 = ORIENTED_EDGE('',*,*,#7810,.T.);
#8197 = ORIENTED_EDGE('',*,*,#8198,.T.);
#8198 = EDGE_CURVE('',#7811,#8199,#8201,.T.);
#8199 = VERTEX_POINT('',#8200);
#8200 = CARTESIAN_POINT('',(4.125,0.225,0.75));
#8201 = LINE('',#8202,#8203);
#8202 = CARTESIAN_POINT('',(4.125,0.225,0.15));
#8203 = VECTOR('',#8204,1.);
#8204 = DIRECTION('',(0.,0.,1.));
#8205 = ORIENTED_EDGE('',*,*,#8206,.T.);
#8206 = EDGE_CURVE('',#8199,#8207,#8209,.T.);
#8207 = VERTEX_POINT('',#8208);
#8208 = CARTESIAN_POINT('',(4.125,1.825,0.75));
#8209 = LINE('',#8210,#8211);
#8210 = CARTESIAN_POINT('',(4.125,0.225,0.75));
#8211 = VECTOR('',#8212,1.);
#8212 = DIRECTION('',(0.,1.,0.));
#8213 = ORIENTED_EDGE('',*,*,#8214,.T.);
#8214 = EDGE_CURVE('',#8207,#8215,#8217,.T.);
#8215 = VERTEX_POINT('',#8216);
#8216 = CARTESIAN_POINT('',(4.125,1.825,2.05));
#8217 = LINE('',#8218,#8219);
#8218 = CARTESIAN_POINT('',(4.125,1.825,0.75));
#8219 = VECTOR('',#8220,1.);
#8220 = DIRECTION('',(0.,0.,1.));
#8221 = ORIENTED_EDGE('',*,*,#8222,.T.);
#8222 = EDGE_CURVE('',#8215,#7636,#8223,.T.);
#8223 = LINE('',#8224,#8225);
#8224 = CARTESIAN_POINT('',(4.125,1.825,2.05));
#8225 = VECTOR('',#8226,1.);
#8226 = DIRECTION('',(0.,1.,0.));
#8227 = ORIENTED_EDGE('',*,*,#7635,.T.);
#8228 = ORIENTED_EDGE('',*,*,#7155,.F.);
#8229 = ORIENTED_EDGE('',*,*,#8230,.T.);
#8230 = EDGE_CURVE('',#7148,#8231,#8233,.T.);
#8231 = VERTEX_POINT('',#8232);
#8232 = CARTESIAN_POINT('',(4.125,0.175,3.55));
#8233 = LINE('',#8234,#8235);
#8234 = CARTESIAN_POINT('',(4.125,0.175,4.2));
#8235 = VECTOR('',#8236,1.);
#8236 = DIRECTION('',(0.,0.,-1.));
#8237 = ORIENTED_EDGE('',*,*,#8238,.T.);
#8238 = EDGE_CURVE('',#8231,#8239,#8241,.T.);
#8239 = VERTEX_POINT('',#8240);
#8240 = CARTESIAN_POINT('',(4.125,-1.175,3.55));
#8241 = LINE('',#8242,#8243);
#8242 = CARTESIAN_POINT('',(4.125,0.175,3.55));
#8243 = VECTOR('',#8244,1.);
#8244 = DIRECTION('',(0.,-1.,0.));
#8245 = ORIENTED_EDGE('',*,*,#8246,.T.);
#8246 = EDGE_CURVE('',#8239,#8247,#8249,.T.);
#8247 = VERTEX_POINT('',#8248);
#8248 = CARTESIAN_POINT('',(4.125,-1.175,1.95));
#8249 = LINE('',#8250,#8251);
#8250 = CARTESIAN_POINT('',(4.125,-1.175,3.55));
#8251 = VECTOR('',#8252,1.);
#8252 = DIRECTION('',(0.,0.,-1.));
#8253 = ORIENTED_EDGE('',*,*,#8254,.T.);
#8254 = EDGE_CURVE('',#8247,#7013,#8255,.T.);
#8255 = LINE('',#8256,#8257);
#8256 = CARTESIAN_POINT('',(4.125,-1.175,1.95));
#8257 = VECTOR('',#8258,1.);
#8258 = DIRECTION('',(0.,-1.,0.));
#8259 = PLANE('',#8260);
#8260 = AXIS2_PLACEMENT_3D('',#8261,#8262,#8263);
#8261 = CARTESIAN_POINT('',(4.125,-1.775,0.15));
#8262 = DIRECTION('',(1.,0.,0.));
#8263 = DIRECTION('',(0.,0.,1.));
#8264 = ADVANCED_FACE('',(#8265),#8283,.F.);
#8265 = FACE_BOUND('',#8266,.F.);
#8266 = EDGE_LOOP('',(#8267,#8275,#8276,#8277));
#8267 = ORIENTED_EDGE('',*,*,#8268,.T.);
#8268 = EDGE_CURVE('',#8269,#8247,#8271,.T.);
#8269 = VERTEX_POINT('',#8270);
#8270 = CARTESIAN_POINT('',(3.625,-1.175,1.95));
#8271 = LINE('',#8272,#8273);
#8272 = CARTESIAN_POINT('',(3.625,-1.175,1.95));
#8273 = VECTOR('',#8274,1.);
#8274 = DIRECTION('',(1.,0.,0.));
#8275 = ORIENTED_EDGE('',*,*,#8254,.T.);
#8276 = ORIENTED_EDGE('',*,*,#7012,.F.);
#8277 = ORIENTED_EDGE('',*,*,#8278,.F.);
#8278 = EDGE_CURVE('',#8269,#7005,#8279,.T.);
#8279 = LINE('',#8280,#8281);
#8280 = CARTESIAN_POINT('',(3.625,-1.175,1.95));
#8281 = VECTOR('',#8282,1.);
#8282 = DIRECTION('',(0.,-1.,0.));
#8283 = PLANE('',#8284);
#8284 = AXIS2_PLACEMENT_3D('',#8285,#8286,#8287);
#8285 = CARTESIAN_POINT('',(3.625,-1.175,1.95));
#8286 = DIRECTION('',(0.,0.,-1.));
#8287 = DIRECTION('',(0.,-1.,0.));
#8288 = ADVANCED_FACE('',(#8289),#8316,.F.);
#8289 = FACE_BOUND('',#8290,.F.);
#8290 = EDGE_LOOP('',(#8291,#8292,#8300,#8308,#8314,#8315));
#8291 = ORIENTED_EDGE('',*,*,#7139,.T.);
#8292 = ORIENTED_EDGE('',*,*,#8293,.T.);
#8293 = EDGE_CURVE('',#7140,#8294,#8296,.T.);
#8294 = VERTEX_POINT('',#8295);
#8295 = CARTESIAN_POINT('',(3.625,0.175,3.55));
#8296 = LINE('',#8297,#8298);
#8297 = CARTESIAN_POINT('',(3.625,0.175,4.2));
#8298 = VECTOR('',#8299,1.);
#8299 = DIRECTION('',(0.,0.,-1.));
#8300 = ORIENTED_EDGE('',*,*,#8301,.T.);
#8301 = EDGE_CURVE('',#8294,#8302,#8304,.T.);
#8302 = VERTEX_POINT('',#8303);
#8303 = CARTESIAN_POINT('',(3.625,-1.175,3.55));
#8304 = LINE('',#8305,#8306);
#8305 = CARTESIAN_POINT('',(3.625,0.175,3.55));
#8306 = VECTOR('',#8307,1.);
#8307 = DIRECTION('',(0.,-1.,0.));
#8308 = ORIENTED_EDGE('',*,*,#8309,.T.);
#8309 = EDGE_CURVE('',#8302,#8269,#8310,.T.);
#8310 = LINE('',#8311,#8312);
#8311 = CARTESIAN_POINT('',(3.625,-1.175,3.55));
#8312 = VECTOR('',#8313,1.);
#8313 = DIRECTION('',(0.,0.,-1.));
#8314 = ORIENTED_EDGE('',*,*,#8278,.T.);
#8315 = ORIENTED_EDGE('',*,*,#7004,.T.);
#8316 = PLANE('',#8317);
#8317 = AXIS2_PLACEMENT_3D('',#8318,#8319,#8320);
#8318 = CARTESIAN_POINT('',(3.625,-1.057142857143,3.332142857143));
#8319 = DIRECTION('',(-1.,1.146375123746E-30,-1.11927691467E-30));
#8320 = DIRECTION('',(-1.146375123746E-30,-1.,0.));
#8321 = ADVANCED_FACE('',(#8322),#8330,.T.);
#8322 = FACE_BOUND('',#8323,.T.);
#8323 = EDGE_LOOP('',(#8324,#8325,#8326,#8327,#8328,#8329));
#8324 = ORIENTED_EDGE('',*,*,#7132,.T.);
#8325 = ORIENTED_EDGE('',*,*,#7114,.T.);
#8326 = ORIENTED_EDGE('',*,*,#7090,.T.);
#8327 = ORIENTED_EDGE('',*,*,#7066,.T.);
#8328 = ORIENTED_EDGE('',*,*,#7042,.T.);
#8329 = ORIENTED_EDGE('',*,*,#6988,.T.);
#8330 = PLANE('',#8331);
#8331 = AXIS2_PLACEMENT_3D('',#8332,#8333,#8334);
#8332 = CARTESIAN_POINT('',(-3.625,-1.057142857143,3.332142857143));
#8333 = DIRECTION('',(-1.,1.146375123746E-30,-1.11927691467E-30));
#8334 = DIRECTION('',(-1.146375123746E-30,-1.,0.));
#8335 = ADVANCED_FACE('',(#8336),#8347,.F.);
#8336 = FACE_BOUND('',#8337,.F.);
#8337 = EDGE_LOOP('',(#8338,#8339,#8340,#8346));
#8338 = ORIENTED_EDGE('',*,*,#7147,.T.);
#8339 = ORIENTED_EDGE('',*,*,#8230,.T.);
#8340 = ORIENTED_EDGE('',*,*,#8341,.F.);
#8341 = EDGE_CURVE('',#8294,#8231,#8342,.T.);
#8342 = LINE('',#8343,#8344);
#8343 = CARTESIAN_POINT('',(3.625,0.175,3.55));
#8344 = VECTOR('',#8345,1.);
#8345 = DIRECTION('',(1.,0.,0.));
#8346 = ORIENTED_EDGE('',*,*,#8293,.F.);
#8347 = PLANE('',#8348);
#8348 = AXIS2_PLACEMENT_3D('',#8349,#8350,#8351);
#8349 = CARTESIAN_POINT('',(3.625,0.175,4.2));
#8350 = DIRECTION('',(0.,1.,0.));
#8351 = DIRECTION('',(0.,0.,-1.));
#8352 = ADVANCED_FACE('',(#8353),#8369,.T.);
#8353 = FACE_BOUND('',#8354,.T.);
#8354 = EDGE_LOOP('',(#8355,#8361,#8362,#8368));
#8355 = ORIENTED_EDGE('',*,*,#8356,.F.);
#8356 = EDGE_CURVE('',#7859,#7172,#8357,.T.);
#8357 = LINE('',#8358,#8359);
#8358 = CARTESIAN_POINT('',(-2.225,0.67,0.15));
#8359 = VECTOR('',#8360,1.);
#8360 = DIRECTION('',(0.,0.,1.));
#8361 = ORIENTED_EDGE('',*,*,#7858,.T.);
#8362 = ORIENTED_EDGE('',*,*,#8363,.T.);
#8363 = EDGE_CURVE('',#7861,#7174,#8364,.T.);
#8364 = LINE('',#8365,#8366);
#8365 = CARTESIAN_POINT('',(-2.225,2.07,0.15));
#8366 = VECTOR('',#8367,1.);
#8367 = DIRECTION('',(0.,0.,1.));
#8368 = ORIENTED_EDGE('',*,*,#7171,.F.);
#8369 = PLANE('',#8370);
#8370 = AXIS2_PLACEMENT_3D('',#8371,#8372,#8373);
#8371 = CARTESIAN_POINT('',(-2.225,0.67,0.15));
#8372 = DIRECTION('',(1.,0.,0.));
#8373 = DIRECTION('',(0.,0.,1.));
#8374 = ADVANCED_FACE('',(#8375),#8386,.F.);
#8375 = FACE_BOUND('',#8376,.F.);
#8376 = EDGE_LOOP('',(#8377,#8378,#8379,#8380));
#8377 = ORIENTED_EDGE('',*,*,#7868,.F.);
#8378 = ORIENTED_EDGE('',*,*,#8363,.T.);
#8379 = ORIENTED_EDGE('',*,*,#7181,.T.);
#8380 = ORIENTED_EDGE('',*,*,#8381,.F.);
#8381 = EDGE_CURVE('',#7869,#7182,#8382,.T.);
#8382 = LINE('',#8383,#8384);
#8383 = CARTESIAN_POINT('',(2.225,2.07,0.15));
#8384 = VECTOR('',#8385,1.);
#8385 = DIRECTION('',(0.,0.,1.));
#8386 = PLANE('',#8387);
#8387 = AXIS2_PLACEMENT_3D('',#8388,#8389,#8390);
#8388 = CARTESIAN_POINT('',(-2.225,2.07,0.15));
#8389 = DIRECTION('',(0.,1.,0.));
#8390 = DIRECTION('',(0.,-0.,1.));
#8391 = ADVANCED_FACE('',(#8392,#8403),#8437,.T.);
#8392 = FACE_BOUND('',#8393,.T.);
#8393 = EDGE_LOOP('',(#8394,#8395,#8396,#8397));
#8394 = ORIENTED_EDGE('',*,*,#7884,.F.);
#8395 = ORIENTED_EDGE('',*,*,#8356,.T.);
#8396 = ORIENTED_EDGE('',*,*,#7197,.T.);
#8397 = ORIENTED_EDGE('',*,*,#8398,.F.);
#8398 = EDGE_CURVE('',#7877,#7190,#8399,.T.);
#8399 = LINE('',#8400,#8401);
#8400 = CARTESIAN_POINT('',(2.225,0.67,0.15));
#8401 = VECTOR('',#8402,1.);
#8402 = DIRECTION('',(0.,0.,1.));
#8403 = FACE_BOUND('',#8404,.T.);
#8404 = EDGE_LOOP('',(#8405,#8415,#8423,#8431));
#8405 = ORIENTED_EDGE('',*,*,#8406,.T.);
#8406 = EDGE_CURVE('',#8407,#8409,#8411,.T.);
#8407 = VERTEX_POINT('',#8408);
#8408 = CARTESIAN_POINT('',(-1.225,0.67,3.4));
#8409 = VERTEX_POINT('',#8410);
#8410 = CARTESIAN_POINT('',(-1.225,0.67,2.4));
#8411 = LINE('',#8412,#8413);
#8412 = CARTESIAN_POINT('',(-1.225,0.67,3.4));
#8413 = VECTOR('',#8414,1.);
#8414 = DIRECTION('',(0.,5.551115123126E-17,-1.));
#8415 = ORIENTED_EDGE('',*,*,#8416,.T.);
#8416 = EDGE_CURVE('',#8409,#8417,#8419,.T.);
#8417 = VERTEX_POINT('',#8418);
#8418 = CARTESIAN_POINT('',(1.225,0.67,2.4));
#8419 = LINE('',#8420,#8421);
#8420 = CARTESIAN_POINT('',(-1.225,0.67,2.4));
#8421 = VECTOR('',#8422,1.);
#8422 = DIRECTION('',(1.,0.,0.));
#8423 = ORIENTED_EDGE('',*,*,#8424,.F.);
#8424 = EDGE_CURVE('',#8425,#8417,#8427,.T.);
#8425 = VERTEX_POINT('',#8426);
#8426 = CARTESIAN_POINT('',(1.225,0.67,3.4));
#8427 = LINE('',#8428,#8429);
#8428 = CARTESIAN_POINT('',(1.225,0.67,3.4));
#8429 = VECTOR('',#8430,1.);
#8430 = DIRECTION('',(0.,5.551115123126E-17,-1.));
#8431 = ORIENTED_EDGE('',*,*,#8432,.F.);
#8432 = EDGE_CURVE('',#8407,#8425,#8433,.T.);
#8433 = LINE('',#8434,#8435);
#8434 = CARTESIAN_POINT('',(-1.225,0.67,3.4));
#8435 = VECTOR('',#8436,1.);
#8436 = DIRECTION('',(1.,0.,0.));
#8437 = PLANE('',#8438);
#8438 = AXIS2_PLACEMENT_3D('',#8439,#8440,#8441);
#8439 = CARTESIAN_POINT('',(-2.225,0.67,0.15));
#8440 = DIRECTION('',(0.,1.,0.));
#8441 = DIRECTION('',(0.,-0.,1.));
#8442 = ADVANCED_FACE('',(#8443),#8449,.F.);
#8443 = FACE_BOUND('',#8444,.F.);
#8444 = EDGE_LOOP('',(#8445,#8446,#8447,#8448));
#8445 = ORIENTED_EDGE('',*,*,#8398,.F.);
#8446 = ORIENTED_EDGE('',*,*,#7876,.T.);
#8447 = ORIENTED_EDGE('',*,*,#8381,.T.);
#8448 = ORIENTED_EDGE('',*,*,#7189,.F.);
#8449 = PLANE('',#8450);
#8450 = AXIS2_PLACEMENT_3D('',#8451,#8452,#8453);
#8451 = CARTESIAN_POINT('',(2.225,0.67,0.15));
#8452 = DIRECTION('',(1.,0.,0.));
#8453 = DIRECTION('',(0.,0.,1.));
#8454 = ADVANCED_FACE('',(#8455),#8480,.F.);
#8455 = FACE_BOUND('',#8456,.F.);
#8456 = EDGE_LOOP('',(#8457,#8465,#8473,#8479));
#8457 = ORIENTED_EDGE('',*,*,#8458,.T.);
#8458 = EDGE_CURVE('',#7206,#8459,#8461,.T.);
#8459 = VERTEX_POINT('',#8460);
#8460 = CARTESIAN_POINT('',(3.125,-1.175,1.6));
#8461 = LINE('',#8462,#8463);
#8462 = CARTESIAN_POINT('',(3.125,-1.175,4.2));
#8463 = VECTOR('',#8464,1.);
#8464 = DIRECTION('',(-0.,-0.,-1.));
#8465 = ORIENTED_EDGE('',*,*,#8466,.T.);
#8466 = EDGE_CURVE('',#8459,#8467,#8469,.T.);
#8467 = VERTEX_POINT('',#8468);
#8468 = CARTESIAN_POINT('',(3.125,0.875,1.6));
#8469 = LINE('',#8470,#8471);
#8470 = CARTESIAN_POINT('',(3.125,-1.175,1.6));
#8471 = VECTOR('',#8472,1.);
#8472 = DIRECTION('',(0.,1.,0.));
#8473 = ORIENTED_EDGE('',*,*,#8474,.F.);
#8474 = EDGE_CURVE('',#7208,#8467,#8475,.T.);
#8475 = LINE('',#8476,#8477);
#8476 = CARTESIAN_POINT('',(3.125,0.875,4.2));
#8477 = VECTOR('',#8478,1.);
#8478 = DIRECTION('',(-0.,-0.,-1.));
#8479 = ORIENTED_EDGE('',*,*,#7205,.F.);
#8480 = PLANE('',#8481);
#8481 = AXIS2_PLACEMENT_3D('',#8482,#8483,#8484);
#8482 = CARTESIAN_POINT('',(3.125,-1.175,4.2));
#8483 = DIRECTION('',(1.,0.,0.));
#8484 = DIRECTION('',(-0.,1.,0.));
#8485 = ADVANCED_FACE('',(#8486),#8504,.F.);
#8486 = FACE_BOUND('',#8487,.F.);
#8487 = EDGE_LOOP('',(#8488,#8496,#8502,#8503));
#8488 = ORIENTED_EDGE('',*,*,#8489,.T.);
#8489 = EDGE_CURVE('',#7216,#8490,#8492,.T.);
#8490 = VERTEX_POINT('',#8491);
#8491 = CARTESIAN_POINT('',(-3.125,-1.175,1.6));
#8492 = LINE('',#8493,#8494);
#8493 = CARTESIAN_POINT('',(-3.125,-1.175,4.2));
#8494 = VECTOR('',#8495,1.);
#8495 = DIRECTION('',(-0.,-0.,-1.));
#8496 = ORIENTED_EDGE('',*,*,#8497,.T.);
#8497 = EDGE_CURVE('',#8490,#8459,#8498,.T.);
#8498 = LINE('',#8499,#8500);
#8499 = CARTESIAN_POINT('',(-3.125,-1.175,1.6));
#8500 = VECTOR('',#8501,1.);
#8501 = DIRECTION('',(1.,0.,0.));
#8502 = ORIENTED_EDGE('',*,*,#8458,.F.);
#8503 = ORIENTED_EDGE('',*,*,#7215,.F.);
#8504 = PLANE('',#8505);
#8505 = AXIS2_PLACEMENT_3D('',#8506,#8507,#8508);
#8506 = CARTESIAN_POINT('',(-3.125,-1.175,4.2));
#8507 = DIRECTION('',(0.,-1.,0.));
#8508 = DIRECTION('',(1.,0.,0.));
#8509 = ADVANCED_FACE('',(#8510),#8528,.F.);
#8510 = FACE_BOUND('',#8511,.F.);
#8511 = EDGE_LOOP('',(#8512,#8513,#8521,#8527));
#8512 = ORIENTED_EDGE('',*,*,#8474,.T.);
#8513 = ORIENTED_EDGE('',*,*,#8514,.T.);
#8514 = EDGE_CURVE('',#8467,#8515,#8517,.T.);
#8515 = VERTEX_POINT('',#8516);
#8516 = CARTESIAN_POINT('',(2.625,0.875,1.6));
#8517 = LINE('',#8518,#8519);
#8518 = CARTESIAN_POINT('',(3.125,0.875,1.6));
#8519 = VECTOR('',#8520,1.);
#8520 = DIRECTION('',(-1.,0.,0.));
#8521 = ORIENTED_EDGE('',*,*,#8522,.F.);
#8522 = EDGE_CURVE('',#7512,#8515,#8523,.T.);
#8523 = LINE('',#8524,#8525);
#8524 = CARTESIAN_POINT('',(2.625,0.875,4.2));
#8525 = VECTOR('',#8526,1.);
#8526 = DIRECTION('',(-0.,-0.,-1.));
#8527 = ORIENTED_EDGE('',*,*,#7519,.F.);
#8528 = PLANE('',#8529);
#8529 = AXIS2_PLACEMENT_3D('',#8530,#8531,#8532);
#8530 = CARTESIAN_POINT('',(3.125,0.875,4.2));
#8531 = DIRECTION('',(0.,1.,0.));
#8532 = DIRECTION('',(-1.,0.,0.));
#8533 = ADVANCED_FACE('',(#8534),#8552,.F.);
#8534 = FACE_BOUND('',#8535,.F.);
#8535 = EDGE_LOOP('',(#8536,#8544,#8550,#8551));
#8536 = ORIENTED_EDGE('',*,*,#8537,.T.);
#8537 = EDGE_CURVE('',#7224,#8538,#8540,.T.);
#8538 = VERTEX_POINT('',#8539);
#8539 = CARTESIAN_POINT('',(-3.125,0.875,1.6));
#8540 = LINE('',#8541,#8542);
#8541 = CARTESIAN_POINT('',(-3.125,0.875,4.2));
#8542 = VECTOR('',#8543,1.);
#8543 = DIRECTION('',(-0.,-0.,-1.));
#8544 = ORIENTED_EDGE('',*,*,#8545,.T.);
#8545 = EDGE_CURVE('',#8538,#8490,#8546,.T.);
#8546 = LINE('',#8547,#8548);
#8547 = CARTESIAN_POINT('',(-3.125,0.875,1.6));
#8548 = VECTOR('',#8549,1.);
#8549 = DIRECTION('',(0.,-1.,0.));
#8550 = ORIENTED_EDGE('',*,*,#8489,.F.);
#8551 = ORIENTED_EDGE('',*,*,#7223,.F.);
#8552 = PLANE('',#8553);
#8553 = AXIS2_PLACEMENT_3D('',#8554,#8555,#8556);
#8554 = CARTESIAN_POINT('',(-3.125,0.875,4.2));
#8555 = DIRECTION('',(-1.,0.,0.));
#8556 = DIRECTION('',(0.,-1.,0.));
#8557 = ADVANCED_FACE('',(#8558),#8576,.F.);
#8558 = FACE_BOUND('',#8559,.F.);
#8559 = EDGE_LOOP('',(#8560,#8561,#8569,#8575));
#8560 = ORIENTED_EDGE('',*,*,#8522,.T.);
#8561 = ORIENTED_EDGE('',*,*,#8562,.T.);
#8562 = EDGE_CURVE('',#8515,#8563,#8565,.T.);
#8563 = VERTEX_POINT('',#8564);
#8564 = CARTESIAN_POINT('',(2.625,0.375,1.6));
#8565 = LINE('',#8566,#8567);
#8566 = CARTESIAN_POINT('',(2.625,0.875,1.6));
#8567 = VECTOR('',#8568,1.);
#8568 = DIRECTION('',(0.,-1.,0.));
#8569 = ORIENTED_EDGE('',*,*,#8570,.F.);
#8570 = EDGE_CURVE('',#7504,#8563,#8571,.T.);
#8571 = LINE('',#8572,#8573);
#8572 = CARTESIAN_POINT('',(2.625,0.375,4.2));
#8573 = VECTOR('',#8574,1.);
#8574 = DIRECTION('',(-0.,-0.,-1.));
#8575 = ORIENTED_EDGE('',*,*,#7511,.F.);
#8576 = PLANE('',#8577);
#8577 = AXIS2_PLACEMENT_3D('',#8578,#8579,#8580);
#8578 = CARTESIAN_POINT('',(2.625,0.875,4.2));
#8579 = DIRECTION('',(-1.,0.,0.));
#8580 = DIRECTION('',(0.,-1.,0.));
#8581 = ADVANCED_FACE('',(#8582),#8600,.F.);
#8582 = FACE_BOUND('',#8583,.F.);
#8583 = EDGE_LOOP('',(#8584,#8592,#8598,#8599));
#8584 = ORIENTED_EDGE('',*,*,#8585,.T.);
#8585 = EDGE_CURVE('',#7232,#8586,#8588,.T.);
#8586 = VERTEX_POINT('',#8587);
#8587 = CARTESIAN_POINT('',(-2.625,0.875,1.6));
#8588 = LINE('',#8589,#8590);
#8589 = CARTESIAN_POINT('',(-2.625,0.875,4.2));
#8590 = VECTOR('',#8591,1.);
#8591 = DIRECTION('',(-0.,-0.,-1.));
#8592 = ORIENTED_EDGE('',*,*,#8593,.T.);
#8593 = EDGE_CURVE('',#8586,#8538,#8594,.T.);
#8594 = LINE('',#8595,#8596);
#8595 = CARTESIAN_POINT('',(-2.625,0.875,1.6));
#8596 = VECTOR('',#8597,1.);
#8597 = DIRECTION('',(-1.,0.,0.));
#8598 = ORIENTED_EDGE('',*,*,#8537,.F.);
#8599 = ORIENTED_EDGE('',*,*,#7231,.F.);
#8600 = PLANE('',#8601);
#8601 = AXIS2_PLACEMENT_3D('',#8602,#8603,#8604);
#8602 = CARTESIAN_POINT('',(-2.625,0.875,4.2));
#8603 = DIRECTION('',(0.,1.,0.));
#8604 = DIRECTION('',(-1.,0.,0.));
#8605 = ADVANCED_FACE('',(#8606),#8624,.F.);
#8606 = FACE_BOUND('',#8607,.F.);
#8607 = EDGE_LOOP('',(#8608,#8609,#8617,#8623));
#8608 = ORIENTED_EDGE('',*,*,#8570,.T.);
#8609 = ORIENTED_EDGE('',*,*,#8610,.T.);
#8610 = EDGE_CURVE('',#8563,#8611,#8613,.T.);
#8611 = VERTEX_POINT('',#8612);
#8612 = CARTESIAN_POINT('',(2.125,0.375,1.6));
#8613 = LINE('',#8614,#8615);
#8614 = CARTESIAN_POINT('',(2.625,0.375,1.6));
#8615 = VECTOR('',#8616,1.);
#8616 = DIRECTION('',(-1.,0.,0.));
#8617 = ORIENTED_EDGE('',*,*,#8618,.F.);
#8618 = EDGE_CURVE('',#7496,#8611,#8619,.T.);
#8619 = LINE('',#8620,#8621);
#8620 = CARTESIAN_POINT('',(2.125,0.375,4.2));
#8621 = VECTOR('',#8622,1.);
#8622 = DIRECTION('',(-0.,-0.,-1.));
#8623 = ORIENTED_EDGE('',*,*,#7503,.F.);
#8624 = PLANE('',#8625);
#8625 = AXIS2_PLACEMENT_3D('',#8626,#8627,#8628);
#8626 = CARTESIAN_POINT('',(2.625,0.375,4.2));
#8627 = DIRECTION('',(0.,1.,0.));
#8628 = DIRECTION('',(-1.,0.,0.));
#8629 = ADVANCED_FACE('',(#8630),#8648,.F.);
#8630 = FACE_BOUND('',#8631,.F.);
#8631 = EDGE_LOOP('',(#8632,#8640,#8646,#8647));
#8632 = ORIENTED_EDGE('',*,*,#8633,.T.);
#8633 = EDGE_CURVE('',#7240,#8634,#8636,.T.);
#8634 = VERTEX_POINT('',#8635);
#8635 = CARTESIAN_POINT('',(-2.625,0.375,1.6));
#8636 = LINE('',#8637,#8638);
#8637 = CARTESIAN_POINT('',(-2.625,0.375,4.2));
#8638 = VECTOR('',#8639,1.);
#8639 = DIRECTION('',(-0.,-0.,-1.));
#8640 = ORIENTED_EDGE('',*,*,#8641,.T.);
#8641 = EDGE_CURVE('',#8634,#8586,#8642,.T.);
#8642 = LINE('',#8643,#8644);
#8643 = CARTESIAN_POINT('',(-2.625,0.375,1.6));
#8644 = VECTOR('',#8645,1.);
#8645 = DIRECTION('',(0.,1.,0.));
#8646 = ORIENTED_EDGE('',*,*,#8585,.F.);
#8647 = ORIENTED_EDGE('',*,*,#7239,.F.);
#8648 = PLANE('',#8649);
#8649 = AXIS2_PLACEMENT_3D('',#8650,#8651,#8652);
#8650 = CARTESIAN_POINT('',(-2.625,0.375,4.2));
#8651 = DIRECTION('',(1.,0.,0.));
#8652 = DIRECTION('',(-0.,1.,0.));
#8653 = ADVANCED_FACE('',(#8654),#8672,.F.);
#8654 = FACE_BOUND('',#8655,.F.);
#8655 = EDGE_LOOP('',(#8656,#8657,#8665,#8671));
#8656 = ORIENTED_EDGE('',*,*,#8618,.T.);
#8657 = ORIENTED_EDGE('',*,*,#8658,.T.);
#8658 = EDGE_CURVE('',#8611,#8659,#8661,.T.);
#8659 = VERTEX_POINT('',#8660);
#8660 = CARTESIAN_POINT('',(2.125,0.175,1.6));
#8661 = LINE('',#8662,#8663);
#8662 = CARTESIAN_POINT('',(2.125,0.375,1.6));
#8663 = VECTOR('',#8664,1.);
#8664 = DIRECTION('',(0.,-1.,0.));
#8665 = ORIENTED_EDGE('',*,*,#8666,.F.);
#8666 = EDGE_CURVE('',#7488,#8659,#8667,.T.);
#8667 = LINE('',#8668,#8669);
#8668 = CARTESIAN_POINT('',(2.125,0.175,4.2));
#8669 = VECTOR('',#8670,1.);
#8670 = DIRECTION('',(-0.,-0.,-1.));
#8671 = ORIENTED_EDGE('',*,*,#7495,.F.);
#8672 = PLANE('',#8673);
#8673 = AXIS2_PLACEMENT_3D('',#8674,#8675,#8676);
#8674 = CARTESIAN_POINT('',(2.125,0.375,4.2));
#8675 = DIRECTION('',(-1.,0.,0.));
#8676 = DIRECTION('',(0.,-1.,0.));
#8677 = ADVANCED_FACE('',(#8678),#8696,.F.);
#8678 = FACE_BOUND('',#8679,.F.);
#8679 = EDGE_LOOP('',(#8680,#8688,#8694,#8695));
#8680 = ORIENTED_EDGE('',*,*,#8681,.T.);
#8681 = EDGE_CURVE('',#7248,#8682,#8684,.T.);
#8682 = VERTEX_POINT('',#8683);
#8683 = CARTESIAN_POINT('',(-2.125,0.375,1.6));
#8684 = LINE('',#8685,#8686);
#8685 = CARTESIAN_POINT('',(-2.125,0.375,4.2));
#8686 = VECTOR('',#8687,1.);
#8687 = DIRECTION('',(-0.,-0.,-1.));
#8688 = ORIENTED_EDGE('',*,*,#8689,.T.);
#8689 = EDGE_CURVE('',#8682,#8634,#8690,.T.);
#8690 = LINE('',#8691,#8692);
#8691 = CARTESIAN_POINT('',(-2.125,0.375,1.6));
#8692 = VECTOR('',#8693,1.);
#8693 = DIRECTION('',(-1.,0.,0.));
#8694 = ORIENTED_EDGE('',*,*,#8633,.F.);
#8695 = ORIENTED_EDGE('',*,*,#7247,.F.);
#8696 = PLANE('',#8697);
#8697 = AXIS2_PLACEMENT_3D('',#8698,#8699,#8700);
#8698 = CARTESIAN_POINT('',(-2.125,0.375,4.2));
#8699 = DIRECTION('',(0.,1.,0.));
#8700 = DIRECTION('',(-1.,0.,0.));
#8701 = ADVANCED_FACE('',(#8702),#8728,.F.);
#8702 = FACE_BOUND('',#8703,.F.);
#8703 = EDGE_LOOP('',(#8704,#8705,#8713,#8721,#8727));
#8704 = ORIENTED_EDGE('',*,*,#8666,.T.);
#8705 = ORIENTED_EDGE('',*,*,#8706,.T.);
#8706 = EDGE_CURVE('',#8659,#8707,#8709,.T.);
#8707 = VERTEX_POINT('',#8708);
#8708 = CARTESIAN_POINT('',(1.975,0.175,1.6));
#8709 = LINE('',#8710,#8711);
#8710 = CARTESIAN_POINT('',(2.125,0.175,1.6));
#8711 = VECTOR('',#8712,1.);
#8712 = DIRECTION('',(-1.,0.,0.));
#8713 = ORIENTED_EDGE('',*,*,#8714,.F.);
#8714 = EDGE_CURVE('',#8715,#8707,#8717,.T.);
#8715 = VERTEX_POINT('',#8716);
#8716 = CARTESIAN_POINT('',(1.975,0.175,3.4804));
#8717 = LINE('',#8718,#8719);
#8718 = CARTESIAN_POINT('',(1.975,0.175,4.2));
#8719 = VECTOR('',#8720,1.);
#8720 = DIRECTION('',(-0.,-0.,-1.));
#8721 = ORIENTED_EDGE('',*,*,#8722,.F.);
#8722 = EDGE_CURVE('',#7480,#8715,#8723,.T.);
#8723 = LINE('',#8724,#8725);
#8724 = CARTESIAN_POINT('',(1.975,0.175,4.2));
#8725 = VECTOR('',#8726,1.);
#8726 = DIRECTION('',(-0.,-0.,-1.));
#8727 = ORIENTED_EDGE('',*,*,#7487,.F.);
#8728 = PLANE('',#8729);
#8729 = AXIS2_PLACEMENT_3D('',#8730,#8731,#8732);
#8730 = CARTESIAN_POINT('',(2.125,0.175,4.2));
#8731 = DIRECTION('',(0.,1.,0.));
#8732 = DIRECTION('',(-1.,0.,0.));
#8733 = ADVANCED_FACE('',(#8734),#8752,.F.);
#8734 = FACE_BOUND('',#8735,.F.);
#8735 = EDGE_LOOP('',(#8736,#8744,#8750,#8751));
#8736 = ORIENTED_EDGE('',*,*,#8737,.T.);
#8737 = EDGE_CURVE('',#7256,#8738,#8740,.T.);
#8738 = VERTEX_POINT('',#8739);
#8739 = CARTESIAN_POINT('',(-2.125,0.175,1.6));
#8740 = LINE('',#8741,#8742);
#8741 = CARTESIAN_POINT('',(-2.125,0.175,4.2));
#8742 = VECTOR('',#8743,1.);
#8743 = DIRECTION('',(-0.,-0.,-1.));
#8744 = ORIENTED_EDGE('',*,*,#8745,.T.);
#8745 = EDGE_CURVE('',#8738,#8682,#8746,.T.);
#8746 = LINE('',#8747,#8748);
#8747 = CARTESIAN_POINT('',(-2.125,0.175,1.6));
#8748 = VECTOR('',#8749,1.);
#8749 = DIRECTION('',(0.,1.,0.));
#8750 = ORIENTED_EDGE('',*,*,#8681,.F.);
#8751 = ORIENTED_EDGE('',*,*,#7255,.F.);
#8752 = PLANE('',#8753);
#8753 = AXIS2_PLACEMENT_3D('',#8754,#8755,#8756);
#8754 = CARTESIAN_POINT('',(-2.125,0.175,4.2));
#8755 = DIRECTION('',(1.,0.,0.));
#8756 = DIRECTION('',(-0.,1.,0.));
#8757 = ADVANCED_FACE('',(#8758),#8792,.F.);
#8758 = FACE_BOUND('',#8759,.F.);
#8759 = EDGE_LOOP('',(#8760,#8761,#8762,#8770,#8778,#8786));
#8760 = ORIENTED_EDGE('',*,*,#7479,.F.);
#8761 = ORIENTED_EDGE('',*,*,#8722,.T.);
#8762 = ORIENTED_EDGE('',*,*,#8763,.T.);
#8763 = EDGE_CURVE('',#8715,#8764,#8766,.T.);
#8764 = VERTEX_POINT('',#8765);
#8765 = CARTESIAN_POINT('',(1.975,0.2946,3.6));
#8766 = LINE('',#8767,#8768);
#8767 = CARTESIAN_POINT('',(1.975,-0.1054,3.2));
#8768 = VECTOR('',#8769,1.);
#8769 = DIRECTION('',(0.,0.707106781187,0.707106781187));
#8770 = ORIENTED_EDGE('',*,*,#8771,.T.);
#8771 = EDGE_CURVE('',#8764,#8772,#8774,.T.);
#8772 = VERTEX_POINT('',#8773);
#8773 = CARTESIAN_POINT('',(1.975,0.2946,1.6));
#8774 = LINE('',#8775,#8776);
#8775 = CARTESIAN_POINT('',(1.975,0.2946,3.6));
#8776 = VECTOR('',#8777,1.);
#8777 = DIRECTION('',(0.,0.,-1.));
#8778 = ORIENTED_EDGE('',*,*,#8779,.T.);
#8779 = EDGE_CURVE('',#8772,#8780,#8782,.T.);
#8780 = VERTEX_POINT('',#8781);
#8781 = CARTESIAN_POINT('',(1.975,0.375,1.6));
#8782 = LINE('',#8783,#8784);
#8783 = CARTESIAN_POINT('',(1.975,0.175,1.6));
#8784 = VECTOR('',#8785,1.);
#8785 = DIRECTION('',(0.,1.,0.));
#8786 = ORIENTED_EDGE('',*,*,#8787,.F.);
#8787 = EDGE_CURVE('',#7472,#8780,#8788,.T.);
#8788 = LINE('',#8789,#8790);
#8789 = CARTESIAN_POINT('',(1.975,0.375,4.2));
#8790 = VECTOR('',#8791,1.);
#8791 = DIRECTION('',(-0.,-0.,-1.));
#8792 = PLANE('',#8793);
#8793 = AXIS2_PLACEMENT_3D('',#8794,#8795,#8796);
#8794 = CARTESIAN_POINT('',(1.975,0.175,4.2));
#8795 = DIRECTION('',(1.,0.,0.));
#8796 = DIRECTION('',(-0.,1.,0.));
#8797 = ADVANCED_FACE('',(#8798),#8824,.F.);
#8798 = FACE_BOUND('',#8799,.F.);
#8799 = EDGE_LOOP('',(#8800,#8808,#8816,#8822,#8823));
#8800 = ORIENTED_EDGE('',*,*,#8801,.T.);
#8801 = EDGE_CURVE('',#7264,#8802,#8804,.T.);
#8802 = VERTEX_POINT('',#8803);
#8803 = CARTESIAN_POINT('',(-1.975,0.175,3.4804));
#8804 = LINE('',#8805,#8806);
#8805 = CARTESIAN_POINT('',(-1.975,0.175,4.2));
#8806 = VECTOR('',#8807,1.);
#8807 = DIRECTION('',(-0.,-0.,-1.));
#8808 = ORIENTED_EDGE('',*,*,#8809,.T.);
#8809 = EDGE_CURVE('',#8802,#8810,#8812,.T.);
#8810 = VERTEX_POINT('',#8811);
#8811 = CARTESIAN_POINT('',(-1.975,0.175,1.6));
#8812 = LINE('',#8813,#8814);
#8813 = CARTESIAN_POINT('',(-1.975,0.175,4.2));
#8814 = VECTOR('',#8815,1.);
#8815 = DIRECTION('',(-0.,-0.,-1.));
#8816 = ORIENTED_EDGE('',*,*,#8817,.T.);
#8817 = EDGE_CURVE('',#8810,#8738,#8818,.T.);
#8818 = LINE('',#8819,#8820);
#8819 = CARTESIAN_POINT('',(-1.975,0.175,1.6));
#8820 = VECTOR('',#8821,1.);
#8821 = DIRECTION('',(-1.,0.,0.));
#8822 = ORIENTED_EDGE('',*,*,#8737,.F.);
#8823 = ORIENTED_EDGE('',*,*,#7263,.F.);
#8824 = PLANE('',#8825);
#8825 = AXIS2_PLACEMENT_3D('',#8826,#8827,#8828);
#8826 = CARTESIAN_POINT('',(-1.975,0.175,4.2));
#8827 = DIRECTION('',(0.,1.,0.));
#8828 = DIRECTION('',(-1.,0.,0.));
#8829 = ADVANCED_FACE('',(#8830),#8848,.F.);
#8830 = FACE_BOUND('',#8831,.F.);
#8831 = EDGE_LOOP('',(#8832,#8833,#8841,#8847));
#8832 = ORIENTED_EDGE('',*,*,#8787,.T.);
#8833 = ORIENTED_EDGE('',*,*,#8834,.T.);
#8834 = EDGE_CURVE('',#8780,#8835,#8837,.T.);
#8835 = VERTEX_POINT('',#8836);
#8836 = CARTESIAN_POINT('',(1.775,0.375,1.6));
#8837 = LINE('',#8838,#8839);
#8838 = CARTESIAN_POINT('',(1.975,0.375,1.6));
#8839 = VECTOR('',#8840,1.);
#8840 = DIRECTION('',(-1.,0.,0.));
#8841 = ORIENTED_EDGE('',*,*,#8842,.F.);
#8842 = EDGE_CURVE('',#7464,#8835,#8843,.T.);
#8843 = LINE('',#8844,#8845);
#8844 = CARTESIAN_POINT('',(1.775,0.375,4.2));
#8845 = VECTOR('',#8846,1.);
#8846 = DIRECTION('',(-0.,-0.,-1.));
#8847 = ORIENTED_EDGE('',*,*,#7471,.F.);
#8848 = PLANE('',#8849);
#8849 = AXIS2_PLACEMENT_3D('',#8850,#8851,#8852);
#8850 = CARTESIAN_POINT('',(1.975,0.375,4.2));
#8851 = DIRECTION('',(0.,1.,0.));
#8852 = DIRECTION('',(-1.,0.,0.));
#8853 = ADVANCED_FACE('',(#8854),#8888,.F.);
#8854 = FACE_BOUND('',#8855,.F.);
#8855 = EDGE_LOOP('',(#8856,#8857,#8865,#8873,#8881,#8887));
#8856 = ORIENTED_EDGE('',*,*,#7271,.F.);
#8857 = ORIENTED_EDGE('',*,*,#8858,.T.);
#8858 = EDGE_CURVE('',#7272,#8859,#8861,.T.);
#8859 = VERTEX_POINT('',#8860);
#8860 = CARTESIAN_POINT('',(-1.975,0.375,1.6));
#8861 = LINE('',#8862,#8863);
#8862 = CARTESIAN_POINT('',(-1.975,0.375,4.2));
#8863 = VECTOR('',#8864,1.);
#8864 = DIRECTION('',(-0.,-0.,-1.));
#8865 = ORIENTED_EDGE('',*,*,#8866,.T.);
#8866 = EDGE_CURVE('',#8859,#8867,#8869,.T.);
#8867 = VERTEX_POINT('',#8868);
#8868 = CARTESIAN_POINT('',(-1.975,0.2946,1.6));
#8869 = LINE('',#8870,#8871);
#8870 = CARTESIAN_POINT('',(-1.975,0.375,1.6));
#8871 = VECTOR('',#8872,1.);
#8872 = DIRECTION('',(0.,-1.,0.));
#8873 = ORIENTED_EDGE('',*,*,#8874,.F.);
#8874 = EDGE_CURVE('',#8875,#8867,#8877,.T.);
#8875 = VERTEX_POINT('',#8876);
#8876 = CARTESIAN_POINT('',(-1.975,0.2946,3.6));
#8877 = LINE('',#8878,#8879);
#8878 = CARTESIAN_POINT('',(-1.975,0.2946,3.6));
#8879 = VECTOR('',#8880,1.);
#8880 = DIRECTION('',(0.,0.,-1.));
#8881 = ORIENTED_EDGE('',*,*,#8882,.F.);
#8882 = EDGE_CURVE('',#8802,#8875,#8883,.T.);
#8883 = LINE('',#8884,#8885);
#8884 = CARTESIAN_POINT('',(-1.975,-0.1054,3.2));
#8885 = VECTOR('',#8886,1.);
#8886 = DIRECTION('',(0.,0.707106781187,0.707106781187));
#8887 = ORIENTED_EDGE('',*,*,#8801,.F.);
#8888 = PLANE('',#8889);
#8889 = AXIS2_PLACEMENT_3D('',#8890,#8891,#8892);
#8890 = CARTESIAN_POINT('',(-1.975,0.375,4.2));
#8891 = DIRECTION('',(-1.,0.,0.));
#8892 = DIRECTION('',(0.,-1.,0.));
#8893 = ADVANCED_FACE('',(#8894),#8928,.F.);
#8894 = FACE_BOUND('',#8895,.F.);
#8895 = EDGE_LOOP('',(#8896,#8897,#8898,#8906,#8914,#8922));
#8896 = ORIENTED_EDGE('',*,*,#7463,.F.);
#8897 = ORIENTED_EDGE('',*,*,#8842,.T.);
#8898 = ORIENTED_EDGE('',*,*,#8899,.T.);
#8899 = EDGE_CURVE('',#8835,#8900,#8902,.T.);
#8900 = VERTEX_POINT('',#8901);
#8901 = CARTESIAN_POINT('',(1.775,0.2946,1.6));
#8902 = LINE('',#8903,#8904);
#8903 = CARTESIAN_POINT('',(1.775,0.375,1.6));
#8904 = VECTOR('',#8905,1.);
#8905 = DIRECTION('',(0.,-1.,0.));
#8906 = ORIENTED_EDGE('',*,*,#8907,.F.);
#8907 = EDGE_CURVE('',#8908,#8900,#8910,.T.);
#8908 = VERTEX_POINT('',#8909);
#8909 = CARTESIAN_POINT('',(1.775,0.2946,3.6));
#8910 = LINE('',#8911,#8912);
#8911 = CARTESIAN_POINT('',(1.775,0.2946,3.6));
#8912 = VECTOR('',#8913,1.);
#8913 = DIRECTION('',(0.,0.,-1.));
#8914 = ORIENTED_EDGE('',*,*,#8915,.F.);
#8915 = EDGE_CURVE('',#8916,#8908,#8918,.T.);
#8916 = VERTEX_POINT('',#8917);
#8917 = CARTESIAN_POINT('',(1.775,0.175,3.4804));
#8918 = LINE('',#8919,#8920);
#8919 = CARTESIAN_POINT('',(1.775,-0.1054,3.2));
#8920 = VECTOR('',#8921,1.);
#8921 = DIRECTION('',(0.,0.707106781187,0.707106781187));
#8922 = ORIENTED_EDGE('',*,*,#8923,.F.);
#8923 = EDGE_CURVE('',#7456,#8916,#8924,.T.);
#8924 = LINE('',#8925,#8926);
#8925 = CARTESIAN_POINT('',(1.775,0.175,4.2));
#8926 = VECTOR('',#8927,1.);
#8927 = DIRECTION('',(-0.,-0.,-1.));
#8928 = PLANE('',#8929);
#8929 = AXIS2_PLACEMENT_3D('',#8930,#8931,#8932);
#8930 = CARTESIAN_POINT('',(1.775,0.375,4.2));
#8931 = DIRECTION('',(-1.,0.,0.));
#8932 = DIRECTION('',(0.,-1.,0.));
#8933 = ADVANCED_FACE('',(#8934),#8952,.F.);
#8934 = FACE_BOUND('',#8935,.F.);
#8935 = EDGE_LOOP('',(#8936,#8944,#8950,#8951));
#8936 = ORIENTED_EDGE('',*,*,#8937,.T.);
#8937 = EDGE_CURVE('',#7280,#8938,#8940,.T.);
#8938 = VERTEX_POINT('',#8939);
#8939 = CARTESIAN_POINT('',(-1.775,0.375,1.6));
#8940 = LINE('',#8941,#8942);
#8941 = CARTESIAN_POINT('',(-1.775,0.375,4.2));
#8942 = VECTOR('',#8943,1.);
#8943 = DIRECTION('',(-0.,-0.,-1.));
#8944 = ORIENTED_EDGE('',*,*,#8945,.T.);
#8945 = EDGE_CURVE('',#8938,#8859,#8946,.T.);
#8946 = LINE('',#8947,#8948);
#8947 = CARTESIAN_POINT('',(-1.775,0.375,1.6));
#8948 = VECTOR('',#8949,1.);
#8949 = DIRECTION('',(-1.,0.,0.));
#8950 = ORIENTED_EDGE('',*,*,#8858,.F.);
#8951 = ORIENTED_EDGE('',*,*,#7279,.F.);
#8952 = PLANE('',#8953);
#8953 = AXIS2_PLACEMENT_3D('',#8954,#8955,#8956);
#8954 = CARTESIAN_POINT('',(-1.775,0.375,4.2));
#8955 = DIRECTION('',(0.,1.,0.));
#8956 = DIRECTION('',(-1.,0.,0.));
#8957 = ADVANCED_FACE('',(#8958),#8984,.F.);
#8958 = FACE_BOUND('',#8959,.F.);
#8959 = EDGE_LOOP('',(#8960,#8961,#8969,#8977,#8983));
#8960 = ORIENTED_EDGE('',*,*,#8923,.T.);
#8961 = ORIENTED_EDGE('',*,*,#8962,.T.);
#8962 = EDGE_CURVE('',#8916,#8963,#8965,.T.);
#8963 = VERTEX_POINT('',#8964);
#8964 = CARTESIAN_POINT('',(1.775,0.175,1.6));
#8965 = LINE('',#8966,#8967);
#8966 = CARTESIAN_POINT('',(1.775,0.175,4.2));
#8967 = VECTOR('',#8968,1.);
#8968 = DIRECTION('',(-0.,-0.,-1.));
#8969 = ORIENTED_EDGE('',*,*,#8970,.T.);
#8970 = EDGE_CURVE('',#8963,#8971,#8973,.T.);
#8971 = VERTEX_POINT('',#8972);
#8972 = CARTESIAN_POINT('',(1.625,0.175,1.6));
#8973 = LINE('',#8974,#8975);
#8974 = CARTESIAN_POINT('',(1.775,0.175,1.6));
#8975 = VECTOR('',#8976,1.);
#8976 = DIRECTION('',(-1.,0.,0.));
#8977 = ORIENTED_EDGE('',*,*,#8978,.F.);
#8978 = EDGE_CURVE('',#7448,#8971,#8979,.T.);
#8979 = LINE('',#8980,#8981);
#8980 = CARTESIAN_POINT('',(1.625,0.175,4.2));
#8981 = VECTOR('',#8982,1.);
#8982 = DIRECTION('',(-0.,-0.,-1.));
#8983 = ORIENTED_EDGE('',*,*,#7455,.F.);
#8984 = PLANE('',#8985);
#8985 = AXIS2_PLACEMENT_3D('',#8986,#8987,#8988);
#8986 = CARTESIAN_POINT('',(1.775,0.175,4.2));
#8987 = DIRECTION('',(0.,1.,0.));
#8988 = DIRECTION('',(-1.,0.,0.));
#8989 = ADVANCED_FACE('',(#8990),#9024,.F.);
#8990 = FACE_BOUND('',#8991,.F.);
#8991 = EDGE_LOOP('',(#8992,#8993,#9001,#9009,#9017,#9023));
#8992 = ORIENTED_EDGE('',*,*,#7287,.F.);
#8993 = ORIENTED_EDGE('',*,*,#8994,.T.);
#8994 = EDGE_CURVE('',#7288,#8995,#8997,.T.);
#8995 = VERTEX_POINT('',#8996);
#8996 = CARTESIAN_POINT('',(-1.775,0.175,3.4804));
#8997 = LINE('',#8998,#8999);
#8998 = CARTESIAN_POINT('',(-1.775,0.175,4.2));
#8999 = VECTOR('',#9000,1.);
#9000 = DIRECTION('',(-0.,-0.,-1.));
#9001 = ORIENTED_EDGE('',*,*,#9002,.T.);
#9002 = EDGE_CURVE('',#8995,#9003,#9005,.T.);
#9003 = VERTEX_POINT('',#9004);
#9004 = CARTESIAN_POINT('',(-1.775,0.2946,3.6));
#9005 = LINE('',#9006,#9007);
#9006 = CARTESIAN_POINT('',(-1.775,-0.1054,3.2));
#9007 = VECTOR('',#9008,1.);
#9008 = DIRECTION('',(0.,0.707106781187,0.707106781187));
#9009 = ORIENTED_EDGE('',*,*,#9010,.T.);
#9010 = EDGE_CURVE('',#9003,#9011,#9013,.T.);
#9011 = VERTEX_POINT('',#9012);
#9012 = CARTESIAN_POINT('',(-1.775,0.2946,1.6));
#9013 = LINE('',#9014,#9015);
#9014 = CARTESIAN_POINT('',(-1.775,0.2946,3.6));
#9015 = VECTOR('',#9016,1.);
#9016 = DIRECTION('',(0.,0.,-1.));
#9017 = ORIENTED_EDGE('',*,*,#9018,.T.);
#9018 = EDGE_CURVE('',#9011,#8938,#9019,.T.);
#9019 = LINE('',#9020,#9021);
#9020 = CARTESIAN_POINT('',(-1.775,0.175,1.6));
#9021 = VECTOR('',#9022,1.);
#9022 = DIRECTION('',(0.,1.,0.));
#9023 = ORIENTED_EDGE('',*,*,#8937,.F.);
#9024 = PLANE('',#9025);
#9025 = AXIS2_PLACEMENT_3D('',#9026,#9027,#9028);
#9026 = CARTESIAN_POINT('',(-1.775,0.175,4.2));
#9027 = DIRECTION('',(1.,0.,0.));
#9028 = DIRECTION('',(-0.,1.,0.));
#9029 = ADVANCED_FACE('',(#9030),#9048,.F.);
#9030 = FACE_BOUND('',#9031,.F.);
#9031 = EDGE_LOOP('',(#9032,#9033,#9041,#9047));
#9032 = ORIENTED_EDGE('',*,*,#8978,.T.);
#9033 = ORIENTED_EDGE('',*,*,#9034,.T.);
#9034 = EDGE_CURVE('',#8971,#9035,#9037,.T.);
#9035 = VERTEX_POINT('',#9036);
#9036 = CARTESIAN_POINT('',(1.625,0.375,1.6));
#9037 = LINE('',#9038,#9039);
#9038 = CARTESIAN_POINT('',(1.625,0.175,1.6));
#9039 = VECTOR('',#9040,1.);
#9040 = DIRECTION('',(0.,1.,0.));
#9041 = ORIENTED_EDGE('',*,*,#9042,.F.);
#9042 = EDGE_CURVE('',#7440,#9035,#9043,.T.);
#9043 = LINE('',#9044,#9045);
#9044 = CARTESIAN_POINT('',(1.625,0.375,4.2));
#9045 = VECTOR('',#9046,1.);
#9046 = DIRECTION('',(-0.,-0.,-1.));
#9047 = ORIENTED_EDGE('',*,*,#7447,.F.);
#9048 = PLANE('',#9049);
#9049 = AXIS2_PLACEMENT_3D('',#9050,#9051,#9052);
#9050 = CARTESIAN_POINT('',(1.625,0.175,4.2));
#9051 = DIRECTION('',(1.,0.,0.));
#9052 = DIRECTION('',(-0.,1.,0.));
#9053 = ADVANCED_FACE('',(#9054),#9080,.F.);
#9054 = FACE_BOUND('',#9055,.F.);
#9055 = EDGE_LOOP('',(#9056,#9064,#9072,#9078,#9079));
#9056 = ORIENTED_EDGE('',*,*,#9057,.T.);
#9057 = EDGE_CURVE('',#7296,#9058,#9060,.T.);
#9058 = VERTEX_POINT('',#9059);
#9059 = CARTESIAN_POINT('',(-1.625,0.175,1.6));
#9060 = LINE('',#9061,#9062);
#9061 = CARTESIAN_POINT('',(-1.625,0.175,4.2));
#9062 = VECTOR('',#9063,1.);
#9063 = DIRECTION('',(-0.,-0.,-1.));
#9064 = ORIENTED_EDGE('',*,*,#9065,.T.);
#9065 = EDGE_CURVE('',#9058,#9066,#9068,.T.);
#9066 = VERTEX_POINT('',#9067);
#9067 = CARTESIAN_POINT('',(-1.775,0.175,1.6));
#9068 = LINE('',#9069,#9070);
#9069 = CARTESIAN_POINT('',(-1.625,0.175,1.6));
#9070 = VECTOR('',#9071,1.);
#9071 = DIRECTION('',(-1.,0.,0.));
#9072 = ORIENTED_EDGE('',*,*,#9073,.F.);
#9073 = EDGE_CURVE('',#8995,#9066,#9074,.T.);
#9074 = LINE('',#9075,#9076);
#9075 = CARTESIAN_POINT('',(-1.775,0.175,4.2));
#9076 = VECTOR('',#9077,1.);
#9077 = DIRECTION('',(-0.,-0.,-1.));
#9078 = ORIENTED_EDGE('',*,*,#8994,.F.);
#9079 = ORIENTED_EDGE('',*,*,#7295,.F.);
#9080 = PLANE('',#9081);
#9081 = AXIS2_PLACEMENT_3D('',#9082,#9083,#9084);
#9082 = CARTESIAN_POINT('',(-1.625,0.175,4.2));
#9083 = DIRECTION('',(0.,1.,0.));
#9084 = DIRECTION('',(-1.,0.,0.));
#9085 = ADVANCED_FACE('',(#9086),#9104,.F.);
#9086 = FACE_BOUND('',#9087,.F.);
#9087 = EDGE_LOOP('',(#9088,#9089,#9097,#9103));
#9088 = ORIENTED_EDGE('',*,*,#9042,.T.);
#9089 = ORIENTED_EDGE('',*,*,#9090,.T.);
#9090 = EDGE_CURVE('',#9035,#9091,#9093,.T.);
#9091 = VERTEX_POINT('',#9092);
#9092 = CARTESIAN_POINT('',(0.875,0.375,1.6));
#9093 = LINE('',#9094,#9095);
#9094 = CARTESIAN_POINT('',(1.625,0.375,1.6));
#9095 = VECTOR('',#9096,1.);
#9096 = DIRECTION('',(-1.,0.,0.));
#9097 = ORIENTED_EDGE('',*,*,#9098,.F.);
#9098 = EDGE_CURVE('',#7432,#9091,#9099,.T.);
#9099 = LINE('',#9100,#9101);
#9100 = CARTESIAN_POINT('',(0.875,0.375,4.2));
#9101 = VECTOR('',#9102,1.);
#9102 = DIRECTION('',(-0.,-0.,-1.));
#9103 = ORIENTED_EDGE('',*,*,#7439,.F.);
#9104 = PLANE('',#9105);
#9105 = AXIS2_PLACEMENT_3D('',#9106,#9107,#9108);
#9106 = CARTESIAN_POINT('',(1.625,0.375,4.2));
#9107 = DIRECTION('',(0.,1.,0.));
#9108 = DIRECTION('',(-1.,0.,0.));
#9109 = ADVANCED_FACE('',(#9110),#9128,.F.);
#9110 = FACE_BOUND('',#9111,.F.);
#9111 = EDGE_LOOP('',(#9112,#9120,#9126,#9127));
#9112 = ORIENTED_EDGE('',*,*,#9113,.T.);
#9113 = EDGE_CURVE('',#7304,#9114,#9116,.T.);
#9114 = VERTEX_POINT('',#9115);
#9115 = CARTESIAN_POINT('',(-1.625,0.375,1.6));
#9116 = LINE('',#9117,#9118);
#9117 = CARTESIAN_POINT('',(-1.625,0.375,4.2));
#9118 = VECTOR('',#9119,1.);
#9119 = DIRECTION('',(-0.,-0.,-1.));
#9120 = ORIENTED_EDGE('',*,*,#9121,.T.);
#9121 = EDGE_CURVE('',#9114,#9058,#9122,.T.);
#9122 = LINE('',#9123,#9124);
#9123 = CARTESIAN_POINT('',(-1.625,0.375,1.6));
#9124 = VECTOR('',#9125,1.);
#9125 = DIRECTION('',(0.,-1.,0.));
#9126 = ORIENTED_EDGE('',*,*,#9057,.F.);
#9127 = ORIENTED_EDGE('',*,*,#7303,.F.);
#9128 = PLANE('',#9129);
#9129 = AXIS2_PLACEMENT_3D('',#9130,#9131,#9132);
#9130 = CARTESIAN_POINT('',(-1.625,0.375,4.2));
#9131 = DIRECTION('',(-1.,0.,0.));
#9132 = DIRECTION('',(0.,-1.,0.));
#9133 = ADVANCED_FACE('',(#9134),#9152,.F.);
#9134 = FACE_BOUND('',#9135,.F.);
#9135 = EDGE_LOOP('',(#9136,#9137,#9145,#9151));
#9136 = ORIENTED_EDGE('',*,*,#9098,.T.);
#9137 = ORIENTED_EDGE('',*,*,#9138,.T.);
#9138 = EDGE_CURVE('',#9091,#9139,#9141,.T.);
#9139 = VERTEX_POINT('',#9140);
#9140 = CARTESIAN_POINT('',(0.875,0.175,1.6));
#9141 = LINE('',#9142,#9143);
#9142 = CARTESIAN_POINT('',(0.875,0.375,1.6));
#9143 = VECTOR('',#9144,1.);
#9144 = DIRECTION('',(0.,-1.,0.));
#9145 = ORIENTED_EDGE('',*,*,#9146,.F.);
#9146 = EDGE_CURVE('',#7424,#9139,#9147,.T.);
#9147 = LINE('',#9148,#9149);
#9148 = CARTESIAN_POINT('',(0.875,0.175,4.2));
#9149 = VECTOR('',#9150,1.);
#9150 = DIRECTION('',(-0.,-0.,-1.));
#9151 = ORIENTED_EDGE('',*,*,#7431,.F.);
#9152 = PLANE('',#9153);
#9153 = AXIS2_PLACEMENT_3D('',#9154,#9155,#9156);
#9154 = CARTESIAN_POINT('',(0.875,0.375,4.2));
#9155 = DIRECTION('',(-1.,0.,0.));
#9156 = DIRECTION('',(0.,-1.,0.));
#9157 = ADVANCED_FACE('',(#9158),#9176,.F.);
#9158 = FACE_BOUND('',#9159,.F.);
#9159 = EDGE_LOOP('',(#9160,#9168,#9174,#9175));
#9160 = ORIENTED_EDGE('',*,*,#9161,.T.);
#9161 = EDGE_CURVE('',#7312,#9162,#9164,.T.);
#9162 = VERTEX_POINT('',#9163);
#9163 = CARTESIAN_POINT('',(-0.875,0.375,1.6));
#9164 = LINE('',#9165,#9166);
#9165 = CARTESIAN_POINT('',(-0.875,0.375,4.2));
#9166 = VECTOR('',#9167,1.);
#9167 = DIRECTION('',(-0.,-0.,-1.));
#9168 = ORIENTED_EDGE('',*,*,#9169,.T.);
#9169 = EDGE_CURVE('',#9162,#9114,#9170,.T.);
#9170 = LINE('',#9171,#9172);
#9171 = CARTESIAN_POINT('',(-0.875,0.375,1.6));
#9172 = VECTOR('',#9173,1.);
#9173 = DIRECTION('',(-1.,0.,0.));
#9174 = ORIENTED_EDGE('',*,*,#9113,.F.);
#9175 = ORIENTED_EDGE('',*,*,#7311,.F.);
#9176 = PLANE('',#9177);
#9177 = AXIS2_PLACEMENT_3D('',#9178,#9179,#9180);
#9178 = CARTESIAN_POINT('',(-0.875,0.375,4.2));
#9179 = DIRECTION('',(0.,1.,0.));
#9180 = DIRECTION('',(-1.,0.,0.));
#9181 = ADVANCED_FACE('',(#9182),#9208,.F.);
#9182 = FACE_BOUND('',#9183,.F.);
#9183 = EDGE_LOOP('',(#9184,#9185,#9193,#9201,#9207));
#9184 = ORIENTED_EDGE('',*,*,#9146,.T.);
#9185 = ORIENTED_EDGE('',*,*,#9186,.T.);
#9186 = EDGE_CURVE('',#9139,#9187,#9189,.T.);
#9187 = VERTEX_POINT('',#9188);
#9188 = CARTESIAN_POINT('',(0.725,0.175,1.6));
#9189 = LINE('',#9190,#9191);
#9190 = CARTESIAN_POINT('',(0.875,0.175,1.6));
#9191 = VECTOR('',#9192,1.);
#9192 = DIRECTION('',(-1.,0.,0.));
#9193 = ORIENTED_EDGE('',*,*,#9194,.F.);
#9194 = EDGE_CURVE('',#9195,#9187,#9197,.T.);
#9195 = VERTEX_POINT('',#9196);
#9196 = CARTESIAN_POINT('',(0.725,0.175,3.4804));
#9197 = LINE('',#9198,#9199);
#9198 = CARTESIAN_POINT('',(0.725,0.175,4.2));
#9199 = VECTOR('',#9200,1.);
#9200 = DIRECTION('',(-0.,-0.,-1.));
#9201 = ORIENTED_EDGE('',*,*,#9202,.F.);
#9202 = EDGE_CURVE('',#7416,#9195,#9203,.T.);
#9203 = LINE('',#9204,#9205);
#9204 = CARTESIAN_POINT('',(0.725,0.175,4.2));
#9205 = VECTOR('',#9206,1.);
#9206 = DIRECTION('',(-0.,-0.,-1.));
#9207 = ORIENTED_EDGE('',*,*,#7423,.F.);
#9208 = PLANE('',#9209);
#9209 = AXIS2_PLACEMENT_3D('',#9210,#9211,#9212);
#9210 = CARTESIAN_POINT('',(0.875,0.175,4.2));
#9211 = DIRECTION('',(0.,1.,0.));
#9212 = DIRECTION('',(-1.,0.,0.));
#9213 = ADVANCED_FACE('',(#9214),#9232,.F.);
#9214 = FACE_BOUND('',#9215,.F.);
#9215 = EDGE_LOOP('',(#9216,#9224,#9230,#9231));
#9216 = ORIENTED_EDGE('',*,*,#9217,.T.);
#9217 = EDGE_CURVE('',#7320,#9218,#9220,.T.);
#9218 = VERTEX_POINT('',#9219);
#9219 = CARTESIAN_POINT('',(-0.875,0.175,1.6));
#9220 = LINE('',#9221,#9222);
#9221 = CARTESIAN_POINT('',(-0.875,0.175,4.2));
#9222 = VECTOR('',#9223,1.);
#9223 = DIRECTION('',(-0.,-0.,-1.));
#9224 = ORIENTED_EDGE('',*,*,#9225,.T.);
#9225 = EDGE_CURVE('',#9218,#9162,#9226,.T.);
#9226 = LINE('',#9227,#9228);
#9227 = CARTESIAN_POINT('',(-0.875,0.175,1.6));
#9228 = VECTOR('',#9229,1.);
#9229 = DIRECTION('',(0.,1.,0.));
#9230 = ORIENTED_EDGE('',*,*,#9161,.F.);
#9231 = ORIENTED_EDGE('',*,*,#7319,.F.);
#9232 = PLANE('',#9233);
#9233 = AXIS2_PLACEMENT_3D('',#9234,#9235,#9236);
#9234 = CARTESIAN_POINT('',(-0.875,0.175,4.2));
#9235 = DIRECTION('',(1.,0.,0.));
#9236 = DIRECTION('',(-0.,1.,0.));
#9237 = ADVANCED_FACE('',(#9238),#9272,.F.);
#9238 = FACE_BOUND('',#9239,.F.);
#9239 = EDGE_LOOP('',(#9240,#9241,#9242,#9250,#9258,#9266));
#9240 = ORIENTED_EDGE('',*,*,#7415,.F.);
#9241 = ORIENTED_EDGE('',*,*,#9202,.T.);
#9242 = ORIENTED_EDGE('',*,*,#9243,.T.);
#9243 = EDGE_CURVE('',#9195,#9244,#9246,.T.);
#9244 = VERTEX_POINT('',#9245);
#9245 = CARTESIAN_POINT('',(0.725,0.2946,3.6));
#9246 = LINE('',#9247,#9248);
#9247 = CARTESIAN_POINT('',(0.725,-0.1054,3.2));
#9248 = VECTOR('',#9249,1.);
#9249 = DIRECTION('',(0.,0.707106781187,0.707106781187));
#9250 = ORIENTED_EDGE('',*,*,#9251,.T.);
#9251 = EDGE_CURVE('',#9244,#9252,#9254,.T.);
#9252 = VERTEX_POINT('',#9253);
#9253 = CARTESIAN_POINT('',(0.725,0.2946,1.6));
#9254 = LINE('',#9255,#9256);
#9255 = CARTESIAN_POINT('',(0.725,0.2946,3.6));
#9256 = VECTOR('',#9257,1.);
#9257 = DIRECTION('',(0.,0.,-1.));
#9258 = ORIENTED_EDGE('',*,*,#9259,.T.);
#9259 = EDGE_CURVE('',#9252,#9260,#9262,.T.);
#9260 = VERTEX_POINT('',#9261);
#9261 = CARTESIAN_POINT('',(0.725,0.375,1.6));
#9262 = LINE('',#9263,#9264);
#9263 = CARTESIAN_POINT('',(0.725,0.175,1.6));
#9264 = VECTOR('',#9265,1.);
#9265 = DIRECTION('',(0.,1.,0.));
#9266 = ORIENTED_EDGE('',*,*,#9267,.F.);
#9267 = EDGE_CURVE('',#7408,#9260,#9268,.T.);
#9268 = LINE('',#9269,#9270);
#9269 = CARTESIAN_POINT('',(0.725,0.375,4.2));
#9270 = VECTOR('',#9271,1.);
#9271 = DIRECTION('',(-0.,-0.,-1.));
#9272 = PLANE('',#9273);
#9273 = AXIS2_PLACEMENT_3D('',#9274,#9275,#9276);
#9274 = CARTESIAN_POINT('',(0.725,0.175,4.2));
#9275 = DIRECTION('',(1.,0.,0.));
#9276 = DIRECTION('',(-0.,1.,0.));
#9277 = ADVANCED_FACE('',(#9278),#9304,.F.);
#9278 = FACE_BOUND('',#9279,.F.);
#9279 = EDGE_LOOP('',(#9280,#9288,#9296,#9302,#9303));
#9280 = ORIENTED_EDGE('',*,*,#9281,.T.);
#9281 = EDGE_CURVE('',#7328,#9282,#9284,.T.);
#9282 = VERTEX_POINT('',#9283);
#9283 = CARTESIAN_POINT('',(-0.725,0.175,3.4804));
#9284 = LINE('',#9285,#9286);
#9285 = CARTESIAN_POINT('',(-0.725,0.175,4.2));
#9286 = VECTOR('',#9287,1.);
#9287 = DIRECTION('',(-0.,-0.,-1.));
#9288 = ORIENTED_EDGE('',*,*,#9289,.T.);
#9289 = EDGE_CURVE('',#9282,#9290,#9292,.T.);
#9290 = VERTEX_POINT('',#9291);
#9291 = CARTESIAN_POINT('',(-0.725,0.175,1.6));
#9292 = LINE('',#9293,#9294);
#9293 = CARTESIAN_POINT('',(-0.725,0.175,4.2));
#9294 = VECTOR('',#9295,1.);
#9295 = DIRECTION('',(-0.,-0.,-1.));
#9296 = ORIENTED_EDGE('',*,*,#9297,.T.);
#9297 = EDGE_CURVE('',#9290,#9218,#9298,.T.);
#9298 = LINE('',#9299,#9300);
#9299 = CARTESIAN_POINT('',(-0.725,0.175,1.6));
#9300 = VECTOR('',#9301,1.);
#9301 = DIRECTION('',(-1.,0.,0.));
#9302 = ORIENTED_EDGE('',*,*,#9217,.F.);
#9303 = ORIENTED_EDGE('',*,*,#7327,.F.);
#9304 = PLANE('',#9305);
#9305 = AXIS2_PLACEMENT_3D('',#9306,#9307,#9308);
#9306 = CARTESIAN_POINT('',(-0.725,0.175,4.2));
#9307 = DIRECTION('',(0.,1.,0.));
#9308 = DIRECTION('',(-1.,0.,0.));
#9309 = ADVANCED_FACE('',(#9310),#9328,.F.);
#9310 = FACE_BOUND('',#9311,.F.);
#9311 = EDGE_LOOP('',(#9312,#9313,#9321,#9327));
#9312 = ORIENTED_EDGE('',*,*,#9267,.T.);
#9313 = ORIENTED_EDGE('',*,*,#9314,.T.);
#9314 = EDGE_CURVE('',#9260,#9315,#9317,.T.);
#9315 = VERTEX_POINT('',#9316);
#9316 = CARTESIAN_POINT('',(0.525,0.375,1.6));
#9317 = LINE('',#9318,#9319);
#9318 = CARTESIAN_POINT('',(0.725,0.375,1.6));
#9319 = VECTOR('',#9320,1.);
#9320 = DIRECTION('',(-1.,0.,0.));
#9321 = ORIENTED_EDGE('',*,*,#9322,.F.);
#9322 = EDGE_CURVE('',#7400,#9315,#9323,.T.);
#9323 = LINE('',#9324,#9325);
#9324 = CARTESIAN_POINT('',(0.525,0.375,4.2));
#9325 = VECTOR('',#9326,1.);
#9326 = DIRECTION('',(-0.,-0.,-1.));
#9327 = ORIENTED_EDGE('',*,*,#7407,.F.);
#9328 = PLANE('',#9329);
#9329 = AXIS2_PLACEMENT_3D('',#9330,#9331,#9332);
#9330 = CARTESIAN_POINT('',(0.725,0.375,4.2));
#9331 = DIRECTION('',(0.,1.,0.));
#9332 = DIRECTION('',(-1.,0.,0.));
#9333 = ADVANCED_FACE('',(#9334),#9368,.F.);
#9334 = FACE_BOUND('',#9335,.F.);
#9335 = EDGE_LOOP('',(#9336,#9337,#9345,#9353,#9361,#9367));
#9336 = ORIENTED_EDGE('',*,*,#7335,.F.);
#9337 = ORIENTED_EDGE('',*,*,#9338,.T.);
#9338 = EDGE_CURVE('',#7336,#9339,#9341,.T.);
#9339 = VERTEX_POINT('',#9340);
#9340 = CARTESIAN_POINT('',(-0.725,0.375,1.6));
#9341 = LINE('',#9342,#9343);
#9342 = CARTESIAN_POINT('',(-0.725,0.375,4.2));
#9343 = VECTOR('',#9344,1.);
#9344 = DIRECTION('',(-0.,-0.,-1.));
#9345 = ORIENTED_EDGE('',*,*,#9346,.T.);
#9346 = EDGE_CURVE('',#9339,#9347,#9349,.T.);
#9347 = VERTEX_POINT('',#9348);
#9348 = CARTESIAN_POINT('',(-0.725,0.2946,1.6));
#9349 = LINE('',#9350,#9351);
#9350 = CARTESIAN_POINT('',(-0.725,0.375,1.6));
#9351 = VECTOR('',#9352,1.);
#9352 = DIRECTION('',(0.,-1.,0.));
#9353 = ORIENTED_EDGE('',*,*,#9354,.F.);
#9354 = EDGE_CURVE('',#9355,#9347,#9357,.T.);
#9355 = VERTEX_POINT('',#9356);
#9356 = CARTESIAN_POINT('',(-0.725,0.2946,3.6));
#9357 = LINE('',#9358,#9359);
#9358 = CARTESIAN_POINT('',(-0.725,0.2946,3.6));
#9359 = VECTOR('',#9360,1.);
#9360 = DIRECTION('',(0.,0.,-1.));
#9361 = ORIENTED_EDGE('',*,*,#9362,.F.);
#9362 = EDGE_CURVE('',#9282,#9355,#9363,.T.);
#9363 = LINE('',#9364,#9365);
#9364 = CARTESIAN_POINT('',(-0.725,-0.1054,3.2));
#9365 = VECTOR('',#9366,1.);
#9366 = DIRECTION('',(0.,0.707106781187,0.707106781187));
#9367 = ORIENTED_EDGE('',*,*,#9281,.F.);
#9368 = PLANE('',#9369);
#9369 = AXIS2_PLACEMENT_3D('',#9370,#9371,#9372);
#9370 = CARTESIAN_POINT('',(-0.725,0.375,4.2));
#9371 = DIRECTION('',(-1.,0.,0.));
#9372 = DIRECTION('',(0.,-1.,0.));
#9373 = ADVANCED_FACE('',(#9374),#9408,.F.);
#9374 = FACE_BOUND('',#9375,.F.);
#9375 = EDGE_LOOP('',(#9376,#9377,#9378,#9386,#9394,#9402));
#9376 = ORIENTED_EDGE('',*,*,#7399,.F.);
#9377 = ORIENTED_EDGE('',*,*,#9322,.T.);
#9378 = ORIENTED_EDGE('',*,*,#9379,.T.);
#9379 = EDGE_CURVE('',#9315,#9380,#9382,.T.);
#9380 = VERTEX_POINT('',#9381);
#9381 = CARTESIAN_POINT('',(0.525,0.2946,1.6));
#9382 = LINE('',#9383,#9384);
#9383 = CARTESIAN_POINT('',(0.525,0.375,1.6));
#9384 = VECTOR('',#9385,1.);
#9385 = DIRECTION('',(0.,-1.,0.));
#9386 = ORIENTED_EDGE('',*,*,#9387,.F.);
#9387 = EDGE_CURVE('',#9388,#9380,#9390,.T.);
#9388 = VERTEX_POINT('',#9389);
#9389 = CARTESIAN_POINT('',(0.525,0.2946,3.6));
#9390 = LINE('',#9391,#9392);
#9391 = CARTESIAN_POINT('',(0.525,0.2946,3.6));
#9392 = VECTOR('',#9393,1.);
#9393 = DIRECTION('',(0.,0.,-1.));
#9394 = ORIENTED_EDGE('',*,*,#9395,.F.);
#9395 = EDGE_CURVE('',#9396,#9388,#9398,.T.);
#9396 = VERTEX_POINT('',#9397);
#9397 = CARTESIAN_POINT('',(0.525,0.175,3.4804));
#9398 = LINE('',#9399,#9400);
#9399 = CARTESIAN_POINT('',(0.525,-0.1054,3.2));
#9400 = VECTOR('',#9401,1.);
#9401 = DIRECTION('',(0.,0.707106781187,0.707106781187));
#9402 = ORIENTED_EDGE('',*,*,#9403,.F.);
#9403 = EDGE_CURVE('',#7392,#9396,#9404,.T.);
#9404 = LINE('',#9405,#9406);
#9405 = CARTESIAN_POINT('',(0.525,0.175,4.2));
#9406 = VECTOR('',#9407,1.);
#9407 = DIRECTION('',(-0.,-0.,-1.));
#9408 = PLANE('',#9409);
#9409 = AXIS2_PLACEMENT_3D('',#9410,#9411,#9412);
#9410 = CARTESIAN_POINT('',(0.525,0.375,4.2));
#9411 = DIRECTION('',(-1.,0.,0.));
#9412 = DIRECTION('',(0.,-1.,0.));
#9413 = ADVANCED_FACE('',(#9414),#9432,.F.);
#9414 = FACE_BOUND('',#9415,.F.);
#9415 = EDGE_LOOP('',(#9416,#9424,#9430,#9431));
#9416 = ORIENTED_EDGE('',*,*,#9417,.T.);
#9417 = EDGE_CURVE('',#7344,#9418,#9420,.T.);
#9418 = VERTEX_POINT('',#9419);
#9419 = CARTESIAN_POINT('',(-0.525,0.375,1.6));
#9420 = LINE('',#9421,#9422);
#9421 = CARTESIAN_POINT('',(-0.525,0.375,4.2));
#9422 = VECTOR('',#9423,1.);
#9423 = DIRECTION('',(-0.,-0.,-1.));
#9424 = ORIENTED_EDGE('',*,*,#9425,.T.);
#9425 = EDGE_CURVE('',#9418,#9339,#9426,.T.);
#9426 = LINE('',#9427,#9428);
#9427 = CARTESIAN_POINT('',(-0.525,0.375,1.6));
#9428 = VECTOR('',#9429,1.);
#9429 = DIRECTION('',(-1.,0.,0.));
#9430 = ORIENTED_EDGE('',*,*,#9338,.F.);
#9431 = ORIENTED_EDGE('',*,*,#7343,.F.);
#9432 = PLANE('',#9433);
#9433 = AXIS2_PLACEMENT_3D('',#9434,#9435,#9436);
#9434 = CARTESIAN_POINT('',(-0.525,0.375,4.2));
#9435 = DIRECTION('',(0.,1.,0.));
#9436 = DIRECTION('',(-1.,0.,0.));
#9437 = ADVANCED_FACE('',(#9438),#9464,.F.);
#9438 = FACE_BOUND('',#9439,.F.);
#9439 = EDGE_LOOP('',(#9440,#9441,#9449,#9457,#9463));
#9440 = ORIENTED_EDGE('',*,*,#9403,.T.);
#9441 = ORIENTED_EDGE('',*,*,#9442,.T.);
#9442 = EDGE_CURVE('',#9396,#9443,#9445,.T.);
#9443 = VERTEX_POINT('',#9444);
#9444 = CARTESIAN_POINT('',(0.525,0.175,1.6));
#9445 = LINE('',#9446,#9447);
#9446 = CARTESIAN_POINT('',(0.525,0.175,4.2));
#9447 = VECTOR('',#9448,1.);
#9448 = DIRECTION('',(-0.,-0.,-1.));
#9449 = ORIENTED_EDGE('',*,*,#9450,.T.);
#9450 = EDGE_CURVE('',#9443,#9451,#9453,.T.);
#9451 = VERTEX_POINT('',#9452);
#9452 = CARTESIAN_POINT('',(0.375,0.175,1.6));
#9453 = LINE('',#9454,#9455);
#9454 = CARTESIAN_POINT('',(0.525,0.175,1.6));
#9455 = VECTOR('',#9456,1.);
#9456 = DIRECTION('',(-1.,0.,0.));
#9457 = ORIENTED_EDGE('',*,*,#9458,.F.);
#9458 = EDGE_CURVE('',#7384,#9451,#9459,.T.);
#9459 = LINE('',#9460,#9461);
#9460 = CARTESIAN_POINT('',(0.375,0.175,4.2));
#9461 = VECTOR('',#9462,1.);
#9462 = DIRECTION('',(-0.,-0.,-1.));
#9463 = ORIENTED_EDGE('',*,*,#7391,.F.);
#9464 = PLANE('',#9465);
#9465 = AXIS2_PLACEMENT_3D('',#9466,#9467,#9468);
#9466 = CARTESIAN_POINT('',(0.525,0.175,4.2));
#9467 = DIRECTION('',(0.,1.,0.));
#9468 = DIRECTION('',(-1.,0.,0.));
#9469 = ADVANCED_FACE('',(#9470),#9504,.F.);
#9470 = FACE_BOUND('',#9471,.F.);
#9471 = EDGE_LOOP('',(#9472,#9473,#9481,#9489,#9497,#9503));
#9472 = ORIENTED_EDGE('',*,*,#7351,.F.);
#9473 = ORIENTED_EDGE('',*,*,#9474,.T.);
#9474 = EDGE_CURVE('',#7352,#9475,#9477,.T.);
#9475 = VERTEX_POINT('',#9476);
#9476 = CARTESIAN_POINT('',(-0.525,0.175,3.4804));
#9477 = LINE('',#9478,#9479);
#9478 = CARTESIAN_POINT('',(-0.525,0.175,4.2));
#9479 = VECTOR('',#9480,1.);
#9480 = DIRECTION('',(-0.,-0.,-1.));
#9481 = ORIENTED_EDGE('',*,*,#9482,.T.);
#9482 = EDGE_CURVE('',#9475,#9483,#9485,.T.);
#9483 = VERTEX_POINT('',#9484);
#9484 = CARTESIAN_POINT('',(-0.525,0.2946,3.6));
#9485 = LINE('',#9486,#9487);
#9486 = CARTESIAN_POINT('',(-0.525,-0.1054,3.2));
#9487 = VECTOR('',#9488,1.);
#9488 = DIRECTION('',(0.,0.707106781187,0.707106781187));
#9489 = ORIENTED_EDGE('',*,*,#9490,.T.);
#9490 = EDGE_CURVE('',#9483,#9491,#9493,.T.);
#9491 = VERTEX_POINT('',#9492);
#9492 = CARTESIAN_POINT('',(-0.525,0.2946,1.6));
#9493 = LINE('',#9494,#9495);
#9494 = CARTESIAN_POINT('',(-0.525,0.2946,3.6));
#9495 = VECTOR('',#9496,1.);
#9496 = DIRECTION('',(0.,0.,-1.));
#9497 = ORIENTED_EDGE('',*,*,#9498,.T.);
#9498 = EDGE_CURVE('',#9491,#9418,#9499,.T.);
#9499 = LINE('',#9500,#9501);
#9500 = CARTESIAN_POINT('',(-0.525,0.175,1.6));
#9501 = VECTOR('',#9502,1.);
#9502 = DIRECTION('',(0.,1.,0.));
#9503 = ORIENTED_EDGE('',*,*,#9417,.F.);
#9504 = PLANE('',#9505);
#9505 = AXIS2_PLACEMENT_3D('',#9506,#9507,#9508);
#9506 = CARTESIAN_POINT('',(-0.525,0.175,4.2));
#9507 = DIRECTION('',(1.,0.,0.));
#9508 = DIRECTION('',(-0.,1.,0.));
#9509 = ADVANCED_FACE('',(#9510),#9528,.F.);
#9510 = FACE_BOUND('',#9511,.F.);
#9511 = EDGE_LOOP('',(#9512,#9513,#9521,#9527));
#9512 = ORIENTED_EDGE('',*,*,#9458,.T.);
#9513 = ORIENTED_EDGE('',*,*,#9514,.T.);
#9514 = EDGE_CURVE('',#9451,#9515,#9517,.T.);
#9515 = VERTEX_POINT('',#9516);
#9516 = CARTESIAN_POINT('',(0.375,0.375,1.6));
#9517 = LINE('',#9518,#9519);
#9518 = CARTESIAN_POINT('',(0.375,0.175,1.6));
#9519 = VECTOR('',#9520,1.);
#9520 = DIRECTION('',(0.,1.,0.));
#9521 = ORIENTED_EDGE('',*,*,#9522,.F.);
#9522 = EDGE_CURVE('',#7376,#9515,#9523,.T.);
#9523 = LINE('',#9524,#9525);
#9524 = CARTESIAN_POINT('',(0.375,0.375,4.2));
#9525 = VECTOR('',#9526,1.);
#9526 = DIRECTION('',(-0.,-0.,-1.));
#9527 = ORIENTED_EDGE('',*,*,#7383,.F.);
#9528 = PLANE('',#9529);
#9529 = AXIS2_PLACEMENT_3D('',#9530,#9531,#9532);
#9530 = CARTESIAN_POINT('',(0.375,0.175,4.2));
#9531 = DIRECTION('',(1.,0.,0.));
#9532 = DIRECTION('',(-0.,1.,0.));
#9533 = ADVANCED_FACE('',(#9534),#9560,.F.);
#9534 = FACE_BOUND('',#9535,.F.);
#9535 = EDGE_LOOP('',(#9536,#9544,#9552,#9558,#9559));
#9536 = ORIENTED_EDGE('',*,*,#9537,.T.);
#9537 = EDGE_CURVE('',#7360,#9538,#9540,.T.);
#9538 = VERTEX_POINT('',#9539);
#9539 = CARTESIAN_POINT('',(-0.375,0.175,1.6));
#9540 = LINE('',#9541,#9542);
#9541 = CARTESIAN_POINT('',(-0.375,0.175,4.2));
#9542 = VECTOR('',#9543,1.);
#9543 = DIRECTION('',(-0.,-0.,-1.));
#9544 = ORIENTED_EDGE('',*,*,#9545,.T.);
#9545 = EDGE_CURVE('',#9538,#9546,#9548,.T.);
#9546 = VERTEX_POINT('',#9547);
#9547 = CARTESIAN_POINT('',(-0.525,0.175,1.6));
#9548 = LINE('',#9549,#9550);
#9549 = CARTESIAN_POINT('',(-0.375,0.175,1.6));
#9550 = VECTOR('',#9551,1.);
#9551 = DIRECTION('',(-1.,0.,0.));
#9552 = ORIENTED_EDGE('',*,*,#9553,.F.);
#9553 = EDGE_CURVE('',#9475,#9546,#9554,.T.);
#9554 = LINE('',#9555,#9556);
#9555 = CARTESIAN_POINT('',(-0.525,0.175,4.2));
#9556 = VECTOR('',#9557,1.);
#9557 = DIRECTION('',(-0.,-0.,-1.));
#9558 = ORIENTED_EDGE('',*,*,#9474,.F.);
#9559 = ORIENTED_EDGE('',*,*,#7359,.F.);
#9560 = PLANE('',#9561);
#9561 = AXIS2_PLACEMENT_3D('',#9562,#9563,#9564);
#9562 = CARTESIAN_POINT('',(-0.375,0.175,4.2));
#9563 = DIRECTION('',(0.,1.,0.));
#9564 = DIRECTION('',(-1.,0.,0.));
#9565 = ADVANCED_FACE('',(#9566),#9584,.F.);
#9566 = FACE_BOUND('',#9567,.F.);
#9567 = EDGE_LOOP('',(#9568,#9569,#9577,#9583));
#9568 = ORIENTED_EDGE('',*,*,#9522,.T.);
#9569 = ORIENTED_EDGE('',*,*,#9570,.T.);
#9570 = EDGE_CURVE('',#9515,#9571,#9573,.T.);
#9571 = VERTEX_POINT('',#9572);
#9572 = CARTESIAN_POINT('',(-0.375,0.375,1.6));
#9573 = LINE('',#9574,#9575);
#9574 = CARTESIAN_POINT('',(0.375,0.375,1.6));
#9575 = VECTOR('',#9576,1.);
#9576 = DIRECTION('',(-1.,0.,0.));
#9577 = ORIENTED_EDGE('',*,*,#9578,.F.);
#9578 = EDGE_CURVE('',#7368,#9571,#9579,.T.);
#9579 = LINE('',#9580,#9581);
#9580 = CARTESIAN_POINT('',(-0.375,0.375,4.2));
#9581 = VECTOR('',#9582,1.);
#9582 = DIRECTION('',(-0.,-0.,-1.));
#9583 = ORIENTED_EDGE('',*,*,#7375,.F.);
#9584 = PLANE('',#9585);
#9585 = AXIS2_PLACEMENT_3D('',#9586,#9587,#9588);
#9586 = CARTESIAN_POINT('',(0.375,0.375,4.2));
#9587 = DIRECTION('',(0.,1.,0.));
#9588 = DIRECTION('',(-1.,0.,0.));
#9589 = ADVANCED_FACE('',(#9590),#9601,.F.);
#9590 = FACE_BOUND('',#9591,.F.);
#9591 = EDGE_LOOP('',(#9592,#9593,#9599,#9600));
#9592 = ORIENTED_EDGE('',*,*,#9578,.T.);
#9593 = ORIENTED_EDGE('',*,*,#9594,.T.);
#9594 = EDGE_CURVE('',#9571,#9538,#9595,.T.);
#9595 = LINE('',#9596,#9597);
#9596 = CARTESIAN_POINT('',(-0.375,0.375,1.6));
#9597 = VECTOR('',#9598,1.);
#9598 = DIRECTION('',(0.,-1.,0.));
#9599 = ORIENTED_EDGE('',*,*,#9537,.F.);
#9600 = ORIENTED_EDGE('',*,*,#7367,.F.);
#9601 = PLANE('',#9602);
#9602 = AXIS2_PLACEMENT_3D('',#9603,#9604,#9605);
#9603 = CARTESIAN_POINT('',(-0.375,0.375,4.2));
#9604 = DIRECTION('',(-1.,0.,0.));
#9605 = DIRECTION('',(0.,-1.,0.));
#9606 = ADVANCED_FACE('',(#9607),#9632,.T.);
#9607 = FACE_BOUND('',#9608,.T.);
#9608 = EDGE_LOOP('',(#9609,#9617,#9625,#9631));
#9609 = ORIENTED_EDGE('',*,*,#9610,.F.);
#9610 = EDGE_CURVE('',#9611,#7528,#9613,.T.);
#9611 = VERTEX_POINT('',#9612);
#9612 = CARTESIAN_POINT('',(2.675,1.525,3.2));
#9613 = LINE('',#9614,#9615);
#9614 = CARTESIAN_POINT('',(2.675,1.525,3.2));
#9615 = VECTOR('',#9616,1.);
#9616 = DIRECTION('',(0.,0.,1.));
#9617 = ORIENTED_EDGE('',*,*,#9618,.T.);
#9618 = EDGE_CURVE('',#9611,#9619,#9621,.T.);
#9619 = VERTEX_POINT('',#9620);
#9620 = CARTESIAN_POINT('',(2.675,2.125,3.2));
#9621 = LINE('',#9622,#9623);
#9622 = CARTESIAN_POINT('',(2.675,1.525,3.2));
#9623 = VECTOR('',#9624,1.);
#9624 = DIRECTION('',(0.,1.,0.));
#9625 = ORIENTED_EDGE('',*,*,#9626,.T.);
#9626 = EDGE_CURVE('',#9619,#7530,#9627,.T.);
#9627 = LINE('',#9628,#9629);
#9628 = CARTESIAN_POINT('',(2.675,2.125,3.2));
#9629 = VECTOR('',#9630,1.);
#9630 = DIRECTION('',(0.,0.,1.));
#9631 = ORIENTED_EDGE('',*,*,#7527,.F.);
#9632 = PLANE('',#9633);
#9633 = AXIS2_PLACEMENT_3D('',#9634,#9635,#9636);
#9634 = CARTESIAN_POINT('',(2.675,1.525,3.2));
#9635 = DIRECTION('',(1.,0.,0.));
#9636 = DIRECTION('',(0.,0.,1.));
#9637 = ADVANCED_FACE('',(#9638),#9656,.T.);
#9638 = FACE_BOUND('',#9639,.T.);
#9639 = EDGE_LOOP('',(#9640,#9648,#9649,#9650));
#9640 = ORIENTED_EDGE('',*,*,#9641,.F.);
#9641 = EDGE_CURVE('',#9611,#9642,#9644,.T.);
#9642 = VERTEX_POINT('',#9643);
#9643 = CARTESIAN_POINT('',(3.775,1.525,3.2));
#9644 = LINE('',#9645,#9646);
#9645 = CARTESIAN_POINT('',(2.675,1.525,3.2));
#9646 = VECTOR('',#9647,1.);
#9647 = DIRECTION('',(1.,0.,0.));
#9648 = ORIENTED_EDGE('',*,*,#9610,.T.);
#9649 = ORIENTED_EDGE('',*,*,#7553,.T.);
#9650 = ORIENTED_EDGE('',*,*,#9651,.F.);
#9651 = EDGE_CURVE('',#9642,#7546,#9652,.T.);
#9652 = LINE('',#9653,#9654);
#9653 = CARTESIAN_POINT('',(3.775,1.525,3.2));
#9654 = VECTOR('',#9655,1.);
#9655 = DIRECTION('',(0.,0.,1.));
#9656 = PLANE('',#9657);
#9657 = AXIS2_PLACEMENT_3D('',#9658,#9659,#9660);
#9658 = CARTESIAN_POINT('',(2.675,1.525,3.2));
#9659 = DIRECTION('',(0.,1.,0.));
#9660 = DIRECTION('',(0.,-0.,1.));
#9661 = ADVANCED_FACE('',(#9662),#9680,.F.);
#9662 = FACE_BOUND('',#9663,.F.);
#9663 = EDGE_LOOP('',(#9664,#9665,#9673,#9679));
#9664 = ORIENTED_EDGE('',*,*,#9651,.F.);
#9665 = ORIENTED_EDGE('',*,*,#9666,.T.);
#9666 = EDGE_CURVE('',#9642,#9667,#9669,.T.);
#9667 = VERTEX_POINT('',#9668);
#9668 = CARTESIAN_POINT('',(3.775,2.125,3.2));
#9669 = LINE('',#9670,#9671);
#9670 = CARTESIAN_POINT('',(3.775,1.525,3.2));
#9671 = VECTOR('',#9672,1.);
#9672 = DIRECTION('',(0.,1.,0.));
#9673 = ORIENTED_EDGE('',*,*,#9674,.T.);
#9674 = EDGE_CURVE('',#9667,#7538,#9675,.T.);
#9675 = LINE('',#9676,#9677);
#9676 = CARTESIAN_POINT('',(3.775,2.125,3.2));
#9677 = VECTOR('',#9678,1.);
#9678 = DIRECTION('',(0.,0.,1.));
#9679 = ORIENTED_EDGE('',*,*,#7545,.F.);
#9680 = PLANE('',#9681);
#9681 = AXIS2_PLACEMENT_3D('',#9682,#9683,#9684);
#9682 = CARTESIAN_POINT('',(3.775,1.525,3.2));
#9683 = DIRECTION('',(1.,0.,0.));
#9684 = DIRECTION('',(0.,0.,1.));
#9685 = ADVANCED_FACE('',(#9686),#9697,.F.);
#9686 = FACE_BOUND('',#9687,.F.);
#9687 = EDGE_LOOP('',(#9688,#9694,#9695,#9696));
#9688 = ORIENTED_EDGE('',*,*,#9689,.F.);
#9689 = EDGE_CURVE('',#9619,#9667,#9690,.T.);
#9690 = LINE('',#9691,#9692);
#9691 = CARTESIAN_POINT('',(2.675,2.125,3.2));
#9692 = VECTOR('',#9693,1.);
#9693 = DIRECTION('',(1.,0.,0.));
#9694 = ORIENTED_EDGE('',*,*,#9626,.T.);
#9695 = ORIENTED_EDGE('',*,*,#7537,.T.);
#9696 = ORIENTED_EDGE('',*,*,#9674,.F.);
#9697 = PLANE('',#9698);
#9698 = AXIS2_PLACEMENT_3D('',#9699,#9700,#9701);
#9699 = CARTESIAN_POINT('',(2.675,2.125,3.2));
#9700 = DIRECTION('',(0.,1.,0.));
#9701 = DIRECTION('',(0.,-0.,1.));
#9702 = ADVANCED_FACE('',(#9703),#9728,.T.);
#9703 = FACE_BOUND('',#9704,.T.);
#9704 = EDGE_LOOP('',(#9705,#9713,#9721,#9727));
#9705 = ORIENTED_EDGE('',*,*,#9706,.F.);
#9706 = EDGE_CURVE('',#9707,#7562,#9709,.T.);
#9707 = VERTEX_POINT('',#9708);
#9708 = CARTESIAN_POINT('',(-3.775,1.525,3.2));
#9709 = LINE('',#9710,#9711);
#9710 = CARTESIAN_POINT('',(-3.775,1.525,3.2));
#9711 = VECTOR('',#9712,1.);
#9712 = DIRECTION('',(0.,0.,1.));
#9713 = ORIENTED_EDGE('',*,*,#9714,.T.);
#9714 = EDGE_CURVE('',#9707,#9715,#9717,.T.);
#9715 = VERTEX_POINT('',#9716);
#9716 = CARTESIAN_POINT('',(-3.775,2.125,3.2));
#9717 = LINE('',#9718,#9719);
#9718 = CARTESIAN_POINT('',(-3.775,1.525,3.2));
#9719 = VECTOR('',#9720,1.);
#9720 = DIRECTION('',(0.,1.,0.));
#9721 = ORIENTED_EDGE('',*,*,#9722,.T.);
#9722 = EDGE_CURVE('',#9715,#7564,#9723,.T.);
#9723 = LINE('',#9724,#9725);
#9724 = CARTESIAN_POINT('',(-3.775,2.125,3.2));
#9725 = VECTOR('',#9726,1.);
#9726 = DIRECTION('',(0.,0.,1.));
#9727 = ORIENTED_EDGE('',*,*,#7561,.F.);
#9728 = PLANE('',#9729);
#9729 = AXIS2_PLACEMENT_3D('',#9730,#9731,#9732);
#9730 = CARTESIAN_POINT('',(-3.775,1.525,3.2));
#9731 = DIRECTION('',(1.,0.,0.));
#9732 = DIRECTION('',(0.,0.,1.));
#9733 = ADVANCED_FACE('',(#9734),#9752,.T.);
#9734 = FACE_BOUND('',#9735,.T.);
#9735 = EDGE_LOOP('',(#9736,#9744,#9745,#9746));
#9736 = ORIENTED_EDGE('',*,*,#9737,.F.);
#9737 = EDGE_CURVE('',#9707,#9738,#9740,.T.);
#9738 = VERTEX_POINT('',#9739);
#9739 = CARTESIAN_POINT('',(-2.675,1.525,3.2));
#9740 = LINE('',#9741,#9742);
#9741 = CARTESIAN_POINT('',(-3.775,1.525,3.2));
#9742 = VECTOR('',#9743,1.);
#9743 = DIRECTION('',(1.,0.,0.));
#9744 = ORIENTED_EDGE('',*,*,#9706,.T.);
#9745 = ORIENTED_EDGE('',*,*,#7587,.T.);
#9746 = ORIENTED_EDGE('',*,*,#9747,.F.);
#9747 = EDGE_CURVE('',#9738,#7580,#9748,.T.);
#9748 = LINE('',#9749,#9750);
#9749 = CARTESIAN_POINT('',(-2.675,1.525,3.2));
#9750 = VECTOR('',#9751,1.);
#9751 = DIRECTION('',(0.,0.,1.));
#9752 = PLANE('',#9753);
#9753 = AXIS2_PLACEMENT_3D('',#9754,#9755,#9756);
#9754 = CARTESIAN_POINT('',(-3.775,1.525,3.2));
#9755 = DIRECTION('',(0.,1.,0.));
#9756 = DIRECTION('',(0.,-0.,1.));
#9757 = ADVANCED_FACE('',(#9758),#9776,.F.);
#9758 = FACE_BOUND('',#9759,.F.);
#9759 = EDGE_LOOP('',(#9760,#9761,#9769,#9775));
#9760 = ORIENTED_EDGE('',*,*,#9747,.F.);
#9761 = ORIENTED_EDGE('',*,*,#9762,.T.);
#9762 = EDGE_CURVE('',#9738,#9763,#9765,.T.);
#9763 = VERTEX_POINT('',#9764);
#9764 = CARTESIAN_POINT('',(-2.675,2.125,3.2));
#9765 = LINE('',#9766,#9767);
#9766 = CARTESIAN_POINT('',(-2.675,1.525,3.2));
#9767 = VECTOR('',#9768,1.);
#9768 = DIRECTION('',(0.,1.,0.));
#9769 = ORIENTED_EDGE('',*,*,#9770,.T.);
#9770 = EDGE_CURVE('',#9763,#7572,#9771,.T.);
#9771 = LINE('',#9772,#9773);
#9772 = CARTESIAN_POINT('',(-2.675,2.125,3.2));
#9773 = VECTOR('',#9774,1.);
#9774 = DIRECTION('',(0.,0.,1.));
#9775 = ORIENTED_EDGE('',*,*,#7579,.F.);
#9776 = PLANE('',#9777);
#9777 = AXIS2_PLACEMENT_3D('',#9778,#9779,#9780);
#9778 = CARTESIAN_POINT('',(-2.675,1.525,3.2));
#9779 = DIRECTION('',(1.,0.,0.));
#9780 = DIRECTION('',(0.,0.,1.));
#9781 = ADVANCED_FACE('',(#9782),#9793,.F.);
#9782 = FACE_BOUND('',#9783,.F.);
#9783 = EDGE_LOOP('',(#9784,#9790,#9791,#9792));
#9784 = ORIENTED_EDGE('',*,*,#9785,.F.);
#9785 = EDGE_CURVE('',#9715,#9763,#9786,.T.);
#9786 = LINE('',#9787,#9788);
#9787 = CARTESIAN_POINT('',(-3.775,2.125,3.2));
#9788 = VECTOR('',#9789,1.);
#9789 = DIRECTION('',(1.,0.,0.));
#9790 = ORIENTED_EDGE('',*,*,#9722,.T.);
#9791 = ORIENTED_EDGE('',*,*,#7571,.T.);
#9792 = ORIENTED_EDGE('',*,*,#9770,.F.);
#9793 = PLANE('',#9794);
#9794 = AXIS2_PLACEMENT_3D('',#9795,#9796,#9797);
#9795 = CARTESIAN_POINT('',(-3.775,2.125,3.2));
#9796 = DIRECTION('',(0.,1.,0.));
#9797 = DIRECTION('',(0.,-0.,1.));
#9798 = ADVANCED_FACE('',(#9799),#9825,.F.);
#9799 = FACE_BOUND('',#9800,.F.);
#9800 = EDGE_LOOP('',(#9801,#9811,#9817,#9818,#9819));
#9801 = ORIENTED_EDGE('',*,*,#9802,.T.);
#9802 = EDGE_CURVE('',#9803,#9805,#9807,.T.);
#9803 = VERTEX_POINT('',#9804);
#9804 = CARTESIAN_POINT('',(3.625,2.475,0.));
#9805 = VERTEX_POINT('',#9806);
#9806 = CARTESIAN_POINT('',(3.825,2.475,0.));
#9807 = LINE('',#9808,#9809);
#9808 = CARTESIAN_POINT('',(3.625,2.475,0.));
#9809 = VECTOR('',#9810,1.);
#9810 = DIRECTION('',(1.,0.,0.));
#9811 = ORIENTED_EDGE('',*,*,#9812,.T.);
#9812 = EDGE_CURVE('',#9805,#7644,#9813,.T.);
#9813 = LINE('',#9814,#9815);
#9814 = CARTESIAN_POINT('',(3.825,2.475,0.));
#9815 = VECTOR('',#9816,1.);
#9816 = DIRECTION('',(0.,0.,1.));
#9817 = ORIENTED_EDGE('',*,*,#7651,.F.);
#9818 = ORIENTED_EDGE('',*,*,#7659,.T.);
#9819 = ORIENTED_EDGE('',*,*,#9820,.F.);
#9820 = EDGE_CURVE('',#9803,#7604,#9821,.T.);
#9821 = LINE('',#9822,#9823);
#9822 = CARTESIAN_POINT('',(3.625,2.475,0.));
#9823 = VECTOR('',#9824,1.);
#9824 = DIRECTION('',(0.,0.,1.));
#9825 = PLANE('',#9826);
#9826 = AXIS2_PLACEMENT_3D('',#9827,#9828,#9829);
#9827 = CARTESIAN_POINT('',(3.625,2.475,0.));
#9828 = DIRECTION('',(0.,-1.,0.));
#9829 = DIRECTION('',(0.,0.,1.));
#9830 = ADVANCED_FACE('',(#9831),#9849,.F.);
#9831 = FACE_BOUND('',#9832,.F.);
#9832 = EDGE_LOOP('',(#9833,#9841,#9847,#9848));
#9833 = ORIENTED_EDGE('',*,*,#9834,.T.);
#9834 = EDGE_CURVE('',#7644,#9835,#9837,.T.);
#9835 = VERTEX_POINT('',#9836);
#9836 = CARTESIAN_POINT('',(3.825,1.825,2.05));
#9837 = LINE('',#9838,#9839);
#9838 = CARTESIAN_POINT('',(3.825,2.475,2.05));
#9839 = VECTOR('',#9840,1.);
#9840 = DIRECTION('',(0.,-1.,0.));
#9841 = ORIENTED_EDGE('',*,*,#9842,.T.);
#9842 = EDGE_CURVE('',#9835,#8215,#9843,.T.);
#9843 = LINE('',#9844,#9845);
#9844 = CARTESIAN_POINT('',(3.625,1.825,2.05));
#9845 = VECTOR('',#9846,1.);
#9846 = DIRECTION('',(1.,0.,0.));
#9847 = ORIENTED_EDGE('',*,*,#8222,.T.);
#9848 = ORIENTED_EDGE('',*,*,#7643,.F.);
#9849 = PLANE('',#9850);
#9850 = AXIS2_PLACEMENT_3D('',#9851,#9852,#9853);
#9851 = CARTESIAN_POINT('',(3.625,1.825,2.05));
#9852 = DIRECTION('',(0.,0.,1.));
#9853 = DIRECTION('',(0.,1.,0.));
#9854 = ADVANCED_FACE('',(#9855),#9881,.F.);
#9855 = FACE_BOUND('',#9856,.F.);
#9856 = EDGE_LOOP('',(#9857,#9867,#9873,#9874,#9875));
#9857 = ORIENTED_EDGE('',*,*,#9858,.T.);
#9858 = EDGE_CURVE('',#9859,#9861,#9863,.T.);
#9859 = VERTEX_POINT('',#9860);
#9860 = CARTESIAN_POINT('',(-3.825,2.475,0.));
#9861 = VERTEX_POINT('',#9862);
#9862 = CARTESIAN_POINT('',(-3.625,2.475,0.));
#9863 = LINE('',#9864,#9865);
#9864 = CARTESIAN_POINT('',(-3.825,2.475,0.));
#9865 = VECTOR('',#9866,1.);
#9866 = DIRECTION('',(1.,0.,0.));
#9867 = ORIENTED_EDGE('',*,*,#9868,.T.);
#9868 = EDGE_CURVE('',#9861,#7602,#9869,.T.);
#9869 = LINE('',#9870,#9871);
#9870 = CARTESIAN_POINT('',(-3.625,2.475,0.));
#9871 = VECTOR('',#9872,1.);
#9872 = DIRECTION('',(0.,0.,1.));
#9873 = ORIENTED_EDGE('',*,*,#7611,.F.);
#9874 = ORIENTED_EDGE('',*,*,#7619,.F.);
#9875 = ORIENTED_EDGE('',*,*,#9876,.F.);
#9876 = EDGE_CURVE('',#9859,#7620,#9877,.T.);
#9877 = LINE('',#9878,#9879);
#9878 = CARTESIAN_POINT('',(-3.825,2.475,0.));
#9879 = VECTOR('',#9880,1.);
#9880 = DIRECTION('',(0.,0.,1.));
#9881 = PLANE('',#9882);
#9882 = AXIS2_PLACEMENT_3D('',#9883,#9884,#9885);
#9883 = CARTESIAN_POINT('',(-3.825,2.475,0.));
#9884 = DIRECTION('',(0.,-1.,0.));
#9885 = DIRECTION('',(0.,0.,1.));
#9886 = ADVANCED_FACE('',(#9887),#9918,.F.);
#9887 = FACE_BOUND('',#9888,.F.);
#9888 = EDGE_LOOP('',(#9889,#9897,#9898,#9899,#9900,#9901,#9902,#9903,
    #9904,#9912));
#9889 = ORIENTED_EDGE('',*,*,#9890,.T.);
#9890 = EDGE_CURVE('',#9891,#9859,#9893,.T.);
#9891 = VERTEX_POINT('',#9892);
#9892 = CARTESIAN_POINT('',(-3.825,0.255,-1.665334536938E-16));
#9893 = LINE('',#9894,#9895);
#9894 = CARTESIAN_POINT('',(-3.825,0.255,-1.665334536938E-16));
#9895 = VECTOR('',#9896,1.);
#9896 = DIRECTION('',(0.,1.,7.501506923143E-17));
#9897 = ORIENTED_EDGE('',*,*,#9876,.T.);
#9898 = ORIENTED_EDGE('',*,*,#7682,.T.);
#9899 = ORIENTED_EDGE('',*,*,#7722,.F.);
#9900 = ORIENTED_EDGE('',*,*,#7714,.T.);
#9901 = ORIENTED_EDGE('',*,*,#7706,.F.);
#9902 = ORIENTED_EDGE('',*,*,#7746,.F.);
#9903 = ORIENTED_EDGE('',*,*,#7786,.F.);
#9904 = ORIENTED_EDGE('',*,*,#9905,.T.);
#9905 = EDGE_CURVE('',#7779,#9906,#9908,.T.);
#9906 = VERTEX_POINT('',#9907);
#9907 = CARTESIAN_POINT('',(-3.825,0.255,0.37));
#9908 = LINE('',#9909,#9910);
#9909 = CARTESIAN_POINT('',(-3.825,-0.235,0.37));
#9910 = VECTOR('',#9911,1.);
#9911 = DIRECTION('',(0.,1.,0.));
#9912 = ORIENTED_EDGE('',*,*,#9913,.T.);
#9913 = EDGE_CURVE('',#9906,#9891,#9914,.T.);
#9914 = LINE('',#9915,#9916);
#9915 = CARTESIAN_POINT('',(-3.825,0.255,0.37));
#9916 = VECTOR('',#9917,1.);
#9917 = DIRECTION('',(0.,0.,-1.));
#9918 = PLANE('',#9919);
#9919 = AXIS2_PLACEMENT_3D('',#9920,#9921,#9922);
#9920 = CARTESIAN_POINT('',(-3.825,1.254889064976,1.020784469097));
#9921 = DIRECTION('',(1.,0.,0.));
#9922 = DIRECTION('',(0.,0.,1.));
#9923 = ADVANCED_FACE('',(#9924),#9942,.F.);
#9924 = FACE_BOUND('',#9925,.F.);
#9925 = EDGE_LOOP('',(#9926,#9927,#9928,#9936));
#9926 = ORIENTED_EDGE('',*,*,#9905,.F.);
#9927 = ORIENTED_EDGE('',*,*,#7778,.F.);
#9928 = ORIENTED_EDGE('',*,*,#9929,.T.);
#9929 = EDGE_CURVE('',#7771,#9930,#9932,.T.);
#9930 = VERTEX_POINT('',#9931);
#9931 = CARTESIAN_POINT('',(-3.625,0.255,0.37));
#9932 = LINE('',#9933,#9934);
#9933 = CARTESIAN_POINT('',(-3.625,-0.235,0.37));
#9934 = VECTOR('',#9935,1.);
#9935 = DIRECTION('',(0.,1.,0.));
#9936 = ORIENTED_EDGE('',*,*,#9937,.F.);
#9937 = EDGE_CURVE('',#9906,#9930,#9938,.T.);
#9938 = LINE('',#9939,#9940);
#9939 = CARTESIAN_POINT('',(-3.825,0.255,0.37));
#9940 = VECTOR('',#9941,1.);
#9941 = DIRECTION('',(1.,0.,0.));
#9942 = PLANE('',#9943);
#9943 = AXIS2_PLACEMENT_3D('',#9944,#9945,#9946);
#9944 = CARTESIAN_POINT('',(-3.825,-0.235,0.37));
#9945 = DIRECTION('',(0.,0.,1.));
#9946 = DIRECTION('',(0.,1.,0.));
#9947 = ADVANCED_FACE('',(#9948),#9959,.T.);
#9948 = FACE_BOUND('',#9949,.T.);
#9949 = EDGE_LOOP('',(#9950,#9956,#9957,#9958));
#9950 = ORIENTED_EDGE('',*,*,#9951,.T.);
#9951 = EDGE_CURVE('',#9930,#7842,#9952,.T.);
#9952 = LINE('',#9953,#9954);
#9953 = CARTESIAN_POINT('',(-3.625,0.255,0.37));
#9954 = VECTOR('',#9955,1.);
#9955 = DIRECTION('',(0.,0.,-1.));
#9956 = ORIENTED_EDGE('',*,*,#7849,.T.);
#9957 = ORIENTED_EDGE('',*,*,#7770,.T.);
#9958 = ORIENTED_EDGE('',*,*,#9929,.T.);
#9959 = PLANE('',#9960);
#9960 = AXIS2_PLACEMENT_3D('',#9961,#9962,#9963);
#9961 = CARTESIAN_POINT('',(-3.625,1.600602409639,0.849397590361));
#9962 = DIRECTION('',(-1.,-1.895603593819E-31,-1.979652642008E-31));
#9963 = DIRECTION('',(1.979652642008E-31,0.,-1.));
#9964 = ADVANCED_FACE('',(#9965),#9983,.T.);
#9965 = FACE_BOUND('',#9966,.T.);
#9966 = EDGE_LOOP('',(#9967,#9975,#9976,#9977));
#9967 = ORIENTED_EDGE('',*,*,#9968,.T.);
#9968 = EDGE_CURVE('',#9969,#9861,#9971,.T.);
#9969 = VERTEX_POINT('',#9970);
#9970 = CARTESIAN_POINT('',(-3.625,0.255,-1.665334536938E-16));
#9971 = LINE('',#9972,#9973);
#9972 = CARTESIAN_POINT('',(-3.625,0.255,-1.665334536938E-16));
#9973 = VECTOR('',#9974,1.);
#9974 = DIRECTION('',(0.,1.,7.501506923143E-17));
#9975 = ORIENTED_EDGE('',*,*,#9868,.T.);
#9976 = ORIENTED_EDGE('',*,*,#7841,.T.);
#9977 = ORIENTED_EDGE('',*,*,#9978,.T.);
#9978 = EDGE_CURVE('',#7842,#9969,#9979,.T.);
#9979 = LINE('',#9980,#9981);
#9980 = CARTESIAN_POINT('',(-3.625,0.255,0.37));
#9981 = VECTOR('',#9982,1.);
#9982 = DIRECTION('',(0.,0.,-1.));
#9983 = PLANE('',#9984);
#9984 = AXIS2_PLACEMENT_3D('',#9985,#9986,#9987);
#9985 = CARTESIAN_POINT('',(-3.625,1.254889064976,1.020784469097));
#9986 = DIRECTION('',(1.,0.,0.));
#9987 = DIRECTION('',(0.,0.,1.));
#9988 = ADVANCED_FACE('',(#9989),#10007,.F.);
#9989 = FACE_BOUND('',#9990,.F.);
#9990 = EDGE_LOOP('',(#9991,#9999,#10000,#10001));
#9991 = ORIENTED_EDGE('',*,*,#9992,.T.);
#9992 = EDGE_CURVE('',#9993,#9803,#9995,.T.);
#9993 = VERTEX_POINT('',#9994);
#9994 = CARTESIAN_POINT('',(3.625,0.255,-1.665334536938E-16));
#9995 = LINE('',#9996,#9997);
#9996 = CARTESIAN_POINT('',(3.625,0.255,-1.665334536938E-16));
#9997 = VECTOR('',#9998,1.);
#9998 = DIRECTION('',(0.,1.,7.501506923143E-17));
#9999 = ORIENTED_EDGE('',*,*,#9820,.T.);
#10000 = ORIENTED_EDGE('',*,*,#7834,.T.);
#10001 = ORIENTED_EDGE('',*,*,#10002,.T.);
#10002 = EDGE_CURVE('',#7827,#9993,#10003,.T.);
#10003 = LINE('',#10004,#10005);
#10004 = CARTESIAN_POINT('',(3.625,0.255,0.37));
#10005 = VECTOR('',#10006,1.);
#10006 = DIRECTION('',(0.,0.,-1.));
#10007 = PLANE('',#10008);
#10008 = AXIS2_PLACEMENT_3D('',#10009,#10010,#10011);
#10009 = CARTESIAN_POINT('',(3.625,1.254889064976,1.020784469097));
#10010 = DIRECTION('',(1.,0.,0.));
#10011 = DIRECTION('',(0.,0.,1.));
#10012 = ADVANCED_FACE('',(#10013),#10038,.F.);
#10013 = FACE_BOUND('',#10014,.F.);
#10014 = EDGE_LOOP('',(#10015,#10023,#10024,#10032));
#10015 = ORIENTED_EDGE('',*,*,#10016,.T.);
#10016 = EDGE_CURVE('',#10017,#7827,#10019,.T.);
#10017 = VERTEX_POINT('',#10018);
#10018 = CARTESIAN_POINT('',(3.625,0.255,0.37));
#10019 = LINE('',#10020,#10021);
#10020 = CARTESIAN_POINT('',(3.625,0.255,0.37));
#10021 = VECTOR('',#10022,1.);
#10022 = DIRECTION('',(0.,0.,-1.));
#10023 = ORIENTED_EDGE('',*,*,#7826,.T.);
#10024 = ORIENTED_EDGE('',*,*,#10025,.T.);
#10025 = EDGE_CURVE('',#7819,#10026,#10028,.T.);
#10026 = VERTEX_POINT('',#10027);
#10027 = CARTESIAN_POINT('',(3.625,0.225,0.37));
#10028 = LINE('',#10029,#10030);
#10029 = CARTESIAN_POINT('',(3.625,0.225,0.15));
#10030 = VECTOR('',#10031,1.);
#10031 = DIRECTION('',(0.,0.,1.));
#10032 = ORIENTED_EDGE('',*,*,#10033,.T.);
#10033 = EDGE_CURVE('',#10026,#10017,#10034,.T.);
#10034 = LINE('',#10035,#10036);
#10035 = CARTESIAN_POINT('',(3.625,-0.235,0.37));
#10036 = VECTOR('',#10037,1.);
#10037 = DIRECTION('',(0.,1.,0.));
#10038 = PLANE('',#10039);
#10039 = AXIS2_PLACEMENT_3D('',#10040,#10041,#10042);
#10040 = CARTESIAN_POINT('',(3.625,1.600602409639,0.849397590361));
#10041 = DIRECTION('',(-1.,-1.895603593819E-31,-1.979652642008E-31));
#10042 = DIRECTION('',(1.979652642008E-31,0.,-1.));
#10043 = ADVANCED_FACE('',(#10044),#10071,.F.);
#10044 = FACE_BOUND('',#10045,.F.);
#10045 = EDGE_LOOP('',(#10046,#10047,#10048,#10049,#10057,#10065));
#10046 = ORIENTED_EDGE('',*,*,#10025,.F.);
#10047 = ORIENTED_EDGE('',*,*,#7818,.T.);
#10048 = ORIENTED_EDGE('',*,*,#8198,.T.);
#10049 = ORIENTED_EDGE('',*,*,#10050,.F.);
#10050 = EDGE_CURVE('',#10051,#8199,#10053,.T.);
#10051 = VERTEX_POINT('',#10052);
#10052 = CARTESIAN_POINT('',(3.825,0.225,0.75));
#10053 = LINE('',#10054,#10055);
#10054 = CARTESIAN_POINT('',(3.625,0.225,0.75));
#10055 = VECTOR('',#10056,1.);
#10056 = DIRECTION('',(1.,0.,0.));
#10057 = ORIENTED_EDGE('',*,*,#10058,.F.);
#10058 = EDGE_CURVE('',#10059,#10051,#10061,.T.);
#10059 = VERTEX_POINT('',#10060);
#10060 = CARTESIAN_POINT('',(3.825,0.225,0.37));
#10061 = LINE('',#10062,#10063);
#10062 = CARTESIAN_POINT('',(3.825,0.225,0.585392234548));
#10063 = VECTOR('',#10064,1.);
#10064 = DIRECTION('',(0.,0.,1.));
#10065 = ORIENTED_EDGE('',*,*,#10066,.T.);
#10066 = EDGE_CURVE('',#10059,#10026,#10067,.T.);
#10067 = LINE('',#10068,#10069);
#10068 = CARTESIAN_POINT('',(3.625,0.225,0.37));
#10069 = VECTOR('',#10070,1.);
#10070 = DIRECTION('',(-1.,0.,0.));
#10071 = PLANE('',#10072);
#10072 = AXIS2_PLACEMENT_3D('',#10073,#10074,#10075);
#10073 = CARTESIAN_POINT('',(3.625,0.225,0.15));
#10074 = DIRECTION('',(0.,-1.,0.));
#10075 = DIRECTION('',(0.,0.,1.));
#10076 = ADVANCED_FACE('',(#10077),#10136,.T.);
#10077 = FACE_BOUND('',#10078,.T.);
#10078 = EDGE_LOOP('',(#10079,#10089,#10097,#10105,#10113,#10119,#10120,
    #10121,#10122,#10130));
#10079 = ORIENTED_EDGE('',*,*,#10080,.T.);
#10080 = EDGE_CURVE('',#10081,#10083,#10085,.T.);
#10081 = VERTEX_POINT('',#10082);
#10082 = CARTESIAN_POINT('',(-1.975,-1.4754,-4.440892098501E-16));
#10083 = VERTEX_POINT('',#10084);
#10084 = CARTESIAN_POINT('',(-1.975,-2.4754,0.));
#10085 = LINE('',#10086,#10087);
#10086 = CARTESIAN_POINT('',(-1.975,-1.4754,-4.440892098501E-16));
#10087 = VECTOR('',#10088,1.);
#10088 = DIRECTION('',(0.,-1.,4.440892098501E-16));
#10089 = ORIENTED_EDGE('',*,*,#10090,.T.);
#10090 = EDGE_CURVE('',#10083,#10091,#10093,.T.);
#10091 = VERTEX_POINT('',#10092);
#10092 = CARTESIAN_POINT('',(-1.975,-2.4754,0.3));
#10093 = LINE('',#10094,#10095);
#10094 = CARTESIAN_POINT('',(-1.975,-2.4754,0.));
#10095 = VECTOR('',#10096,1.);
#10096 = DIRECTION('',(-7.401486830834E-16,0.,1.));
#10097 = ORIENTED_EDGE('',*,*,#10098,.T.);
#10098 = EDGE_CURVE('',#10091,#10099,#10101,.T.);
#10099 = VERTEX_POINT('',#10100);
#10100 = CARTESIAN_POINT('',(-1.975,-1.7754,0.3));
#10101 = LINE('',#10102,#10103);
#10102 = CARTESIAN_POINT('',(-1.975,-2.4754,0.3));
#10103 = VECTOR('',#10104,1.);
#10104 = DIRECTION('',(0.,1.,0.));
#10105 = ORIENTED_EDGE('',*,*,#10106,.T.);
#10106 = EDGE_CURVE('',#10099,#10107,#10109,.T.);
#10107 = VERTEX_POINT('',#10108);
#10108 = CARTESIAN_POINT('',(-1.975,-1.7754,0.65));
#10109 = LINE('',#10110,#10111);
#10110 = CARTESIAN_POINT('',(-1.975,-1.7754,0.3));
#10111 = VECTOR('',#10112,1.);
#10112 = DIRECTION('',(0.,0.,1.));
#10113 = ORIENTED_EDGE('',*,*,#10114,.T.);
#10114 = EDGE_CURVE('',#10107,#8061,#10115,.T.);
#10115 = LINE('',#10116,#10117);
#10116 = CARTESIAN_POINT('',(-1.975,-1.7754,0.65));
#10117 = VECTOR('',#10118,1.);
#10118 = DIRECTION('',(0.,1.,0.));
#10119 = ORIENTED_EDGE('',*,*,#8060,.T.);
#10120 = ORIENTED_EDGE('',*,*,#8052,.T.);
#10121 = ORIENTED_EDGE('',*,*,#8028,.T.);
#10122 = ORIENTED_EDGE('',*,*,#10123,.T.);
#10123 = EDGE_CURVE('',#8021,#10124,#10126,.T.);
#10124 = VERTEX_POINT('',#10125);
#10125 = CARTESIAN_POINT('',(-1.975,-1.4754,0.25));
#10126 = LINE('',#10127,#10128);
#10127 = CARTESIAN_POINT('',(-1.975,0.2946,0.25));
#10128 = VECTOR('',#10129,1.);
#10129 = DIRECTION('',(0.,-1.,0.));
#10130 = ORIENTED_EDGE('',*,*,#10131,.T.);
#10131 = EDGE_CURVE('',#10124,#10081,#10132,.T.);
#10132 = LINE('',#10133,#10134);
#10133 = CARTESIAN_POINT('',(-1.975,-1.4754,0.25));
#10134 = VECTOR('',#10135,1.);
#10135 = DIRECTION('',(0.,0.,-1.));
#10136 = PLANE('',#10137);
#10137 = AXIS2_PLACEMENT_3D('',#10138,#10139,#10140);
#10138 = CARTESIAN_POINT('',(-1.975,-0.665633686553,1.517013518288));
#10139 = DIRECTION('',(-1.,-4.641187488323E-18,-5.277280777259E-19));
#10140 = DIRECTION('',(4.641187488323E-18,-1.,0.));
#10141 = ADVANCED_FACE('',(#10142),#10160,.T.);
#10142 = FACE_BOUND('',#10143,.T.);
#10143 = EDGE_LOOP('',(#10144,#10145,#10146,#10154));
#10144 = ORIENTED_EDGE('',*,*,#10123,.F.);
#10145 = ORIENTED_EDGE('',*,*,#8020,.T.);
#10146 = ORIENTED_EDGE('',*,*,#10147,.T.);
#10147 = EDGE_CURVE('',#8013,#10148,#10150,.T.);
#10148 = VERTEX_POINT('',#10149);
#10149 = CARTESIAN_POINT('',(-1.775,-1.4754,0.25));
#10150 = LINE('',#10151,#10152);
#10151 = CARTESIAN_POINT('',(-1.775,0.2946,0.25));
#10152 = VECTOR('',#10153,1.);
#10153 = DIRECTION('',(0.,-1.,0.));
#10154 = ORIENTED_EDGE('',*,*,#10155,.F.);
#10155 = EDGE_CURVE('',#10124,#10148,#10156,.T.);
#10156 = LINE('',#10157,#10158);
#10157 = CARTESIAN_POINT('',(-1.975,-1.4754,0.25));
#10158 = VECTOR('',#10159,1.);
#10159 = DIRECTION('',(1.,0.,0.));
#10160 = PLANE('',#10161);
#10161 = AXIS2_PLACEMENT_3D('',#10162,#10163,#10164);
#10162 = CARTESIAN_POINT('',(-1.975,0.2946,0.25));
#10163 = DIRECTION('',(0.,0.,-1.));
#10164 = DIRECTION('',(0.,-1.,0.));
#10165 = ADVANCED_FACE('',(#10166),#10230,.F.);
#10166 = FACE_BOUND('',#10167,.F.);
#10167 = EDGE_LOOP('',(#10168,#10178,#10186,#10194,#10202,#10208,#10216,
    #10222,#10223,#10224));
#10168 = ORIENTED_EDGE('',*,*,#10169,.T.);
#10169 = EDGE_CURVE('',#10170,#10172,#10174,.T.);
#10170 = VERTEX_POINT('',#10171);
#10171 = CARTESIAN_POINT('',(-1.775,-1.4754,-4.440892098501E-16));
#10172 = VERTEX_POINT('',#10173);
#10173 = CARTESIAN_POINT('',(-1.775,-2.4754,0.));
#10174 = LINE('',#10175,#10176);
#10175 = CARTESIAN_POINT('',(-1.775,-1.4754,-4.440892098501E-16));
#10176 = VECTOR('',#10177,1.);
#10177 = DIRECTION('',(0.,-1.,4.440892098501E-16));
#10178 = ORIENTED_EDGE('',*,*,#10179,.T.);
#10179 = EDGE_CURVE('',#10172,#10180,#10182,.T.);
#10180 = VERTEX_POINT('',#10181);
#10181 = CARTESIAN_POINT('',(-1.775,-2.4754,0.3));
#10182 = LINE('',#10183,#10184);
#10183 = CARTESIAN_POINT('',(-1.775,-2.4754,0.));
#10184 = VECTOR('',#10185,1.);
#10185 = DIRECTION('',(-7.401486830834E-16,0.,1.));
#10186 = ORIENTED_EDGE('',*,*,#10187,.T.);
#10187 = EDGE_CURVE('',#10180,#10188,#10190,.T.);
#10188 = VERTEX_POINT('',#10189);
#10189 = CARTESIAN_POINT('',(-1.775,-1.7754,0.3));
#10190 = LINE('',#10191,#10192);
#10191 = CARTESIAN_POINT('',(-1.775,-2.4754,0.3));
#10192 = VECTOR('',#10193,1.);
#10193 = DIRECTION('',(0.,1.,0.));
#10194 = ORIENTED_EDGE('',*,*,#10195,.T.);
#10195 = EDGE_CURVE('',#10188,#10196,#10198,.T.);
#10196 = VERTEX_POINT('',#10197);
#10197 = CARTESIAN_POINT('',(-1.775,-1.7754,0.65));
#10198 = LINE('',#10199,#10200);
#10199 = CARTESIAN_POINT('',(-1.775,-1.7754,0.3));
#10200 = VECTOR('',#10201,1.);
#10201 = DIRECTION('',(0.,0.,1.));
#10202 = ORIENTED_EDGE('',*,*,#10203,.T.);
#10203 = EDGE_CURVE('',#10196,#8084,#10204,.T.);
#10204 = LINE('',#10205,#10206);
#10205 = CARTESIAN_POINT('',(-1.775,-1.7754,0.65));
#10206 = VECTOR('',#10207,1.);
#10207 = DIRECTION('',(0.,1.,0.));
#10208 = ORIENTED_EDGE('',*,*,#10209,.T.);
#10209 = EDGE_CURVE('',#8084,#10210,#10212,.T.);
#10210 = VERTEX_POINT('',#10211);
#10211 = CARTESIAN_POINT('',(-1.775,-1.1054,0.65));
#10212 = LINE('',#10213,#10214);
#10213 = CARTESIAN_POINT('',(-1.775,-1.7754,0.65));
#10214 = VECTOR('',#10215,1.);
#10215 = DIRECTION('',(0.,1.,0.));
#10216 = ORIENTED_EDGE('',*,*,#10217,.T.);
#10217 = EDGE_CURVE('',#10210,#8005,#10218,.T.);
#10218 = LINE('',#10219,#10220);
#10219 = CARTESIAN_POINT('',(-1.775,-0.745316843276,0.65));
#10220 = VECTOR('',#10221,1.);
#10221 = DIRECTION('',(-4.641187488323E-18,1.,0.));
#10222 = ORIENTED_EDGE('',*,*,#8012,.T.);
#10223 = ORIENTED_EDGE('',*,*,#10147,.T.);
#10224 = ORIENTED_EDGE('',*,*,#10225,.T.);
#10225 = EDGE_CURVE('',#10148,#10170,#10226,.T.);
#10226 = LINE('',#10227,#10228);
#10227 = CARTESIAN_POINT('',(-1.775,-1.4754,0.25));
#10228 = VECTOR('',#10229,1.);
#10229 = DIRECTION('',(0.,0.,-1.));
#10230 = PLANE('',#10231);
#10231 = AXIS2_PLACEMENT_3D('',#10232,#10233,#10234);
#10232 = CARTESIAN_POINT('',(-1.775,-0.665633686553,1.517013518288));
#10233 = DIRECTION('',(-1.,-4.641187488323E-18,-5.277280777259E-19));
#10234 = DIRECTION('',(4.641187488323E-18,-1.,0.));
#10235 = ADVANCED_FACE('',(#10236),#10256,.T.);
#10236 = FACE_BOUND('',#10237,.T.);
#10237 = EDGE_LOOP('',(#10238,#10239,#10240,#10248,#10254,#10255));
#10238 = ORIENTED_EDGE('',*,*,#10217,.T.);
#10239 = ORIENTED_EDGE('',*,*,#8004,.T.);
#10240 = ORIENTED_EDGE('',*,*,#10241,.F.);
#10241 = EDGE_CURVE('',#10242,#7997,#10244,.T.);
#10242 = VERTEX_POINT('',#10243);
#10243 = CARTESIAN_POINT('',(-0.725,-1.1054,0.65));
#10244 = LINE('',#10245,#10246);
#10245 = CARTESIAN_POINT('',(-0.725,-0.745316843276,0.65));
#10246 = VECTOR('',#10247,1.);
#10247 = DIRECTION('',(-4.641187488323E-18,1.,0.));
#10248 = ORIENTED_EDGE('',*,*,#10249,.F.);
#10249 = EDGE_CURVE('',#8092,#10242,#10250,.T.);
#10250 = LINE('',#10251,#10252);
#10251 = CARTESIAN_POINT('',(-0.725,-1.7754,0.65));
#10252 = VECTOR('',#10253,1.);
#10253 = DIRECTION('',(0.,1.,0.));
#10254 = ORIENTED_EDGE('',*,*,#8091,.F.);
#10255 = ORIENTED_EDGE('',*,*,#10209,.T.);
#10256 = PLANE('',#10257);
#10257 = AXIS2_PLACEMENT_3D('',#10258,#10259,#10260);
#10258 = CARTESIAN_POINT('',(-4.125,-0.825,0.65));
#10259 = DIRECTION('',(0.,0.,-1.));
#10260 = DIRECTION('',(0.,-1.,0.));
#10261 = ADVANCED_FACE('',(#10262),#10321,.T.);
#10262 = FACE_BOUND('',#10263,.T.);
#10263 = EDGE_LOOP('',(#10264,#10274,#10282,#10290,#10298,#10304,#10305,
    #10306,#10307,#10315));
#10264 = ORIENTED_EDGE('',*,*,#10265,.T.);
#10265 = EDGE_CURVE('',#10266,#10268,#10270,.T.);
#10266 = VERTEX_POINT('',#10267);
#10267 = CARTESIAN_POINT('',(-0.725,-1.4754,-4.440892098501E-16));
#10268 = VERTEX_POINT('',#10269);
#10269 = CARTESIAN_POINT('',(-0.725,-2.4754,0.));
#10270 = LINE('',#10271,#10272);
#10271 = CARTESIAN_POINT('',(-0.725,-1.4754,-4.440892098501E-16));
#10272 = VECTOR('',#10273,1.);
#10273 = DIRECTION('',(0.,-1.,4.440892098501E-16));
#10274 = ORIENTED_EDGE('',*,*,#10275,.T.);
#10275 = EDGE_CURVE('',#10268,#10276,#10278,.T.);
#10276 = VERTEX_POINT('',#10277);
#10277 = CARTESIAN_POINT('',(-0.725,-2.4754,0.3));
#10278 = LINE('',#10279,#10280);
#10279 = CARTESIAN_POINT('',(-0.725,-2.4754,0.));
#10280 = VECTOR('',#10281,1.);
#10281 = DIRECTION('',(-7.401486830834E-16,0.,1.));
#10282 = ORIENTED_EDGE('',*,*,#10283,.T.);
#10283 = EDGE_CURVE('',#10276,#10284,#10286,.T.);
#10284 = VERTEX_POINT('',#10285);
#10285 = CARTESIAN_POINT('',(-0.725,-1.7754,0.3));
#10286 = LINE('',#10287,#10288);
#10287 = CARTESIAN_POINT('',(-0.725,-2.4754,0.3));
#10288 = VECTOR('',#10289,1.);
#10289 = DIRECTION('',(0.,1.,0.));
#10290 = ORIENTED_EDGE('',*,*,#10291,.T.);
#10291 = EDGE_CURVE('',#10284,#10292,#10294,.T.);
#10292 = VERTEX_POINT('',#10293);
#10293 = CARTESIAN_POINT('',(-0.725,-1.7754,0.65));
#10294 = LINE('',#10295,#10296);
#10295 = CARTESIAN_POINT('',(-0.725,-1.7754,0.3));
#10296 = VECTOR('',#10297,1.);
#10297 = DIRECTION('',(0.,0.,1.));
#10298 = ORIENTED_EDGE('',*,*,#10299,.T.);
#10299 = EDGE_CURVE('',#10292,#8092,#10300,.T.);
#10300 = LINE('',#10301,#10302);
#10301 = CARTESIAN_POINT('',(-0.725,-1.7754,0.65));
#10302 = VECTOR('',#10303,1.);
#10303 = DIRECTION('',(0.,1.,0.));
#10304 = ORIENTED_EDGE('',*,*,#10249,.T.);
#10305 = ORIENTED_EDGE('',*,*,#10241,.T.);
#10306 = ORIENTED_EDGE('',*,*,#7996,.T.);
#10307 = ORIENTED_EDGE('',*,*,#10308,.T.);
#10308 = EDGE_CURVE('',#7989,#10309,#10311,.T.);
#10309 = VERTEX_POINT('',#10310);
#10310 = CARTESIAN_POINT('',(-0.725,-1.4754,0.25));
#10311 = LINE('',#10312,#10313);
#10312 = CARTESIAN_POINT('',(-0.725,0.2946,0.25));
#10313 = VECTOR('',#10314,1.);
#10314 = DIRECTION('',(0.,-1.,0.));
#10315 = ORIENTED_EDGE('',*,*,#10316,.T.);
#10316 = EDGE_CURVE('',#10309,#10266,#10317,.T.);
#10317 = LINE('',#10318,#10319);
#10318 = CARTESIAN_POINT('',(-0.725,-1.4754,0.25));
#10319 = VECTOR('',#10320,1.);
#10320 = DIRECTION('',(0.,0.,-1.));
#10321 = PLANE('',#10322);
#10322 = AXIS2_PLACEMENT_3D('',#10323,#10324,#10325);
#10323 = CARTESIAN_POINT('',(-0.725,-0.665633686553,1.517013518288));
#10324 = DIRECTION('',(-1.,-4.641187488323E-18,-5.277280777259E-19));
#10325 = DIRECTION('',(4.641187488323E-18,-1.,0.));
#10326 = ADVANCED_FACE('',(#10327),#10345,.T.);
#10327 = FACE_BOUND('',#10328,.T.);
#10328 = EDGE_LOOP('',(#10329,#10330,#10331,#10339));
#10329 = ORIENTED_EDGE('',*,*,#10308,.F.);
#10330 = ORIENTED_EDGE('',*,*,#7988,.T.);
#10331 = ORIENTED_EDGE('',*,*,#10332,.T.);
#10332 = EDGE_CURVE('',#7981,#10333,#10335,.T.);
#10333 = VERTEX_POINT('',#10334);
#10334 = CARTESIAN_POINT('',(-0.525,-1.4754,0.25));
#10335 = LINE('',#10336,#10337);
#10336 = CARTESIAN_POINT('',(-0.525,0.2946,0.25));
#10337 = VECTOR('',#10338,1.);
#10338 = DIRECTION('',(0.,-1.,0.));
#10339 = ORIENTED_EDGE('',*,*,#10340,.F.);
#10340 = EDGE_CURVE('',#10309,#10333,#10341,.T.);
#10341 = LINE('',#10342,#10343);
#10342 = CARTESIAN_POINT('',(-0.725,-1.4754,0.25));
#10343 = VECTOR('',#10344,1.);
#10344 = DIRECTION('',(1.,0.,0.));
#10345 = PLANE('',#10346);
#10346 = AXIS2_PLACEMENT_3D('',#10347,#10348,#10349);
#10347 = CARTESIAN_POINT('',(-0.725,0.2946,0.25));
#10348 = DIRECTION('',(0.,0.,-1.));
#10349 = DIRECTION('',(0.,-1.,0.));
#10350 = ADVANCED_FACE('',(#10351),#10415,.F.);
#10351 = FACE_BOUND('',#10352,.F.);
#10352 = EDGE_LOOP('',(#10353,#10363,#10371,#10379,#10387,#10393,#10401,
    #10407,#10408,#10409));
#10353 = ORIENTED_EDGE('',*,*,#10354,.T.);
#10354 = EDGE_CURVE('',#10355,#10357,#10359,.T.);
#10355 = VERTEX_POINT('',#10356);
#10356 = CARTESIAN_POINT('',(-0.525,-1.4754,-4.440892098501E-16));
#10357 = VERTEX_POINT('',#10358);
#10358 = CARTESIAN_POINT('',(-0.525,-2.4754,0.));
#10359 = LINE('',#10360,#10361);
#10360 = CARTESIAN_POINT('',(-0.525,-1.4754,-4.440892098501E-16));
#10361 = VECTOR('',#10362,1.);
#10362 = DIRECTION('',(0.,-1.,4.440892098501E-16));
#10363 = ORIENTED_EDGE('',*,*,#10364,.T.);
#10364 = EDGE_CURVE('',#10357,#10365,#10367,.T.);
#10365 = VERTEX_POINT('',#10366);
#10366 = CARTESIAN_POINT('',(-0.525,-2.4754,0.3));
#10367 = LINE('',#10368,#10369);
#10368 = CARTESIAN_POINT('',(-0.525,-2.4754,0.));
#10369 = VECTOR('',#10370,1.);
#10370 = DIRECTION('',(-7.401486830834E-16,0.,1.));
#10371 = ORIENTED_EDGE('',*,*,#10372,.T.);
#10372 = EDGE_CURVE('',#10365,#10373,#10375,.T.);
#10373 = VERTEX_POINT('',#10374);
#10374 = CARTESIAN_POINT('',(-0.525,-1.7754,0.3));
#10375 = LINE('',#10376,#10377);
#10376 = CARTESIAN_POINT('',(-0.525,-2.4754,0.3));
#10377 = VECTOR('',#10378,1.);
#10378 = DIRECTION('',(0.,1.,0.));
#10379 = ORIENTED_EDGE('',*,*,#10380,.T.);
#10380 = EDGE_CURVE('',#10373,#10381,#10383,.T.);
#10381 = VERTEX_POINT('',#10382);
#10382 = CARTESIAN_POINT('',(-0.525,-1.7754,0.65));
#10383 = LINE('',#10384,#10385);
#10384 = CARTESIAN_POINT('',(-0.525,-1.7754,0.3));
#10385 = VECTOR('',#10386,1.);
#10386 = DIRECTION('',(0.,0.,1.));
#10387 = ORIENTED_EDGE('',*,*,#10388,.T.);
#10388 = EDGE_CURVE('',#10381,#8100,#10389,.T.);
#10389 = LINE('',#10390,#10391);
#10390 = CARTESIAN_POINT('',(-0.525,-1.7754,0.65));
#10391 = VECTOR('',#10392,1.);
#10392 = DIRECTION('',(0.,1.,0.));
#10393 = ORIENTED_EDGE('',*,*,#10394,.T.);
#10394 = EDGE_CURVE('',#8100,#10395,#10397,.T.);
#10395 = VERTEX_POINT('',#10396);
#10396 = CARTESIAN_POINT('',(-0.525,-1.1054,0.65));
#10397 = LINE('',#10398,#10399);
#10398 = CARTESIAN_POINT('',(-0.525,-1.7754,0.65));
#10399 = VECTOR('',#10400,1.);
#10400 = DIRECTION('',(0.,1.,0.));
#10401 = ORIENTED_EDGE('',*,*,#10402,.T.);
#10402 = EDGE_CURVE('',#10395,#7973,#10403,.T.);
#10403 = LINE('',#10404,#10405);
#10404 = CARTESIAN_POINT('',(-0.525,-0.745316843276,0.65));
#10405 = VECTOR('',#10406,1.);
#10406 = DIRECTION('',(-4.641187488323E-18,1.,0.));
#10407 = ORIENTED_EDGE('',*,*,#7980,.T.);
#10408 = ORIENTED_EDGE('',*,*,#10332,.T.);
#10409 = ORIENTED_EDGE('',*,*,#10410,.T.);
#10410 = EDGE_CURVE('',#10333,#10355,#10411,.T.);
#10411 = LINE('',#10412,#10413);
#10412 = CARTESIAN_POINT('',(-0.525,-1.4754,0.25));
#10413 = VECTOR('',#10414,1.);
#10414 = DIRECTION('',(0.,0.,-1.));
#10415 = PLANE('',#10416);
#10416 = AXIS2_PLACEMENT_3D('',#10417,#10418,#10419);
#10417 = CARTESIAN_POINT('',(-0.525,-0.665633686553,1.517013518288));
#10418 = DIRECTION('',(-1.,-4.641187488323E-18,-5.277280777259E-19));
#10419 = DIRECTION('',(4.641187488323E-18,-1.,0.));
#10420 = ADVANCED_FACE('',(#10421),#10441,.T.);
#10421 = FACE_BOUND('',#10422,.T.);
#10422 = EDGE_LOOP('',(#10423,#10424,#10425,#10433,#10439,#10440));
#10423 = ORIENTED_EDGE('',*,*,#10402,.T.);
#10424 = ORIENTED_EDGE('',*,*,#7972,.T.);
#10425 = ORIENTED_EDGE('',*,*,#10426,.F.);
#10426 = EDGE_CURVE('',#10427,#7965,#10429,.T.);
#10427 = VERTEX_POINT('',#10428);
#10428 = CARTESIAN_POINT('',(0.525,-1.1054,0.65));
#10429 = LINE('',#10430,#10431);
#10430 = CARTESIAN_POINT('',(0.525,-0.745316843276,0.65));
#10431 = VECTOR('',#10432,1.);
#10432 = DIRECTION('',(-4.641187488323E-18,1.,0.));
#10433 = ORIENTED_EDGE('',*,*,#10434,.F.);
#10434 = EDGE_CURVE('',#8108,#10427,#10435,.T.);
#10435 = LINE('',#10436,#10437);
#10436 = CARTESIAN_POINT('',(0.525,-1.7754,0.65));
#10437 = VECTOR('',#10438,1.);
#10438 = DIRECTION('',(0.,1.,0.));
#10439 = ORIENTED_EDGE('',*,*,#8107,.F.);
#10440 = ORIENTED_EDGE('',*,*,#10394,.T.);
#10441 = PLANE('',#10442);
#10442 = AXIS2_PLACEMENT_3D('',#10443,#10444,#10445);
#10443 = CARTESIAN_POINT('',(-4.125,-0.825,0.65));
#10444 = DIRECTION('',(0.,0.,-1.));
#10445 = DIRECTION('',(0.,-1.,0.));
#10446 = ADVANCED_FACE('',(#10447),#10506,.T.);
#10447 = FACE_BOUND('',#10448,.T.);
#10448 = EDGE_LOOP('',(#10449,#10459,#10467,#10475,#10483,#10489,#10490,
    #10491,#10492,#10500));
#10449 = ORIENTED_EDGE('',*,*,#10450,.T.);
#10450 = EDGE_CURVE('',#10451,#10453,#10455,.T.);
#10451 = VERTEX_POINT('',#10452);
#10452 = CARTESIAN_POINT('',(0.525,-1.4754,-4.440892098501E-16));
#10453 = VERTEX_POINT('',#10454);
#10454 = CARTESIAN_POINT('',(0.525,-2.4754,0.));
#10455 = LINE('',#10456,#10457);
#10456 = CARTESIAN_POINT('',(0.525,-1.4754,-4.440892098501E-16));
#10457 = VECTOR('',#10458,1.);
#10458 = DIRECTION('',(0.,-1.,4.440892098501E-16));
#10459 = ORIENTED_EDGE('',*,*,#10460,.T.);
#10460 = EDGE_CURVE('',#10453,#10461,#10463,.T.);
#10461 = VERTEX_POINT('',#10462);
#10462 = CARTESIAN_POINT('',(0.525,-2.4754,0.3));
#10463 = LINE('',#10464,#10465);
#10464 = CARTESIAN_POINT('',(0.525,-2.4754,0.));
#10465 = VECTOR('',#10466,1.);
#10466 = DIRECTION('',(-7.401486830834E-16,0.,1.));
#10467 = ORIENTED_EDGE('',*,*,#10468,.T.);
#10468 = EDGE_CURVE('',#10461,#10469,#10471,.T.);
#10469 = VERTEX_POINT('',#10470);
#10470 = CARTESIAN_POINT('',(0.525,-1.7754,0.3));
#10471 = LINE('',#10472,#10473);
#10472 = CARTESIAN_POINT('',(0.525,-2.4754,0.3));
#10473 = VECTOR('',#10474,1.);
#10474 = DIRECTION('',(0.,1.,0.));
#10475 = ORIENTED_EDGE('',*,*,#10476,.T.);
#10476 = EDGE_CURVE('',#10469,#10477,#10479,.T.);
#10477 = VERTEX_POINT('',#10478);
#10478 = CARTESIAN_POINT('',(0.525,-1.7754,0.65));
#10479 = LINE('',#10480,#10481);
#10480 = CARTESIAN_POINT('',(0.525,-1.7754,0.3));
#10481 = VECTOR('',#10482,1.);
#10482 = DIRECTION('',(0.,0.,1.));
#10483 = ORIENTED_EDGE('',*,*,#10484,.T.);
#10484 = EDGE_CURVE('',#10477,#8108,#10485,.T.);
#10485 = LINE('',#10486,#10487);
#10486 = CARTESIAN_POINT('',(0.525,-1.7754,0.65));
#10487 = VECTOR('',#10488,1.);
#10488 = DIRECTION('',(0.,1.,0.));
#10489 = ORIENTED_EDGE('',*,*,#10434,.T.);
#10490 = ORIENTED_EDGE('',*,*,#10426,.T.);
#10491 = ORIENTED_EDGE('',*,*,#7964,.T.);
#10492 = ORIENTED_EDGE('',*,*,#10493,.T.);
#10493 = EDGE_CURVE('',#7957,#10494,#10496,.T.);
#10494 = VERTEX_POINT('',#10495);
#10495 = CARTESIAN_POINT('',(0.525,-1.4754,0.25));
#10496 = LINE('',#10497,#10498);
#10497 = CARTESIAN_POINT('',(0.525,0.2946,0.25));
#10498 = VECTOR('',#10499,1.);
#10499 = DIRECTION('',(0.,-1.,0.));
#10500 = ORIENTED_EDGE('',*,*,#10501,.T.);
#10501 = EDGE_CURVE('',#10494,#10451,#10502,.T.);
#10502 = LINE('',#10503,#10504);
#10503 = CARTESIAN_POINT('',(0.525,-1.4754,0.25));
#10504 = VECTOR('',#10505,1.);
#10505 = DIRECTION('',(0.,0.,-1.));
#10506 = PLANE('',#10507);
#10507 = AXIS2_PLACEMENT_3D('',#10508,#10509,#10510);
#10508 = CARTESIAN_POINT('',(0.525,-0.665633686553,1.517013518288));
#10509 = DIRECTION('',(-1.,-4.641187488323E-18,-5.277280777259E-19));
#10510 = DIRECTION('',(4.641187488323E-18,-1.,0.));
#10511 = ADVANCED_FACE('',(#10512),#10530,.T.);
#10512 = FACE_BOUND('',#10513,.T.);
#10513 = EDGE_LOOP('',(#10514,#10515,#10516,#10524));
#10514 = ORIENTED_EDGE('',*,*,#10493,.F.);
#10515 = ORIENTED_EDGE('',*,*,#7956,.T.);
#10516 = ORIENTED_EDGE('',*,*,#10517,.T.);
#10517 = EDGE_CURVE('',#7949,#10518,#10520,.T.);
#10518 = VERTEX_POINT('',#10519);
#10519 = CARTESIAN_POINT('',(0.725,-1.4754,0.25));
#10520 = LINE('',#10521,#10522);
#10521 = CARTESIAN_POINT('',(0.725,0.2946,0.25));
#10522 = VECTOR('',#10523,1.);
#10523 = DIRECTION('',(0.,-1.,0.));
#10524 = ORIENTED_EDGE('',*,*,#10525,.F.);
#10525 = EDGE_CURVE('',#10494,#10518,#10526,.T.);
#10526 = LINE('',#10527,#10528);
#10527 = CARTESIAN_POINT('',(0.525,-1.4754,0.25));
#10528 = VECTOR('',#10529,1.);
#10529 = DIRECTION('',(1.,0.,0.));
#10530 = PLANE('',#10531);
#10531 = AXIS2_PLACEMENT_3D('',#10532,#10533,#10534);
#10532 = CARTESIAN_POINT('',(0.525,0.2946,0.25));
#10533 = DIRECTION('',(0.,0.,-1.));
#10534 = DIRECTION('',(0.,-1.,0.));
#10535 = ADVANCED_FACE('',(#10536),#10600,.F.);
#10536 = FACE_BOUND('',#10537,.F.);
#10537 = EDGE_LOOP('',(#10538,#10548,#10556,#10564,#10572,#10578,#10586,
    #10592,#10593,#10594));
#10538 = ORIENTED_EDGE('',*,*,#10539,.T.);
#10539 = EDGE_CURVE('',#10540,#10542,#10544,.T.);
#10540 = VERTEX_POINT('',#10541);
#10541 = CARTESIAN_POINT('',(0.725,-1.4754,-4.440892098501E-16));
#10542 = VERTEX_POINT('',#10543);
#10543 = CARTESIAN_POINT('',(0.725,-2.4754,0.));
#10544 = LINE('',#10545,#10546);
#10545 = CARTESIAN_POINT('',(0.725,-1.4754,-4.440892098501E-16));
#10546 = VECTOR('',#10547,1.);
#10547 = DIRECTION('',(0.,-1.,4.440892098501E-16));
#10548 = ORIENTED_EDGE('',*,*,#10549,.T.);
#10549 = EDGE_CURVE('',#10542,#10550,#10552,.T.);
#10550 = VERTEX_POINT('',#10551);
#10551 = CARTESIAN_POINT('',(0.725,-2.4754,0.3));
#10552 = LINE('',#10553,#10554);
#10553 = CARTESIAN_POINT('',(0.725,-2.4754,0.));
#10554 = VECTOR('',#10555,1.);
#10555 = DIRECTION('',(-7.401486830834E-16,0.,1.));
#10556 = ORIENTED_EDGE('',*,*,#10557,.T.);
#10557 = EDGE_CURVE('',#10550,#10558,#10560,.T.);
#10558 = VERTEX_POINT('',#10559);
#10559 = CARTESIAN_POINT('',(0.725,-1.7754,0.3));
#10560 = LINE('',#10561,#10562);
#10561 = CARTESIAN_POINT('',(0.725,-2.4754,0.3));
#10562 = VECTOR('',#10563,1.);
#10563 = DIRECTION('',(0.,1.,0.));
#10564 = ORIENTED_EDGE('',*,*,#10565,.T.);
#10565 = EDGE_CURVE('',#10558,#10566,#10568,.T.);
#10566 = VERTEX_POINT('',#10567);
#10567 = CARTESIAN_POINT('',(0.725,-1.7754,0.65));
#10568 = LINE('',#10569,#10570);
#10569 = CARTESIAN_POINT('',(0.725,-1.7754,0.3));
#10570 = VECTOR('',#10571,1.);
#10571 = DIRECTION('',(0.,0.,1.));
#10572 = ORIENTED_EDGE('',*,*,#10573,.T.);
#10573 = EDGE_CURVE('',#10566,#8116,#10574,.T.);
#10574 = LINE('',#10575,#10576);
#10575 = CARTESIAN_POINT('',(0.725,-1.7754,0.65));
#10576 = VECTOR('',#10577,1.);
#10577 = DIRECTION('',(0.,1.,0.));
#10578 = ORIENTED_EDGE('',*,*,#10579,.T.);
#10579 = EDGE_CURVE('',#8116,#10580,#10582,.T.);
#10580 = VERTEX_POINT('',#10581);
#10581 = CARTESIAN_POINT('',(0.725,-1.1054,0.65));
#10582 = LINE('',#10583,#10584);
#10583 = CARTESIAN_POINT('',(0.725,-1.7754,0.65));
#10584 = VECTOR('',#10585,1.);
#10585 = DIRECTION('',(0.,1.,0.));
#10586 = ORIENTED_EDGE('',*,*,#10587,.T.);
#10587 = EDGE_CURVE('',#10580,#7941,#10588,.T.);
#10588 = LINE('',#10589,#10590);
#10589 = CARTESIAN_POINT('',(0.725,-0.745316843276,0.65));
#10590 = VECTOR('',#10591,1.);
#10591 = DIRECTION('',(-4.641187488323E-18,1.,0.));
#10592 = ORIENTED_EDGE('',*,*,#7948,.T.);
#10593 = ORIENTED_EDGE('',*,*,#10517,.T.);
#10594 = ORIENTED_EDGE('',*,*,#10595,.T.);
#10595 = EDGE_CURVE('',#10518,#10540,#10596,.T.);
#10596 = LINE('',#10597,#10598);
#10597 = CARTESIAN_POINT('',(0.725,-1.4754,0.25));
#10598 = VECTOR('',#10599,1.);
#10599 = DIRECTION('',(0.,0.,-1.));
#10600 = PLANE('',#10601);
#10601 = AXIS2_PLACEMENT_3D('',#10602,#10603,#10604);
#10602 = CARTESIAN_POINT('',(0.725,-0.665633686553,1.517013518288));
#10603 = DIRECTION('',(-1.,-4.641187488323E-18,-5.277280777259E-19));
#10604 = DIRECTION('',(4.641187488323E-18,-1.,0.));
#10605 = ADVANCED_FACE('',(#10606),#10626,.T.);
#10606 = FACE_BOUND('',#10607,.T.);
#10607 = EDGE_LOOP('',(#10608,#10609,#10610,#10618,#10624,#10625));
#10608 = ORIENTED_EDGE('',*,*,#10587,.T.);
#10609 = ORIENTED_EDGE('',*,*,#7940,.T.);
#10610 = ORIENTED_EDGE('',*,*,#10611,.F.);
#10611 = EDGE_CURVE('',#10612,#7933,#10614,.T.);
#10612 = VERTEX_POINT('',#10613);
#10613 = CARTESIAN_POINT('',(1.775,-1.1054,0.65));
#10614 = LINE('',#10615,#10616);
#10615 = CARTESIAN_POINT('',(1.775,-0.745316843276,0.65));
#10616 = VECTOR('',#10617,1.);
#10617 = DIRECTION('',(-4.641187488323E-18,1.,0.));
#10618 = ORIENTED_EDGE('',*,*,#10619,.F.);
#10619 = EDGE_CURVE('',#8124,#10612,#10620,.T.);
#10620 = LINE('',#10621,#10622);
#10621 = CARTESIAN_POINT('',(1.775,-1.7754,0.65));
#10622 = VECTOR('',#10623,1.);
#10623 = DIRECTION('',(0.,1.,0.));
#10624 = ORIENTED_EDGE('',*,*,#8123,.F.);
#10625 = ORIENTED_EDGE('',*,*,#10579,.T.);
#10626 = PLANE('',#10627);
#10627 = AXIS2_PLACEMENT_3D('',#10628,#10629,#10630);
#10628 = CARTESIAN_POINT('',(-4.125,-0.825,0.65));
#10629 = DIRECTION('',(0.,0.,-1.));
#10630 = DIRECTION('',(0.,-1.,0.));
#10631 = ADVANCED_FACE('',(#10632),#10691,.T.);
#10632 = FACE_BOUND('',#10633,.T.);
#10633 = EDGE_LOOP('',(#10634,#10644,#10652,#10660,#10668,#10674,#10675,
    #10676,#10677,#10685));
#10634 = ORIENTED_EDGE('',*,*,#10635,.T.);
#10635 = EDGE_CURVE('',#10636,#10638,#10640,.T.);
#10636 = VERTEX_POINT('',#10637);
#10637 = CARTESIAN_POINT('',(1.775,-1.4754,-4.440892098501E-16));
#10638 = VERTEX_POINT('',#10639);
#10639 = CARTESIAN_POINT('',(1.775,-2.4754,0.));
#10640 = LINE('',#10641,#10642);
#10641 = CARTESIAN_POINT('',(1.775,-1.4754,-4.440892098501E-16));
#10642 = VECTOR('',#10643,1.);
#10643 = DIRECTION('',(0.,-1.,4.440892098501E-16));
#10644 = ORIENTED_EDGE('',*,*,#10645,.T.);
#10645 = EDGE_CURVE('',#10638,#10646,#10648,.T.);
#10646 = VERTEX_POINT('',#10647);
#10647 = CARTESIAN_POINT('',(1.775,-2.4754,0.3));
#10648 = LINE('',#10649,#10650);
#10649 = CARTESIAN_POINT('',(1.775,-2.4754,0.));
#10650 = VECTOR('',#10651,1.);
#10651 = DIRECTION('',(-7.401486830834E-16,0.,1.));
#10652 = ORIENTED_EDGE('',*,*,#10653,.T.);
#10653 = EDGE_CURVE('',#10646,#10654,#10656,.T.);
#10654 = VERTEX_POINT('',#10655);
#10655 = CARTESIAN_POINT('',(1.775,-1.7754,0.3));
#10656 = LINE('',#10657,#10658);
#10657 = CARTESIAN_POINT('',(1.775,-2.4754,0.3));
#10658 = VECTOR('',#10659,1.);
#10659 = DIRECTION('',(0.,1.,0.));
#10660 = ORIENTED_EDGE('',*,*,#10661,.T.);
#10661 = EDGE_CURVE('',#10654,#10662,#10664,.T.);
#10662 = VERTEX_POINT('',#10663);
#10663 = CARTESIAN_POINT('',(1.775,-1.7754,0.65));
#10664 = LINE('',#10665,#10666);
#10665 = CARTESIAN_POINT('',(1.775,-1.7754,0.3));
#10666 = VECTOR('',#10667,1.);
#10667 = DIRECTION('',(0.,0.,1.));
#10668 = ORIENTED_EDGE('',*,*,#10669,.T.);
#10669 = EDGE_CURVE('',#10662,#8124,#10670,.T.);
#10670 = LINE('',#10671,#10672);
#10671 = CARTESIAN_POINT('',(1.775,-1.7754,0.65));
#10672 = VECTOR('',#10673,1.);
#10673 = DIRECTION('',(0.,1.,0.));
#10674 = ORIENTED_EDGE('',*,*,#10619,.T.);
#10675 = ORIENTED_EDGE('',*,*,#10611,.T.);
#10676 = ORIENTED_EDGE('',*,*,#7932,.T.);
#10677 = ORIENTED_EDGE('',*,*,#10678,.T.);
#10678 = EDGE_CURVE('',#7925,#10679,#10681,.T.);
#10679 = VERTEX_POINT('',#10680);
#10680 = CARTESIAN_POINT('',(1.775,-1.4754,0.25));
#10681 = LINE('',#10682,#10683);
#10682 = CARTESIAN_POINT('',(1.775,0.2946,0.25));
#10683 = VECTOR('',#10684,1.);
#10684 = DIRECTION('',(0.,-1.,0.));
#10685 = ORIENTED_EDGE('',*,*,#10686,.T.);
#10686 = EDGE_CURVE('',#10679,#10636,#10687,.T.);
#10687 = LINE('',#10688,#10689);
#10688 = CARTESIAN_POINT('',(1.775,-1.4754,0.25));
#10689 = VECTOR('',#10690,1.);
#10690 = DIRECTION('',(0.,0.,-1.));
#10691 = PLANE('',#10692);
#10692 = AXIS2_PLACEMENT_3D('',#10693,#10694,#10695);
#10693 = CARTESIAN_POINT('',(1.775,-0.665633686553,1.517013518288));
#10694 = DIRECTION('',(-1.,-4.641187488323E-18,-5.277280777259E-19));
#10695 = DIRECTION('',(4.641187488323E-18,-1.,0.));
#10696 = ADVANCED_FACE('',(#10697),#10715,.T.);
#10697 = FACE_BOUND('',#10698,.T.);
#10698 = EDGE_LOOP('',(#10699,#10700,#10701,#10709));
#10699 = ORIENTED_EDGE('',*,*,#10678,.F.);
#10700 = ORIENTED_EDGE('',*,*,#7924,.T.);
#10701 = ORIENTED_EDGE('',*,*,#10702,.T.);
#10702 = EDGE_CURVE('',#7917,#10703,#10705,.T.);
#10703 = VERTEX_POINT('',#10704);
#10704 = CARTESIAN_POINT('',(1.975,-1.4754,0.25));
#10705 = LINE('',#10706,#10707);
#10706 = CARTESIAN_POINT('',(1.975,0.2946,0.25));
#10707 = VECTOR('',#10708,1.);
#10708 = DIRECTION('',(0.,-1.,0.));
#10709 = ORIENTED_EDGE('',*,*,#10710,.F.);
#10710 = EDGE_CURVE('',#10679,#10703,#10711,.T.);
#10711 = LINE('',#10712,#10713);
#10712 = CARTESIAN_POINT('',(1.775,-1.4754,0.25));
#10713 = VECTOR('',#10714,1.);
#10714 = DIRECTION('',(1.,0.,0.));
#10715 = PLANE('',#10716);
#10716 = AXIS2_PLACEMENT_3D('',#10717,#10718,#10719);
#10717 = CARTESIAN_POINT('',(1.775,0.2946,0.25));
#10718 = DIRECTION('',(0.,0.,-1.));
#10719 = DIRECTION('',(0.,-1.,0.));
#10720 = ADVANCED_FACE('',(#10721),#10785,.F.);
#10721 = FACE_BOUND('',#10722,.F.);
#10722 = EDGE_LOOP('',(#10723,#10733,#10741,#10749,#10757,#10763,#10771,
    #10777,#10778,#10779));
#10723 = ORIENTED_EDGE('',*,*,#10724,.T.);
#10724 = EDGE_CURVE('',#10725,#10727,#10729,.T.);
#10725 = VERTEX_POINT('',#10726);
#10726 = CARTESIAN_POINT('',(1.975,-1.4754,-4.440892098501E-16));
#10727 = VERTEX_POINT('',#10728);
#10728 = CARTESIAN_POINT('',(1.975,-2.4754,0.));
#10729 = LINE('',#10730,#10731);
#10730 = CARTESIAN_POINT('',(1.975,-1.4754,-4.440892098501E-16));
#10731 = VECTOR('',#10732,1.);
#10732 = DIRECTION('',(0.,-1.,4.440892098501E-16));
#10733 = ORIENTED_EDGE('',*,*,#10734,.T.);
#10734 = EDGE_CURVE('',#10727,#10735,#10737,.T.);
#10735 = VERTEX_POINT('',#10736);
#10736 = CARTESIAN_POINT('',(1.975,-2.4754,0.3));
#10737 = LINE('',#10738,#10739);
#10738 = CARTESIAN_POINT('',(1.975,-2.4754,0.));
#10739 = VECTOR('',#10740,1.);
#10740 = DIRECTION('',(-7.401486830834E-16,0.,1.));
#10741 = ORIENTED_EDGE('',*,*,#10742,.T.);
#10742 = EDGE_CURVE('',#10735,#10743,#10745,.T.);
#10743 = VERTEX_POINT('',#10744);
#10744 = CARTESIAN_POINT('',(1.975,-1.7754,0.3));
#10745 = LINE('',#10746,#10747);
#10746 = CARTESIAN_POINT('',(1.975,-2.4754,0.3));
#10747 = VECTOR('',#10748,1.);
#10748 = DIRECTION('',(0.,1.,0.));
#10749 = ORIENTED_EDGE('',*,*,#10750,.T.);
#10750 = EDGE_CURVE('',#10743,#10751,#10753,.T.);
#10751 = VERTEX_POINT('',#10752);
#10752 = CARTESIAN_POINT('',(1.975,-1.7754,0.65));
#10753 = LINE('',#10754,#10755);
#10754 = CARTESIAN_POINT('',(1.975,-1.7754,0.3));
#10755 = VECTOR('',#10756,1.);
#10756 = DIRECTION('',(0.,0.,1.));
#10757 = ORIENTED_EDGE('',*,*,#10758,.T.);
#10758 = EDGE_CURVE('',#10751,#8132,#10759,.T.);
#10759 = LINE('',#10760,#10761);
#10760 = CARTESIAN_POINT('',(1.975,-1.7754,0.65));
#10761 = VECTOR('',#10762,1.);
#10762 = DIRECTION('',(0.,1.,0.));
#10763 = ORIENTED_EDGE('',*,*,#10764,.T.);
#10764 = EDGE_CURVE('',#8132,#10765,#10767,.T.);
#10765 = VERTEX_POINT('',#10766);
#10766 = CARTESIAN_POINT('',(1.975,-1.1054,0.65));
#10767 = LINE('',#10768,#10769);
#10768 = CARTESIAN_POINT('',(1.975,-1.7754,0.65));
#10769 = VECTOR('',#10770,1.);
#10770 = DIRECTION('',(0.,1.,0.));
#10771 = ORIENTED_EDGE('',*,*,#10772,.T.);
#10772 = EDGE_CURVE('',#10765,#7909,#10773,.T.);
#10773 = LINE('',#10774,#10775);
#10774 = CARTESIAN_POINT('',(1.975,-0.745316843276,0.65));
#10775 = VECTOR('',#10776,1.);
#10776 = DIRECTION('',(-4.641187488323E-18,1.,0.));
#10777 = ORIENTED_EDGE('',*,*,#7916,.T.);
#10778 = ORIENTED_EDGE('',*,*,#10702,.T.);
#10779 = ORIENTED_EDGE('',*,*,#10780,.T.);
#10780 = EDGE_CURVE('',#10703,#10725,#10781,.T.);
#10781 = LINE('',#10782,#10783);
#10782 = CARTESIAN_POINT('',(1.975,-1.4754,0.25));
#10783 = VECTOR('',#10784,1.);
#10784 = DIRECTION('',(0.,0.,-1.));
#10785 = PLANE('',#10786);
#10786 = AXIS2_PLACEMENT_3D('',#10787,#10788,#10789);
#10787 = CARTESIAN_POINT('',(1.975,-0.665633686553,1.517013518288));
#10788 = DIRECTION('',(-1.,-4.641187488323E-18,-5.277280777259E-19));
#10789 = DIRECTION('',(4.641187488323E-18,-1.,0.));
#10790 = ADVANCED_FACE('',(#10791),#10798,.T.);
#10791 = FACE_BOUND('',#10792,.T.);
#10792 = EDGE_LOOP('',(#10793,#10794,#10795,#10796,#10797));
#10793 = ORIENTED_EDGE('',*,*,#10772,.T.);
#10794 = ORIENTED_EDGE('',*,*,#7908,.T.);
#10795 = ORIENTED_EDGE('',*,*,#8190,.T.);
#10796 = ORIENTED_EDGE('',*,*,#8139,.F.);
#10797 = ORIENTED_EDGE('',*,*,#10764,.T.);
#10798 = PLANE('',#10799);
#10799 = AXIS2_PLACEMENT_3D('',#10800,#10801,#10802);
#10800 = CARTESIAN_POINT('',(-4.125,-0.825,0.65));
#10801 = DIRECTION('',(0.,0.,-1.));
#10802 = DIRECTION('',(0.,-1.,0.));
#10803 = ADVANCED_FACE('',(#10804),#10815,.T.);
#10804 = FACE_BOUND('',#10805,.T.);
#10805 = EDGE_LOOP('',(#10806,#10807,#10813,#10814));
#10806 = ORIENTED_EDGE('',*,*,#10114,.F.);
#10807 = ORIENTED_EDGE('',*,*,#10808,.T.);
#10808 = EDGE_CURVE('',#10107,#10196,#10809,.T.);
#10809 = LINE('',#10810,#10811);
#10810 = CARTESIAN_POINT('',(-1.975,-1.7754,0.65));
#10811 = VECTOR('',#10812,1.);
#10812 = DIRECTION('',(1.,0.,0.));
#10813 = ORIENTED_EDGE('',*,*,#10203,.T.);
#10814 = ORIENTED_EDGE('',*,*,#8083,.F.);
#10815 = PLANE('',#10816);
#10816 = AXIS2_PLACEMENT_3D('',#10817,#10818,#10819);
#10817 = CARTESIAN_POINT('',(-1.975,-1.7754,0.65));
#10818 = DIRECTION('',(0.,0.,1.));
#10819 = DIRECTION('',(0.,1.,0.));
#10820 = ADVANCED_FACE('',(#10821),#10832,.T.);
#10821 = FACE_BOUND('',#10822,.T.);
#10822 = EDGE_LOOP('',(#10823,#10824,#10830,#10831));
#10823 = ORIENTED_EDGE('',*,*,#10299,.F.);
#10824 = ORIENTED_EDGE('',*,*,#10825,.T.);
#10825 = EDGE_CURVE('',#10292,#10381,#10826,.T.);
#10826 = LINE('',#10827,#10828);
#10827 = CARTESIAN_POINT('',(-0.725,-1.7754,0.65));
#10828 = VECTOR('',#10829,1.);
#10829 = DIRECTION('',(1.,0.,0.));
#10830 = ORIENTED_EDGE('',*,*,#10388,.T.);
#10831 = ORIENTED_EDGE('',*,*,#8099,.F.);
#10832 = PLANE('',#10833);
#10833 = AXIS2_PLACEMENT_3D('',#10834,#10835,#10836);
#10834 = CARTESIAN_POINT('',(-0.725,-1.7754,0.65));
#10835 = DIRECTION('',(0.,0.,1.));
#10836 = DIRECTION('',(0.,1.,0.));
#10837 = ADVANCED_FACE('',(#10838),#10849,.T.);
#10838 = FACE_BOUND('',#10839,.T.);
#10839 = EDGE_LOOP('',(#10840,#10841,#10847,#10848));
#10840 = ORIENTED_EDGE('',*,*,#10484,.F.);
#10841 = ORIENTED_EDGE('',*,*,#10842,.T.);
#10842 = EDGE_CURVE('',#10477,#10566,#10843,.T.);
#10843 = LINE('',#10844,#10845);
#10844 = CARTESIAN_POINT('',(0.525,-1.7754,0.65));
#10845 = VECTOR('',#10846,1.);
#10846 = DIRECTION('',(1.,0.,0.));
#10847 = ORIENTED_EDGE('',*,*,#10573,.T.);
#10848 = ORIENTED_EDGE('',*,*,#8115,.F.);
#10849 = PLANE('',#10850);
#10850 = AXIS2_PLACEMENT_3D('',#10851,#10852,#10853);
#10851 = CARTESIAN_POINT('',(0.525,-1.7754,0.65));
#10852 = DIRECTION('',(0.,0.,1.));
#10853 = DIRECTION('',(0.,1.,0.));
#10854 = ADVANCED_FACE('',(#10855),#10866,.T.);
#10855 = FACE_BOUND('',#10856,.T.);
#10856 = EDGE_LOOP('',(#10857,#10858,#10864,#10865));
#10857 = ORIENTED_EDGE('',*,*,#10669,.F.);
#10858 = ORIENTED_EDGE('',*,*,#10859,.T.);
#10859 = EDGE_CURVE('',#10662,#10751,#10860,.T.);
#10860 = LINE('',#10861,#10862);
#10861 = CARTESIAN_POINT('',(1.775,-1.7754,0.65));
#10862 = VECTOR('',#10863,1.);
#10863 = DIRECTION('',(1.,0.,0.));
#10864 = ORIENTED_EDGE('',*,*,#10758,.T.);
#10865 = ORIENTED_EDGE('',*,*,#8131,.F.);
#10866 = PLANE('',#10867);
#10867 = AXIS2_PLACEMENT_3D('',#10868,#10869,#10870);
#10868 = CARTESIAN_POINT('',(1.775,-1.7754,0.65));
#10869 = DIRECTION('',(0.,0.,1.));
#10870 = DIRECTION('',(0.,1.,0.));
#10871 = ADVANCED_FACE('',(#10872),#10883,.F.);
#10872 = FACE_BOUND('',#10873,.F.);
#10873 = EDGE_LOOP('',(#10874,#10880,#10881,#10882));
#10874 = ORIENTED_EDGE('',*,*,#10875,.T.);
#10875 = EDGE_CURVE('',#8302,#8239,#10876,.T.);
#10876 = LINE('',#10877,#10878);
#10877 = CARTESIAN_POINT('',(3.625,-1.175,3.55));
#10878 = VECTOR('',#10879,1.);
#10879 = DIRECTION('',(1.,0.,0.));
#10880 = ORIENTED_EDGE('',*,*,#8246,.T.);
#10881 = ORIENTED_EDGE('',*,*,#8268,.F.);
#10882 = ORIENTED_EDGE('',*,*,#8309,.F.);
#10883 = PLANE('',#10884);
#10884 = AXIS2_PLACEMENT_3D('',#10885,#10886,#10887);
#10885 = CARTESIAN_POINT('',(3.625,-1.175,3.55));
#10886 = DIRECTION('',(0.,1.,0.));
#10887 = DIRECTION('',(0.,0.,-1.));
#10888 = ADVANCED_FACE('',(#10889),#10895,.F.);
#10889 = FACE_BOUND('',#10890,.F.);
#10890 = EDGE_LOOP('',(#10891,#10892,#10893,#10894));
#10891 = ORIENTED_EDGE('',*,*,#8341,.T.);
#10892 = ORIENTED_EDGE('',*,*,#8238,.T.);
#10893 = ORIENTED_EDGE('',*,*,#10875,.F.);
#10894 = ORIENTED_EDGE('',*,*,#8301,.F.);
#10895 = PLANE('',#10896);
#10896 = AXIS2_PLACEMENT_3D('',#10897,#10898,#10899);
#10897 = CARTESIAN_POINT('',(3.625,0.175,3.55));
#10898 = DIRECTION('',(0.,0.,-1.));
#10899 = DIRECTION('',(0.,-1.,0.));
#10900 = ADVANCED_FACE('',(#10901),#10935,.F.);
#10901 = FACE_BOUND('',#10902,.F.);
#10902 = EDGE_LOOP('',(#10903,#10913,#10919,#10920,#10921,#10929));
#10903 = ORIENTED_EDGE('',*,*,#10904,.F.);
#10904 = EDGE_CURVE('',#10905,#10907,#10909,.T.);
#10905 = VERTEX_POINT('',#10906);
#10906 = CARTESIAN_POINT('',(3.825,1.825,0.75));
#10907 = VERTEX_POINT('',#10908);
#10908 = CARTESIAN_POINT('',(3.825,1.825,0.8));
#10909 = LINE('',#10910,#10911);
#10910 = CARTESIAN_POINT('',(3.825,1.825,0.885392234548));
#10911 = VECTOR('',#10912,1.);
#10912 = DIRECTION('',(0.,0.,1.));
#10913 = ORIENTED_EDGE('',*,*,#10914,.T.);
#10914 = EDGE_CURVE('',#10905,#8207,#10915,.T.);
#10915 = LINE('',#10916,#10917);
#10916 = CARTESIAN_POINT('',(3.625,1.825,0.75));
#10917 = VECTOR('',#10918,1.);
#10918 = DIRECTION('',(1.,0.,0.));
#10919 = ORIENTED_EDGE('',*,*,#8214,.T.);
#10920 = ORIENTED_EDGE('',*,*,#9842,.F.);
#10921 = ORIENTED_EDGE('',*,*,#10922,.F.);
#10922 = EDGE_CURVE('',#10923,#9835,#10925,.T.);
#10923 = VERTEX_POINT('',#10924);
#10924 = CARTESIAN_POINT('',(3.825,1.825,1.51));
#10925 = LINE('',#10926,#10927);
#10926 = CARTESIAN_POINT('',(3.825,1.825,0.885392234548));
#10927 = VECTOR('',#10928,1.);
#10928 = DIRECTION('',(0.,0.,1.));
#10929 = ORIENTED_EDGE('',*,*,#10930,.T.);
#10930 = EDGE_CURVE('',#10923,#10907,#10931,.T.);
#10931 = LINE('',#10932,#10933);
#10932 = CARTESIAN_POINT('',(3.825,1.825,1.51));
#10933 = VECTOR('',#10934,1.);
#10934 = DIRECTION('',(0.,0.,-1.));
#10935 = PLANE('',#10936);
#10936 = AXIS2_PLACEMENT_3D('',#10937,#10938,#10939);
#10937 = CARTESIAN_POINT('',(3.625,1.825,0.75));
#10938 = DIRECTION('',(0.,-1.,0.));
#10939 = DIRECTION('',(0.,0.,1.));
#10940 = ADVANCED_FACE('',(#10941),#10952,.F.);
#10941 = FACE_BOUND('',#10942,.F.);
#10942 = EDGE_LOOP('',(#10943,#10949,#10950,#10951));
#10943 = ORIENTED_EDGE('',*,*,#10944,.F.);
#10944 = EDGE_CURVE('',#10051,#10905,#10945,.T.);
#10945 = LINE('',#10946,#10947);
#10946 = CARTESIAN_POINT('',(3.825,0.739944532488,0.75));
#10947 = VECTOR('',#10948,1.);
#10948 = DIRECTION('',(0.,1.,0.));
#10949 = ORIENTED_EDGE('',*,*,#10050,.T.);
#10950 = ORIENTED_EDGE('',*,*,#8206,.T.);
#10951 = ORIENTED_EDGE('',*,*,#10914,.F.);
#10952 = PLANE('',#10953);
#10953 = AXIS2_PLACEMENT_3D('',#10954,#10955,#10956);
#10954 = CARTESIAN_POINT('',(3.625,0.225,0.75));
#10955 = DIRECTION('',(0.,0.,1.));
#10956 = DIRECTION('',(0.,1.,0.));
#10957 = ADVANCED_FACE('',(#10958),#10975,.F.);
#10958 = FACE_BOUND('',#10959,.F.);
#10959 = EDGE_LOOP('',(#10960,#10968,#10974));
#10960 = ORIENTED_EDGE('',*,*,#10961,.T.);
#10961 = EDGE_CURVE('',#8409,#10962,#10964,.T.);
#10962 = VERTEX_POINT('',#10963);
#10963 = CARTESIAN_POINT('',(-1.225,1.07,2.4));
#10964 = LINE('',#10965,#10966);
#10965 = CARTESIAN_POINT('',(-1.225,0.67,2.4));
#10966 = VECTOR('',#10967,1.);
#10967 = DIRECTION('',(0.,1.,0.));
#10968 = ORIENTED_EDGE('',*,*,#10969,.T.);
#10969 = EDGE_CURVE('',#10962,#8407,#10970,.T.);
#10970 = LINE('',#10971,#10972);
#10971 = CARTESIAN_POINT('',(-1.225,1.07,2.4));
#10972 = VECTOR('',#10973,1.);
#10973 = DIRECTION('',(0.,-0.371390676354,0.928476690885));
#10974 = ORIENTED_EDGE('',*,*,#8406,.T.);
#10975 = PLANE('',#10976);
#10976 = AXIS2_PLACEMENT_3D('',#10977,#10978,#10979);
#10977 = CARTESIAN_POINT('',(-1.225,0.789258240357,2.819258240357));
#10978 = DIRECTION('',(1.,0.,0.));
#10979 = DIRECTION('',(0.,0.,1.));
#10980 = ADVANCED_FACE('',(#10981),#10999,.F.);
#10981 = FACE_BOUND('',#10982,.F.);
#10982 = EDGE_LOOP('',(#10983,#10991,#10997,#10998));
#10983 = ORIENTED_EDGE('',*,*,#10984,.T.);
#10984 = EDGE_CURVE('',#10962,#10985,#10987,.T.);
#10985 = VERTEX_POINT('',#10986);
#10986 = CARTESIAN_POINT('',(1.225,1.07,2.4));
#10987 = LINE('',#10988,#10989);
#10988 = CARTESIAN_POINT('',(-1.225,1.07,2.4));
#10989 = VECTOR('',#10990,1.);
#10990 = DIRECTION('',(1.,0.,0.));
#10991 = ORIENTED_EDGE('',*,*,#10992,.T.);
#10992 = EDGE_CURVE('',#10985,#8425,#10993,.T.);
#10993 = LINE('',#10994,#10995);
#10994 = CARTESIAN_POINT('',(1.225,1.07,2.4));
#10995 = VECTOR('',#10996,1.);
#10996 = DIRECTION('',(0.,-0.371390676354,0.928476690885));
#10997 = ORIENTED_EDGE('',*,*,#8432,.F.);
#10998 = ORIENTED_EDGE('',*,*,#10969,.F.);
#10999 = PLANE('',#11000);
#11000 = AXIS2_PLACEMENT_3D('',#11001,#11002,#11003);
#11001 = CARTESIAN_POINT('',(-1.225,1.07,2.4));
#11002 = DIRECTION('',(0.,-0.928476690885,-0.371390676354));
#11003 = DIRECTION('',(0.,-0.371390676354,0.928476690885));
#11004 = ADVANCED_FACE('',(#11005),#11015,.T.);
#11005 = FACE_BOUND('',#11006,.T.);
#11006 = EDGE_LOOP('',(#11007,#11013,#11014));
#11007 = ORIENTED_EDGE('',*,*,#11008,.T.);
#11008 = EDGE_CURVE('',#8417,#10985,#11009,.T.);
#11009 = LINE('',#11010,#11011);
#11010 = CARTESIAN_POINT('',(1.225,0.67,2.4));
#11011 = VECTOR('',#11012,1.);
#11012 = DIRECTION('',(0.,1.,0.));
#11013 = ORIENTED_EDGE('',*,*,#10992,.T.);
#11014 = ORIENTED_EDGE('',*,*,#8424,.T.);
#11015 = PLANE('',#11016);
#11016 = AXIS2_PLACEMENT_3D('',#11017,#11018,#11019);
#11017 = CARTESIAN_POINT('',(1.225,0.789258240357,2.819258240357));
#11018 = DIRECTION('',(1.,0.,0.));
#11019 = DIRECTION('',(0.,0.,1.));
#11020 = ADVANCED_FACE('',(#11021),#11027,.F.);
#11021 = FACE_BOUND('',#11022,.F.);
#11022 = EDGE_LOOP('',(#11023,#11024,#11025,#11026));
#11023 = ORIENTED_EDGE('',*,*,#8416,.T.);
#11024 = ORIENTED_EDGE('',*,*,#11008,.T.);
#11025 = ORIENTED_EDGE('',*,*,#10984,.F.);
#11026 = ORIENTED_EDGE('',*,*,#10961,.F.);
#11027 = PLANE('',#11028);
#11028 = AXIS2_PLACEMENT_3D('',#11029,#11030,#11031);
#11029 = CARTESIAN_POINT('',(-1.225,0.67,2.4));
#11030 = DIRECTION('',(0.,0.,1.));
#11031 = DIRECTION('',(0.,1.,0.));
#11032 = ADVANCED_FACE('',(#11033,#11151,#11185,#11219,#11253),#11287,
  .T.);
#11033 = FACE_BOUND('',#11034,.T.);
#11034 = EDGE_LOOP('',(#11035,#11036,#11037,#11038,#11039,#11040,#11041,
    #11042,#11050,#11058,#11064,#11065,#11066,#11067,#11068,#11069,
    #11077,#11085,#11091,#11092,#11093,#11094,#11095,#11096,#11104,
    #11112,#11118,#11119,#11120,#11121,#11122,#11123,#11131,#11139,
    #11145,#11146,#11147,#11148,#11149,#11150));
#11035 = ORIENTED_EDGE('',*,*,#8497,.T.);
#11036 = ORIENTED_EDGE('',*,*,#8466,.T.);
#11037 = ORIENTED_EDGE('',*,*,#8514,.T.);
#11038 = ORIENTED_EDGE('',*,*,#8562,.T.);
#11039 = ORIENTED_EDGE('',*,*,#8610,.T.);
#11040 = ORIENTED_EDGE('',*,*,#8658,.T.);
#11041 = ORIENTED_EDGE('',*,*,#8706,.T.);
#11042 = ORIENTED_EDGE('',*,*,#11043,.T.);
#11043 = EDGE_CURVE('',#8707,#11044,#11046,.T.);
#11044 = VERTEX_POINT('',#11045);
#11045 = CARTESIAN_POINT('',(1.975,-3.54E-02,1.6));
#11046 = LINE('',#11047,#11048);
#11047 = CARTESIAN_POINT('',(1.975,-0.425364920199,1.6));
#11048 = VECTOR('',#11049,1.);
#11049 = DIRECTION('',(4.641187488323E-18,-1.,3.762310014371E-30));
#11050 = ORIENTED_EDGE('',*,*,#11051,.F.);
#11051 = EDGE_CURVE('',#11052,#11044,#11054,.T.);
#11052 = VERTEX_POINT('',#11053);
#11053 = CARTESIAN_POINT('',(1.775,-3.54E-02,1.6));
#11054 = LINE('',#11055,#11056);
#11055 = CARTESIAN_POINT('',(0.8875,-3.54E-02,1.6));
#11056 = VECTOR('',#11057,1.);
#11057 = DIRECTION('',(1.,0.,7.73633724206E-47));
#11058 = ORIENTED_EDGE('',*,*,#11059,.F.);
#11059 = EDGE_CURVE('',#8963,#11052,#11060,.T.);
#11060 = LINE('',#11061,#11062);
#11061 = CARTESIAN_POINT('',(1.775,-0.425364920199,1.6));
#11062 = VECTOR('',#11063,1.);
#11063 = DIRECTION('',(4.641187488323E-18,-1.,3.762310014371E-30));
#11064 = ORIENTED_EDGE('',*,*,#8970,.T.);
#11065 = ORIENTED_EDGE('',*,*,#9034,.T.);
#11066 = ORIENTED_EDGE('',*,*,#9090,.T.);
#11067 = ORIENTED_EDGE('',*,*,#9138,.T.);
#11068 = ORIENTED_EDGE('',*,*,#9186,.T.);
#11069 = ORIENTED_EDGE('',*,*,#11070,.T.);
#11070 = EDGE_CURVE('',#9187,#11071,#11073,.T.);
#11071 = VERTEX_POINT('',#11072);
#11072 = CARTESIAN_POINT('',(0.725,-3.54E-02,1.6));
#11073 = LINE('',#11074,#11075);
#11074 = CARTESIAN_POINT('',(0.725,-0.425364920199,1.6));
#11075 = VECTOR('',#11076,1.);
#11076 = DIRECTION('',(4.641187488323E-18,-1.,3.762310014371E-30));
#11077 = ORIENTED_EDGE('',*,*,#11078,.F.);
#11078 = EDGE_CURVE('',#11079,#11071,#11081,.T.);
#11079 = VERTEX_POINT('',#11080);
#11080 = CARTESIAN_POINT('',(0.525,-3.54E-02,1.6));
#11081 = LINE('',#11082,#11083);
#11082 = CARTESIAN_POINT('',(0.2625,-3.54E-02,1.6));
#11083 = VECTOR('',#11084,1.);
#11084 = DIRECTION('',(1.,0.,7.73633724206E-47));
#11085 = ORIENTED_EDGE('',*,*,#11086,.F.);
#11086 = EDGE_CURVE('',#9443,#11079,#11087,.T.);
#11087 = LINE('',#11088,#11089);
#11088 = CARTESIAN_POINT('',(0.525,-0.425364920199,1.6));
#11089 = VECTOR('',#11090,1.);
#11090 = DIRECTION('',(4.641187488323E-18,-1.,3.762310014371E-30));
#11091 = ORIENTED_EDGE('',*,*,#9450,.T.);
#11092 = ORIENTED_EDGE('',*,*,#9514,.T.);
#11093 = ORIENTED_EDGE('',*,*,#9570,.T.);
#11094 = ORIENTED_EDGE('',*,*,#9594,.T.);
#11095 = ORIENTED_EDGE('',*,*,#9545,.T.);
#11096 = ORIENTED_EDGE('',*,*,#11097,.T.);
#11097 = EDGE_CURVE('',#9546,#11098,#11100,.T.);
#11098 = VERTEX_POINT('',#11099);
#11099 = CARTESIAN_POINT('',(-0.525,-3.54E-02,1.6));
#11100 = LINE('',#11101,#11102);
#11101 = CARTESIAN_POINT('',(-0.525,-0.425364920199,1.6));
#11102 = VECTOR('',#11103,1.);
#11103 = DIRECTION('',(4.641187488323E-18,-1.,3.762310014371E-30));
#11104 = ORIENTED_EDGE('',*,*,#11105,.F.);
#11105 = EDGE_CURVE('',#11106,#11098,#11108,.T.);
#11106 = VERTEX_POINT('',#11107);
#11107 = CARTESIAN_POINT('',(-0.725,-3.54E-02,1.6));
#11108 = LINE('',#11109,#11110);
#11109 = CARTESIAN_POINT('',(-0.3625,-3.54E-02,1.6));
#11110 = VECTOR('',#11111,1.);
#11111 = DIRECTION('',(1.,0.,7.73633724206E-47));
#11112 = ORIENTED_EDGE('',*,*,#11113,.F.);
#11113 = EDGE_CURVE('',#9290,#11106,#11114,.T.);
#11114 = LINE('',#11115,#11116);
#11115 = CARTESIAN_POINT('',(-0.725,-0.425364920199,1.6));
#11116 = VECTOR('',#11117,1.);
#11117 = DIRECTION('',(4.641187488323E-18,-1.,3.762310014371E-30));
#11118 = ORIENTED_EDGE('',*,*,#9297,.T.);
#11119 = ORIENTED_EDGE('',*,*,#9225,.T.);
#11120 = ORIENTED_EDGE('',*,*,#9169,.T.);
#11121 = ORIENTED_EDGE('',*,*,#9121,.T.);
#11122 = ORIENTED_EDGE('',*,*,#9065,.T.);
#11123 = ORIENTED_EDGE('',*,*,#11124,.T.);
#11124 = EDGE_CURVE('',#9066,#11125,#11127,.T.);
#11125 = VERTEX_POINT('',#11126);
#11126 = CARTESIAN_POINT('',(-1.775,-3.54E-02,1.6));
#11127 = LINE('',#11128,#11129);
#11128 = CARTESIAN_POINT('',(-1.775,-0.425364920199,1.6));
#11129 = VECTOR('',#11130,1.);
#11130 = DIRECTION('',(4.641187488323E-18,-1.,3.762310014371E-30));
#11131 = ORIENTED_EDGE('',*,*,#11132,.F.);
#11132 = EDGE_CURVE('',#11133,#11125,#11135,.T.);
#11133 = VERTEX_POINT('',#11134);
#11134 = CARTESIAN_POINT('',(-1.975,-3.54E-02,1.6));
#11135 = LINE('',#11136,#11137);
#11136 = CARTESIAN_POINT('',(-0.9875,-3.54E-02,1.6));
#11137 = VECTOR('',#11138,1.);
#11138 = DIRECTION('',(1.,0.,7.73633724206E-47));
#11139 = ORIENTED_EDGE('',*,*,#11140,.F.);
#11140 = EDGE_CURVE('',#8810,#11133,#11141,.T.);
#11141 = LINE('',#11142,#11143);
#11142 = CARTESIAN_POINT('',(-1.975,-0.425364920199,1.6));
#11143 = VECTOR('',#11144,1.);
#11144 = DIRECTION('',(4.641187488323E-18,-1.,3.762310014371E-30));
#11145 = ORIENTED_EDGE('',*,*,#8817,.T.);
#11146 = ORIENTED_EDGE('',*,*,#8745,.T.);
#11147 = ORIENTED_EDGE('',*,*,#8689,.T.);
#11148 = ORIENTED_EDGE('',*,*,#8641,.T.);
#11149 = ORIENTED_EDGE('',*,*,#8593,.T.);
#11150 = ORIENTED_EDGE('',*,*,#8545,.T.);
#11151 = FACE_BOUND('',#11152,.T.);
#11152 = EDGE_LOOP('',(#11153,#11163,#11171,#11179));
#11153 = ORIENTED_EDGE('',*,*,#11154,.F.);
#11154 = EDGE_CURVE('',#11155,#11157,#11159,.T.);
#11155 = VERTEX_POINT('',#11156);
#11156 = CARTESIAN_POINT('',(1.775,-1.1054,1.6));
#11157 = VERTEX_POINT('',#11158);
#11158 = CARTESIAN_POINT('',(1.975,-1.1054,1.6));
#11159 = LINE('',#11160,#11161);
#11160 = CARTESIAN_POINT('',(0.8875,-1.1054,1.6));
#11161 = VECTOR('',#11162,1.);
#11162 = DIRECTION('',(1.,0.,7.73633724206E-47));
#11163 = ORIENTED_EDGE('',*,*,#11164,.F.);
#11164 = EDGE_CURVE('',#11165,#11155,#11167,.T.);
#11165 = VERTEX_POINT('',#11166);
#11166 = CARTESIAN_POINT('',(1.775,-0.7754,1.6));
#11167 = LINE('',#11168,#11169);
#11168 = CARTESIAN_POINT('',(1.775,-0.425364920199,1.6));
#11169 = VECTOR('',#11170,1.);
#11170 = DIRECTION('',(4.641187488323E-18,-1.,3.762310014371E-30));
#11171 = ORIENTED_EDGE('',*,*,#11172,.F.);
#11172 = EDGE_CURVE('',#11173,#11165,#11175,.T.);
#11173 = VERTEX_POINT('',#11174);
#11174 = CARTESIAN_POINT('',(1.975,-0.7754,1.6));
#11175 = LINE('',#11176,#11177);
#11176 = CARTESIAN_POINT('',(0.8875,-0.7754,1.6));
#11177 = VECTOR('',#11178,1.);
#11178 = DIRECTION('',(-1.,0.,-7.73633724206E-47));
#11179 = ORIENTED_EDGE('',*,*,#11180,.T.);
#11180 = EDGE_CURVE('',#11173,#11157,#11181,.T.);
#11181 = LINE('',#11182,#11183);
#11182 = CARTESIAN_POINT('',(1.975,-0.425364920199,1.6));
#11183 = VECTOR('',#11184,1.);
#11184 = DIRECTION('',(4.641187488323E-18,-1.,3.762310014371E-30));
#11185 = FACE_BOUND('',#11186,.T.);
#11186 = EDGE_LOOP('',(#11187,#11197,#11205,#11213));
#11187 = ORIENTED_EDGE('',*,*,#11188,.F.);
#11188 = EDGE_CURVE('',#11189,#11191,#11193,.T.);
#11189 = VERTEX_POINT('',#11190);
#11190 = CARTESIAN_POINT('',(0.525,-1.1054,1.6));
#11191 = VERTEX_POINT('',#11192);
#11192 = CARTESIAN_POINT('',(0.725,-1.1054,1.6));
#11193 = LINE('',#11194,#11195);
#11194 = CARTESIAN_POINT('',(0.2625,-1.1054,1.6));
#11195 = VECTOR('',#11196,1.);
#11196 = DIRECTION('',(1.,0.,7.73633724206E-47));
#11197 = ORIENTED_EDGE('',*,*,#11198,.F.);
#11198 = EDGE_CURVE('',#11199,#11189,#11201,.T.);
#11199 = VERTEX_POINT('',#11200);
#11200 = CARTESIAN_POINT('',(0.525,-0.7754,1.6));
#11201 = LINE('',#11202,#11203);
#11202 = CARTESIAN_POINT('',(0.525,-0.425364920199,1.6));
#11203 = VECTOR('',#11204,1.);
#11204 = DIRECTION('',(4.641187488323E-18,-1.,3.762310014371E-30));
#11205 = ORIENTED_EDGE('',*,*,#11206,.F.);
#11206 = EDGE_CURVE('',#11207,#11199,#11209,.T.);
#11207 = VERTEX_POINT('',#11208);
#11208 = CARTESIAN_POINT('',(0.725,-0.7754,1.6));
#11209 = LINE('',#11210,#11211);
#11210 = CARTESIAN_POINT('',(0.2625,-0.7754,1.6));
#11211 = VECTOR('',#11212,1.);
#11212 = DIRECTION('',(-1.,0.,-7.73633724206E-47));
#11213 = ORIENTED_EDGE('',*,*,#11214,.T.);
#11214 = EDGE_CURVE('',#11207,#11191,#11215,.T.);
#11215 = LINE('',#11216,#11217);
#11216 = CARTESIAN_POINT('',(0.725,-0.425364920199,1.6));
#11217 = VECTOR('',#11218,1.);
#11218 = DIRECTION('',(4.641187488323E-18,-1.,3.762310014371E-30));
#11219 = FACE_BOUND('',#11220,.T.);
#11220 = EDGE_LOOP('',(#11221,#11231,#11239,#11247));
#11221 = ORIENTED_EDGE('',*,*,#11222,.F.);
#11222 = EDGE_CURVE('',#11223,#11225,#11227,.T.);
#11223 = VERTEX_POINT('',#11224);
#11224 = CARTESIAN_POINT('',(-0.725,-1.1054,1.6));
#11225 = VERTEX_POINT('',#11226);
#11226 = CARTESIAN_POINT('',(-0.525,-1.1054,1.6));
#11227 = LINE('',#11228,#11229);
#11228 = CARTESIAN_POINT('',(-0.3625,-1.1054,1.6));
#11229 = VECTOR('',#11230,1.);
#11230 = DIRECTION('',(1.,0.,7.73633724206E-47));
#11231 = ORIENTED_EDGE('',*,*,#11232,.F.);
#11232 = EDGE_CURVE('',#11233,#11223,#11235,.T.);
#11233 = VERTEX_POINT('',#11234);
#11234 = CARTESIAN_POINT('',(-0.725,-0.7754,1.6));
#11235 = LINE('',#11236,#11237);
#11236 = CARTESIAN_POINT('',(-0.725,-0.425364920199,1.6));
#11237 = VECTOR('',#11238,1.);
#11238 = DIRECTION('',(4.641187488323E-18,-1.,3.762310014371E-30));
#11239 = ORIENTED_EDGE('',*,*,#11240,.F.);
#11240 = EDGE_CURVE('',#11241,#11233,#11243,.T.);
#11241 = VERTEX_POINT('',#11242);
#11242 = CARTESIAN_POINT('',(-0.525,-0.7754,1.6));
#11243 = LINE('',#11244,#11245);
#11244 = CARTESIAN_POINT('',(-0.3625,-0.7754,1.6));
#11245 = VECTOR('',#11246,1.);
#11246 = DIRECTION('',(-1.,0.,-7.73633724206E-47));
#11247 = ORIENTED_EDGE('',*,*,#11248,.T.);
#11248 = EDGE_CURVE('',#11241,#11225,#11249,.T.);
#11249 = LINE('',#11250,#11251);
#11250 = CARTESIAN_POINT('',(-0.525,-0.425364920199,1.6));
#11251 = VECTOR('',#11252,1.);
#11252 = DIRECTION('',(4.641187488323E-18,-1.,3.762310014371E-30));
#11253 = FACE_BOUND('',#11254,.T.);
#11254 = EDGE_LOOP('',(#11255,#11265,#11273,#11281));
#11255 = ORIENTED_EDGE('',*,*,#11256,.F.);
#11256 = EDGE_CURVE('',#11257,#11259,#11261,.T.);
#11257 = VERTEX_POINT('',#11258);
#11258 = CARTESIAN_POINT('',(-1.975,-0.7754,1.6));
#11259 = VERTEX_POINT('',#11260);
#11260 = CARTESIAN_POINT('',(-1.975,-1.1054,1.6));
#11261 = LINE('',#11262,#11263);
#11262 = CARTESIAN_POINT('',(-1.975,-0.425364920199,1.6));
#11263 = VECTOR('',#11264,1.);
#11264 = DIRECTION('',(4.641187488323E-18,-1.,3.762310014371E-30));
#11265 = ORIENTED_EDGE('',*,*,#11266,.F.);
#11266 = EDGE_CURVE('',#11267,#11257,#11269,.T.);
#11267 = VERTEX_POINT('',#11268);
#11268 = CARTESIAN_POINT('',(-1.775,-0.7754,1.6));
#11269 = LINE('',#11270,#11271);
#11270 = CARTESIAN_POINT('',(-0.9875,-0.7754,1.6));
#11271 = VECTOR('',#11272,1.);
#11272 = DIRECTION('',(-1.,0.,-7.73633724206E-47));
#11273 = ORIENTED_EDGE('',*,*,#11274,.T.);
#11274 = EDGE_CURVE('',#11267,#11275,#11277,.T.);
#11275 = VERTEX_POINT('',#11276);
#11276 = CARTESIAN_POINT('',(-1.775,-1.1054,1.6));
#11277 = LINE('',#11278,#11279);
#11278 = CARTESIAN_POINT('',(-1.775,-0.425364920199,1.6));
#11279 = VECTOR('',#11280,1.);
#11280 = DIRECTION('',(4.641187488323E-18,-1.,3.762310014371E-30));
#11281 = ORIENTED_EDGE('',*,*,#11282,.F.);
#11282 = EDGE_CURVE('',#11259,#11275,#11283,.T.);
#11283 = LINE('',#11284,#11285);
#11284 = CARTESIAN_POINT('',(-0.9875,-1.1054,1.6));
#11285 = VECTOR('',#11286,1.);
#11286 = DIRECTION('',(1.,0.,7.73633724206E-47));
#11287 = PLANE('',#11288);
#11288 = AXIS2_PLACEMENT_3D('',#11289,#11290,#11291);
#11289 = CARTESIAN_POINT('',(0.,-0.185096153846,1.6));
#11290 = DIRECTION('',(-7.73633724206E-47,3.762310014371E-30,1.));
#11291 = DIRECTION('',(0.,1.,-3.762310014371E-30));
#11292 = ADVANCED_FACE('',(#11293),#11319,.F.);
#11293 = FACE_BOUND('',#11294,.F.);
#11294 = EDGE_LOOP('',(#11295,#11296,#11297,#11305,#11313));
#11295 = ORIENTED_EDGE('',*,*,#8714,.T.);
#11296 = ORIENTED_EDGE('',*,*,#11043,.T.);
#11297 = ORIENTED_EDGE('',*,*,#11298,.T.);
#11298 = EDGE_CURVE('',#11044,#11299,#11301,.T.);
#11299 = VERTEX_POINT('',#11300);
#11300 = CARTESIAN_POINT('',(1.975,-3.54E-02,3.2));
#11301 = LINE('',#11302,#11303);
#11302 = CARTESIAN_POINT('',(1.975,-3.54E-02,0.65));
#11303 = VECTOR('',#11304,1.);
#11304 = DIRECTION('',(0.,0.,1.));
#11305 = ORIENTED_EDGE('',*,*,#11306,.T.);
#11306 = EDGE_CURVE('',#11299,#11307,#11309,.T.);
#11307 = VERTEX_POINT('',#11308);
#11308 = CARTESIAN_POINT('',(1.975,-0.1054,3.2));
#11309 = LINE('',#11310,#11311);
#11310 = CARTESIAN_POINT('',(1.975,-3.54E-02,3.2));
#11311 = VECTOR('',#11312,1.);
#11312 = DIRECTION('',(0.,-1.,0.));
#11313 = ORIENTED_EDGE('',*,*,#11314,.T.);
#11314 = EDGE_CURVE('',#11307,#8715,#11315,.T.);
#11315 = LINE('',#11316,#11317);
#11316 = CARTESIAN_POINT('',(1.975,-0.1054,3.2));
#11317 = VECTOR('',#11318,1.);
#11318 = DIRECTION('',(0.,0.707106781187,0.707106781187));
#11319 = PLANE('',#11320);
#11320 = AXIS2_PLACEMENT_3D('',#11321,#11322,#11323);
#11321 = CARTESIAN_POINT('',(1.975,-0.665633686553,1.517013518288));
#11322 = DIRECTION('',(-1.,-4.641187488323E-18,-5.277280777259E-19));
#11323 = DIRECTION('',(4.641187488323E-18,-1.,0.));
#11324 = ADVANCED_FACE('',(#11325),#11336,.T.);
#11325 = FACE_BOUND('',#11326,.T.);
#11326 = EDGE_LOOP('',(#11327,#11333,#11334,#11335));
#11327 = ORIENTED_EDGE('',*,*,#11328,.F.);
#11328 = EDGE_CURVE('',#8772,#8900,#11329,.T.);
#11329 = LINE('',#11330,#11331);
#11330 = CARTESIAN_POINT('',(0.8875,0.2946,1.6));
#11331 = VECTOR('',#11332,1.);
#11332 = DIRECTION('',(-1.,0.,-7.73633724206E-47));
#11333 = ORIENTED_EDGE('',*,*,#8779,.T.);
#11334 = ORIENTED_EDGE('',*,*,#8834,.T.);
#11335 = ORIENTED_EDGE('',*,*,#8899,.T.);
#11336 = PLANE('',#11337);
#11337 = AXIS2_PLACEMENT_3D('',#11338,#11339,#11340);
#11338 = CARTESIAN_POINT('',(0.,-0.185096153846,1.6));
#11339 = DIRECTION('',(-7.73633724206E-47,3.762310014371E-30,1.));
#11340 = DIRECTION('',(0.,1.,-3.762310014371E-30));
#11341 = ADVANCED_FACE('',(#11342),#11353,.T.);
#11342 = FACE_BOUND('',#11343,.T.);
#11343 = EDGE_LOOP('',(#11344,#11345,#11351,#11352));
#11344 = ORIENTED_EDGE('',*,*,#8907,.F.);
#11345 = ORIENTED_EDGE('',*,*,#11346,.T.);
#11346 = EDGE_CURVE('',#8908,#8764,#11347,.T.);
#11347 = LINE('',#11348,#11349);
#11348 = CARTESIAN_POINT('',(1.775,0.2946,3.6));
#11349 = VECTOR('',#11350,1.);
#11350 = DIRECTION('',(1.,0.,0.));
#11351 = ORIENTED_EDGE('',*,*,#8771,.T.);
#11352 = ORIENTED_EDGE('',*,*,#11328,.T.);
#11353 = PLANE('',#11354);
#11354 = AXIS2_PLACEMENT_3D('',#11355,#11356,#11357);
#11355 = CARTESIAN_POINT('',(1.775,0.2946,3.6));
#11356 = DIRECTION('',(0.,1.,0.));
#11357 = DIRECTION('',(0.,0.,-1.));
#11358 = ADVANCED_FACE('',(#11359),#11379,.T.);
#11359 = FACE_BOUND('',#11360,.T.);
#11360 = EDGE_LOOP('',(#11361,#11369,#11370,#11371,#11372,#11373));
#11361 = ORIENTED_EDGE('',*,*,#11362,.T.);
#11362 = EDGE_CURVE('',#11363,#11307,#11365,.T.);
#11363 = VERTEX_POINT('',#11364);
#11364 = CARTESIAN_POINT('',(1.775,-0.1054,3.2));
#11365 = LINE('',#11366,#11367);
#11366 = CARTESIAN_POINT('',(1.775,-0.1054,3.2));
#11367 = VECTOR('',#11368,1.);
#11368 = DIRECTION('',(1.,0.,0.));
#11369 = ORIENTED_EDGE('',*,*,#11314,.T.);
#11370 = ORIENTED_EDGE('',*,*,#8763,.T.);
#11371 = ORIENTED_EDGE('',*,*,#11346,.F.);
#11372 = ORIENTED_EDGE('',*,*,#8915,.F.);
#11373 = ORIENTED_EDGE('',*,*,#11374,.F.);
#11374 = EDGE_CURVE('',#11363,#8916,#11375,.T.);
#11375 = LINE('',#11376,#11377);
#11376 = CARTESIAN_POINT('',(1.775,-0.1054,3.2));
#11377 = VECTOR('',#11378,1.);
#11378 = DIRECTION('',(0.,0.707106781187,0.707106781187));
#11379 = PLANE('',#11380);
#11380 = AXIS2_PLACEMENT_3D('',#11381,#11382,#11383);
#11381 = CARTESIAN_POINT('',(1.775,-0.1054,3.2));
#11382 = DIRECTION('',(0.,-0.707106781187,0.707106781187));
#11383 = DIRECTION('',(0.,0.707106781187,0.707106781187));
#11384 = ADVANCED_FACE('',(#11385),#11411,.T.);
#11385 = FACE_BOUND('',#11386,.T.);
#11386 = EDGE_LOOP('',(#11387,#11388,#11389,#11397,#11405));
#11387 = ORIENTED_EDGE('',*,*,#8809,.T.);
#11388 = ORIENTED_EDGE('',*,*,#11140,.T.);
#11389 = ORIENTED_EDGE('',*,*,#11390,.T.);
#11390 = EDGE_CURVE('',#11133,#11391,#11393,.T.);
#11391 = VERTEX_POINT('',#11392);
#11392 = CARTESIAN_POINT('',(-1.975,-3.54E-02,3.2));
#11393 = LINE('',#11394,#11395);
#11394 = CARTESIAN_POINT('',(-1.975,-3.54E-02,0.65));
#11395 = VECTOR('',#11396,1.);
#11396 = DIRECTION('',(0.,0.,1.));
#11397 = ORIENTED_EDGE('',*,*,#11398,.T.);
#11398 = EDGE_CURVE('',#11391,#11399,#11401,.T.);
#11399 = VERTEX_POINT('',#11400);
#11400 = CARTESIAN_POINT('',(-1.975,-0.1054,3.2));
#11401 = LINE('',#11402,#11403);
#11402 = CARTESIAN_POINT('',(-1.975,-3.54E-02,3.2));
#11403 = VECTOR('',#11404,1.);
#11404 = DIRECTION('',(0.,-1.,0.));
#11405 = ORIENTED_EDGE('',*,*,#11406,.T.);
#11406 = EDGE_CURVE('',#11399,#8802,#11407,.T.);
#11407 = LINE('',#11408,#11409);
#11408 = CARTESIAN_POINT('',(-1.975,-0.1054,3.2));
#11409 = VECTOR('',#11410,1.);
#11410 = DIRECTION('',(0.,0.707106781187,0.707106781187));
#11411 = PLANE('',#11412);
#11412 = AXIS2_PLACEMENT_3D('',#11413,#11414,#11415);
#11413 = CARTESIAN_POINT('',(-1.975,-0.665633686553,1.517013518288));
#11414 = DIRECTION('',(-1.,-4.641187488323E-18,-5.277280777259E-19));
#11415 = DIRECTION('',(4.641187488323E-18,-1.,0.));
#11416 = ADVANCED_FACE('',(#11417),#11442,.T.);
#11417 = FACE_BOUND('',#11418,.T.);
#11418 = EDGE_LOOP('',(#11419,#11427,#11433,#11434,#11440,#11441));
#11419 = ORIENTED_EDGE('',*,*,#11420,.T.);
#11420 = EDGE_CURVE('',#11399,#11421,#11423,.T.);
#11421 = VERTEX_POINT('',#11422);
#11422 = CARTESIAN_POINT('',(-1.775,-0.1054,3.2));
#11423 = LINE('',#11424,#11425);
#11424 = CARTESIAN_POINT('',(-1.975,-0.1054,3.2));
#11425 = VECTOR('',#11426,1.);
#11426 = DIRECTION('',(1.,0.,0.));
#11427 = ORIENTED_EDGE('',*,*,#11428,.T.);
#11428 = EDGE_CURVE('',#11421,#8995,#11429,.T.);
#11429 = LINE('',#11430,#11431);
#11430 = CARTESIAN_POINT('',(-1.775,-0.1054,3.2));
#11431 = VECTOR('',#11432,1.);
#11432 = DIRECTION('',(0.,0.707106781187,0.707106781187));
#11433 = ORIENTED_EDGE('',*,*,#9002,.T.);
#11434 = ORIENTED_EDGE('',*,*,#11435,.F.);
#11435 = EDGE_CURVE('',#8875,#9003,#11436,.T.);
#11436 = LINE('',#11437,#11438);
#11437 = CARTESIAN_POINT('',(-1.975,0.2946,3.6));
#11438 = VECTOR('',#11439,1.);
#11439 = DIRECTION('',(1.,0.,0.));
#11440 = ORIENTED_EDGE('',*,*,#8882,.F.);
#11441 = ORIENTED_EDGE('',*,*,#11406,.F.);
#11442 = PLANE('',#11443);
#11443 = AXIS2_PLACEMENT_3D('',#11444,#11445,#11446);
#11444 = CARTESIAN_POINT('',(-1.975,-0.1054,3.2));
#11445 = DIRECTION('',(0.,-0.707106781187,0.707106781187));
#11446 = DIRECTION('',(0.,0.707106781187,0.707106781187));
#11447 = ADVANCED_FACE('',(#11448),#11459,.T.);
#11448 = FACE_BOUND('',#11449,.T.);
#11449 = EDGE_LOOP('',(#11450,#11451,#11452,#11453));
#11450 = ORIENTED_EDGE('',*,*,#8874,.F.);
#11451 = ORIENTED_EDGE('',*,*,#11435,.T.);
#11452 = ORIENTED_EDGE('',*,*,#9010,.T.);
#11453 = ORIENTED_EDGE('',*,*,#11454,.T.);
#11454 = EDGE_CURVE('',#9011,#8867,#11455,.T.);
#11455 = LINE('',#11456,#11457);
#11456 = CARTESIAN_POINT('',(-0.9875,0.2946,1.6));
#11457 = VECTOR('',#11458,1.);
#11458 = DIRECTION('',(-1.,0.,-7.73633724206E-47));
#11459 = PLANE('',#11460);
#11460 = AXIS2_PLACEMENT_3D('',#11461,#11462,#11463);
#11461 = CARTESIAN_POINT('',(-1.975,0.2946,3.6));
#11462 = DIRECTION('',(0.,1.,0.));
#11463 = DIRECTION('',(0.,0.,-1.));
#11464 = ADVANCED_FACE('',(#11465),#11471,.T.);
#11465 = FACE_BOUND('',#11466,.T.);
#11466 = EDGE_LOOP('',(#11467,#11468,#11469,#11470));
#11467 = ORIENTED_EDGE('',*,*,#8866,.T.);
#11468 = ORIENTED_EDGE('',*,*,#11454,.F.);
#11469 = ORIENTED_EDGE('',*,*,#9018,.T.);
#11470 = ORIENTED_EDGE('',*,*,#8945,.T.);
#11471 = PLANE('',#11472);
#11472 = AXIS2_PLACEMENT_3D('',#11473,#11474,#11475);
#11473 = CARTESIAN_POINT('',(0.,-0.185096153846,1.6));
#11474 = DIRECTION('',(-7.73633724206E-47,3.762310014371E-30,1.));
#11475 = DIRECTION('',(0.,1.,-3.762310014371E-30));
#11476 = ADVANCED_FACE('',(#11477),#11496,.T.);
#11477 = FACE_BOUND('',#11478,.T.);
#11478 = EDGE_LOOP('',(#11479,#11480,#11481,#11489,#11495));
#11479 = ORIENTED_EDGE('',*,*,#8962,.T.);
#11480 = ORIENTED_EDGE('',*,*,#11059,.T.);
#11481 = ORIENTED_EDGE('',*,*,#11482,.T.);
#11482 = EDGE_CURVE('',#11052,#11483,#11485,.T.);
#11483 = VERTEX_POINT('',#11484);
#11484 = CARTESIAN_POINT('',(1.775,-3.54E-02,3.2));
#11485 = LINE('',#11486,#11487);
#11486 = CARTESIAN_POINT('',(1.775,-3.54E-02,0.65));
#11487 = VECTOR('',#11488,1.);
#11488 = DIRECTION('',(0.,0.,1.));
#11489 = ORIENTED_EDGE('',*,*,#11490,.T.);
#11490 = EDGE_CURVE('',#11483,#11363,#11491,.T.);
#11491 = LINE('',#11492,#11493);
#11492 = CARTESIAN_POINT('',(1.775,-3.54E-02,3.2));
#11493 = VECTOR('',#11494,1.);
#11494 = DIRECTION('',(0.,-1.,0.));
#11495 = ORIENTED_EDGE('',*,*,#11374,.T.);
#11496 = PLANE('',#11497);
#11497 = AXIS2_PLACEMENT_3D('',#11498,#11499,#11500);
#11498 = CARTESIAN_POINT('',(1.775,-0.665633686553,1.517013518288));
#11499 = DIRECTION('',(-1.,-4.641187488323E-18,-5.277280777259E-19));
#11500 = DIRECTION('',(4.641187488323E-18,-1.,0.));
#11501 = ADVANCED_FACE('',(#11502),#11521,.F.);
#11502 = FACE_BOUND('',#11503,.F.);
#11503 = EDGE_LOOP('',(#11504,#11505,#11506,#11514,#11520));
#11504 = ORIENTED_EDGE('',*,*,#9073,.T.);
#11505 = ORIENTED_EDGE('',*,*,#11124,.T.);
#11506 = ORIENTED_EDGE('',*,*,#11507,.T.);
#11507 = EDGE_CURVE('',#11125,#11508,#11510,.T.);
#11508 = VERTEX_POINT('',#11509);
#11509 = CARTESIAN_POINT('',(-1.775,-3.54E-02,3.2));
#11510 = LINE('',#11511,#11512);
#11511 = CARTESIAN_POINT('',(-1.775,-3.54E-02,0.65));
#11512 = VECTOR('',#11513,1.);
#11513 = DIRECTION('',(0.,0.,1.));
#11514 = ORIENTED_EDGE('',*,*,#11515,.T.);
#11515 = EDGE_CURVE('',#11508,#11421,#11516,.T.);
#11516 = LINE('',#11517,#11518);
#11517 = CARTESIAN_POINT('',(-1.775,-3.54E-02,3.2));
#11518 = VECTOR('',#11519,1.);
#11519 = DIRECTION('',(0.,-1.,0.));
#11520 = ORIENTED_EDGE('',*,*,#11428,.T.);
#11521 = PLANE('',#11522);
#11522 = AXIS2_PLACEMENT_3D('',#11523,#11524,#11525);
#11523 = CARTESIAN_POINT('',(-1.775,-0.665633686553,1.517013518288));
#11524 = DIRECTION('',(-1.,-4.641187488323E-18,-5.277280777259E-19));
#11525 = DIRECTION('',(4.641187488323E-18,-1.,0.));
#11526 = ADVANCED_FACE('',(#11527),#11553,.F.);
#11527 = FACE_BOUND('',#11528,.F.);
#11528 = EDGE_LOOP('',(#11529,#11530,#11531,#11539,#11547));
#11529 = ORIENTED_EDGE('',*,*,#9194,.T.);
#11530 = ORIENTED_EDGE('',*,*,#11070,.T.);
#11531 = ORIENTED_EDGE('',*,*,#11532,.T.);
#11532 = EDGE_CURVE('',#11071,#11533,#11535,.T.);
#11533 = VERTEX_POINT('',#11534);
#11534 = CARTESIAN_POINT('',(0.725,-3.54E-02,3.2));
#11535 = LINE('',#11536,#11537);
#11536 = CARTESIAN_POINT('',(0.725,-3.54E-02,0.65));
#11537 = VECTOR('',#11538,1.);
#11538 = DIRECTION('',(0.,0.,1.));
#11539 = ORIENTED_EDGE('',*,*,#11540,.T.);
#11540 = EDGE_CURVE('',#11533,#11541,#11543,.T.);
#11541 = VERTEX_POINT('',#11542);
#11542 = CARTESIAN_POINT('',(0.725,-0.1054,3.2));
#11543 = LINE('',#11544,#11545);
#11544 = CARTESIAN_POINT('',(0.725,-3.54E-02,3.2));
#11545 = VECTOR('',#11546,1.);
#11546 = DIRECTION('',(0.,-1.,0.));
#11547 = ORIENTED_EDGE('',*,*,#11548,.T.);
#11548 = EDGE_CURVE('',#11541,#9195,#11549,.T.);
#11549 = LINE('',#11550,#11551);
#11550 = CARTESIAN_POINT('',(0.725,-0.1054,3.2));
#11551 = VECTOR('',#11552,1.);
#11552 = DIRECTION('',(0.,0.707106781187,0.707106781187));
#11553 = PLANE('',#11554);
#11554 = AXIS2_PLACEMENT_3D('',#11555,#11556,#11557);
#11555 = CARTESIAN_POINT('',(0.725,-0.665633686553,1.517013518288));
#11556 = DIRECTION('',(-1.,-4.641187488323E-18,-5.277280777259E-19));
#11557 = DIRECTION('',(4.641187488323E-18,-1.,0.));
#11558 = ADVANCED_FACE('',(#11559),#11570,.T.);
#11559 = FACE_BOUND('',#11560,.T.);
#11560 = EDGE_LOOP('',(#11561,#11567,#11568,#11569));
#11561 = ORIENTED_EDGE('',*,*,#11562,.F.);
#11562 = EDGE_CURVE('',#9252,#9380,#11563,.T.);
#11563 = LINE('',#11564,#11565);
#11564 = CARTESIAN_POINT('',(0.2625,0.2946,1.6));
#11565 = VECTOR('',#11566,1.);
#11566 = DIRECTION('',(-1.,0.,-7.73633724206E-47));
#11567 = ORIENTED_EDGE('',*,*,#9259,.T.);
#11568 = ORIENTED_EDGE('',*,*,#9314,.T.);
#11569 = ORIENTED_EDGE('',*,*,#9379,.T.);
#11570 = PLANE('',#11571);
#11571 = AXIS2_PLACEMENT_3D('',#11572,#11573,#11574);
#11572 = CARTESIAN_POINT('',(0.,-0.185096153846,1.6));
#11573 = DIRECTION('',(-7.73633724206E-47,3.762310014371E-30,1.));
#11574 = DIRECTION('',(0.,1.,-3.762310014371E-30));
#11575 = ADVANCED_FACE('',(#11576),#11587,.T.);
#11576 = FACE_BOUND('',#11577,.T.);
#11577 = EDGE_LOOP('',(#11578,#11579,#11585,#11586));
#11578 = ORIENTED_EDGE('',*,*,#9387,.F.);
#11579 = ORIENTED_EDGE('',*,*,#11580,.T.);
#11580 = EDGE_CURVE('',#9388,#9244,#11581,.T.);
#11581 = LINE('',#11582,#11583);
#11582 = CARTESIAN_POINT('',(0.525,0.2946,3.6));
#11583 = VECTOR('',#11584,1.);
#11584 = DIRECTION('',(1.,0.,0.));
#11585 = ORIENTED_EDGE('',*,*,#9251,.T.);
#11586 = ORIENTED_EDGE('',*,*,#11562,.T.);
#11587 = PLANE('',#11588);
#11588 = AXIS2_PLACEMENT_3D('',#11589,#11590,#11591);
#11589 = CARTESIAN_POINT('',(0.525,0.2946,3.6));
#11590 = DIRECTION('',(0.,1.,0.));
#11591 = DIRECTION('',(0.,0.,-1.));
#11592 = ADVANCED_FACE('',(#11593),#11613,.T.);
#11593 = FACE_BOUND('',#11594,.T.);
#11594 = EDGE_LOOP('',(#11595,#11603,#11604,#11605,#11606,#11607));
#11595 = ORIENTED_EDGE('',*,*,#11596,.T.);
#11596 = EDGE_CURVE('',#11597,#11541,#11599,.T.);
#11597 = VERTEX_POINT('',#11598);
#11598 = CARTESIAN_POINT('',(0.525,-0.1054,3.2));
#11599 = LINE('',#11600,#11601);
#11600 = CARTESIAN_POINT('',(0.525,-0.1054,3.2));
#11601 = VECTOR('',#11602,1.);
#11602 = DIRECTION('',(1.,0.,0.));
#11603 = ORIENTED_EDGE('',*,*,#11548,.T.);
#11604 = ORIENTED_EDGE('',*,*,#9243,.T.);
#11605 = ORIENTED_EDGE('',*,*,#11580,.F.);
#11606 = ORIENTED_EDGE('',*,*,#9395,.F.);
#11607 = ORIENTED_EDGE('',*,*,#11608,.F.);
#11608 = EDGE_CURVE('',#11597,#9396,#11609,.T.);
#11609 = LINE('',#11610,#11611);
#11610 = CARTESIAN_POINT('',(0.525,-0.1054,3.2));
#11611 = VECTOR('',#11612,1.);
#11612 = DIRECTION('',(0.,0.707106781187,0.707106781187));
#11613 = PLANE('',#11614);
#11614 = AXIS2_PLACEMENT_3D('',#11615,#11616,#11617);
#11615 = CARTESIAN_POINT('',(0.525,-0.1054,3.2));
#11616 = DIRECTION('',(0.,-0.707106781187,0.707106781187));
#11617 = DIRECTION('',(0.,0.707106781187,0.707106781187));
#11618 = ADVANCED_FACE('',(#11619),#11645,.T.);
#11619 = FACE_BOUND('',#11620,.T.);
#11620 = EDGE_LOOP('',(#11621,#11622,#11623,#11631,#11639));
#11621 = ORIENTED_EDGE('',*,*,#9289,.T.);
#11622 = ORIENTED_EDGE('',*,*,#11113,.T.);
#11623 = ORIENTED_EDGE('',*,*,#11624,.T.);
#11624 = EDGE_CURVE('',#11106,#11625,#11627,.T.);
#11625 = VERTEX_POINT('',#11626);
#11626 = CARTESIAN_POINT('',(-0.725,-3.54E-02,3.2));
#11627 = LINE('',#11628,#11629);
#11628 = CARTESIAN_POINT('',(-0.725,-3.54E-02,0.65));
#11629 = VECTOR('',#11630,1.);
#11630 = DIRECTION('',(0.,0.,1.));
#11631 = ORIENTED_EDGE('',*,*,#11632,.T.);
#11632 = EDGE_CURVE('',#11625,#11633,#11635,.T.);
#11633 = VERTEX_POINT('',#11634);
#11634 = CARTESIAN_POINT('',(-0.725,-0.1054,3.2));
#11635 = LINE('',#11636,#11637);
#11636 = CARTESIAN_POINT('',(-0.725,-3.54E-02,3.2));
#11637 = VECTOR('',#11638,1.);
#11638 = DIRECTION('',(0.,-1.,0.));
#11639 = ORIENTED_EDGE('',*,*,#11640,.T.);
#11640 = EDGE_CURVE('',#11633,#9282,#11641,.T.);
#11641 = LINE('',#11642,#11643);
#11642 = CARTESIAN_POINT('',(-0.725,-0.1054,3.2));
#11643 = VECTOR('',#11644,1.);
#11644 = DIRECTION('',(0.,0.707106781187,0.707106781187));
#11645 = PLANE('',#11646);
#11646 = AXIS2_PLACEMENT_3D('',#11647,#11648,#11649);
#11647 = CARTESIAN_POINT('',(-0.725,-0.665633686553,1.517013518288));
#11648 = DIRECTION('',(-1.,-4.641187488323E-18,-5.277280777259E-19));
#11649 = DIRECTION('',(4.641187488323E-18,-1.,0.));
#11650 = ADVANCED_FACE('',(#11651),#11676,.T.);
#11651 = FACE_BOUND('',#11652,.T.);
#11652 = EDGE_LOOP('',(#11653,#11661,#11667,#11668,#11674,#11675));
#11653 = ORIENTED_EDGE('',*,*,#11654,.T.);
#11654 = EDGE_CURVE('',#11633,#11655,#11657,.T.);
#11655 = VERTEX_POINT('',#11656);
#11656 = CARTESIAN_POINT('',(-0.525,-0.1054,3.2));
#11657 = LINE('',#11658,#11659);
#11658 = CARTESIAN_POINT('',(-0.725,-0.1054,3.2));
#11659 = VECTOR('',#11660,1.);
#11660 = DIRECTION('',(1.,0.,0.));
#11661 = ORIENTED_EDGE('',*,*,#11662,.T.);
#11662 = EDGE_CURVE('',#11655,#9475,#11663,.T.);
#11663 = LINE('',#11664,#11665);
#11664 = CARTESIAN_POINT('',(-0.525,-0.1054,3.2));
#11665 = VECTOR('',#11666,1.);
#11666 = DIRECTION('',(0.,0.707106781187,0.707106781187));
#11667 = ORIENTED_EDGE('',*,*,#9482,.T.);
#11668 = ORIENTED_EDGE('',*,*,#11669,.F.);
#11669 = EDGE_CURVE('',#9355,#9483,#11670,.T.);
#11670 = LINE('',#11671,#11672);
#11671 = CARTESIAN_POINT('',(-0.725,0.2946,3.6));
#11672 = VECTOR('',#11673,1.);
#11673 = DIRECTION('',(1.,0.,0.));
#11674 = ORIENTED_EDGE('',*,*,#9362,.F.);
#11675 = ORIENTED_EDGE('',*,*,#11640,.F.);
#11676 = PLANE('',#11677);
#11677 = AXIS2_PLACEMENT_3D('',#11678,#11679,#11680);
#11678 = CARTESIAN_POINT('',(-0.725,-0.1054,3.2));
#11679 = DIRECTION('',(0.,-0.707106781187,0.707106781187));
#11680 = DIRECTION('',(0.,0.707106781187,0.707106781187));
#11681 = ADVANCED_FACE('',(#11682),#11693,.T.);
#11682 = FACE_BOUND('',#11683,.T.);
#11683 = EDGE_LOOP('',(#11684,#11685,#11686,#11687));
#11684 = ORIENTED_EDGE('',*,*,#9354,.F.);
#11685 = ORIENTED_EDGE('',*,*,#11669,.T.);
#11686 = ORIENTED_EDGE('',*,*,#9490,.T.);
#11687 = ORIENTED_EDGE('',*,*,#11688,.T.);
#11688 = EDGE_CURVE('',#9491,#9347,#11689,.T.);
#11689 = LINE('',#11690,#11691);
#11690 = CARTESIAN_POINT('',(-0.3625,0.2946,1.6));
#11691 = VECTOR('',#11692,1.);
#11692 = DIRECTION('',(-1.,0.,-7.73633724206E-47));
#11693 = PLANE('',#11694);
#11694 = AXIS2_PLACEMENT_3D('',#11695,#11696,#11697);
#11695 = CARTESIAN_POINT('',(-0.725,0.2946,3.6));
#11696 = DIRECTION('',(0.,1.,0.));
#11697 = DIRECTION('',(0.,0.,-1.));
#11698 = ADVANCED_FACE('',(#11699),#11705,.T.);
#11699 = FACE_BOUND('',#11700,.T.);
#11700 = EDGE_LOOP('',(#11701,#11702,#11703,#11704));
#11701 = ORIENTED_EDGE('',*,*,#9346,.T.);
#11702 = ORIENTED_EDGE('',*,*,#11688,.F.);
#11703 = ORIENTED_EDGE('',*,*,#9498,.T.);
#11704 = ORIENTED_EDGE('',*,*,#9425,.T.);
#11705 = PLANE('',#11706);
#11706 = AXIS2_PLACEMENT_3D('',#11707,#11708,#11709);
#11707 = CARTESIAN_POINT('',(0.,-0.185096153846,1.6));
#11708 = DIRECTION('',(-7.73633724206E-47,3.762310014371E-30,1.));
#11709 = DIRECTION('',(0.,1.,-3.762310014371E-30));
#11710 = ADVANCED_FACE('',(#11711),#11730,.T.);
#11711 = FACE_BOUND('',#11712,.T.);
#11712 = EDGE_LOOP('',(#11713,#11714,#11715,#11723,#11729));
#11713 = ORIENTED_EDGE('',*,*,#9442,.T.);
#11714 = ORIENTED_EDGE('',*,*,#11086,.T.);
#11715 = ORIENTED_EDGE('',*,*,#11716,.T.);
#11716 = EDGE_CURVE('',#11079,#11717,#11719,.T.);
#11717 = VERTEX_POINT('',#11718);
#11718 = CARTESIAN_POINT('',(0.525,-3.54E-02,3.2));
#11719 = LINE('',#11720,#11721);
#11720 = CARTESIAN_POINT('',(0.525,-3.54E-02,0.65));
#11721 = VECTOR('',#11722,1.);
#11722 = DIRECTION('',(0.,0.,1.));
#11723 = ORIENTED_EDGE('',*,*,#11724,.T.);
#11724 = EDGE_CURVE('',#11717,#11597,#11725,.T.);
#11725 = LINE('',#11726,#11727);
#11726 = CARTESIAN_POINT('',(0.525,-3.54E-02,3.2));
#11727 = VECTOR('',#11728,1.);
#11728 = DIRECTION('',(0.,-1.,0.));
#11729 = ORIENTED_EDGE('',*,*,#11608,.T.);
#11730 = PLANE('',#11731);
#11731 = AXIS2_PLACEMENT_3D('',#11732,#11733,#11734);
#11732 = CARTESIAN_POINT('',(0.525,-0.665633686553,1.517013518288));
#11733 = DIRECTION('',(-1.,-4.641187488323E-18,-5.277280777259E-19));
#11734 = DIRECTION('',(4.641187488323E-18,-1.,0.));
#11735 = ADVANCED_FACE('',(#11736),#11755,.F.);
#11736 = FACE_BOUND('',#11737,.F.);
#11737 = EDGE_LOOP('',(#11738,#11739,#11740,#11748,#11754));
#11738 = ORIENTED_EDGE('',*,*,#9553,.T.);
#11739 = ORIENTED_EDGE('',*,*,#11097,.T.);
#11740 = ORIENTED_EDGE('',*,*,#11741,.T.);
#11741 = EDGE_CURVE('',#11098,#11742,#11744,.T.);
#11742 = VERTEX_POINT('',#11743);
#11743 = CARTESIAN_POINT('',(-0.525,-3.54E-02,3.2));
#11744 = LINE('',#11745,#11746);
#11745 = CARTESIAN_POINT('',(-0.525,-3.54E-02,0.65));
#11746 = VECTOR('',#11747,1.);
#11747 = DIRECTION('',(0.,0.,1.));
#11748 = ORIENTED_EDGE('',*,*,#11749,.T.);
#11749 = EDGE_CURVE('',#11742,#11655,#11750,.T.);
#11750 = LINE('',#11751,#11752);
#11751 = CARTESIAN_POINT('',(-0.525,-3.54E-02,3.2));
#11752 = VECTOR('',#11753,1.);
#11753 = DIRECTION('',(0.,-1.,0.));
#11754 = ORIENTED_EDGE('',*,*,#11662,.T.);
#11755 = PLANE('',#11756);
#11756 = AXIS2_PLACEMENT_3D('',#11757,#11758,#11759);
#11757 = CARTESIAN_POINT('',(-0.525,-0.665633686553,1.517013518288));
#11758 = DIRECTION('',(-1.,-4.641187488323E-18,-5.277280777259E-19));
#11759 = DIRECTION('',(4.641187488323E-18,-1.,0.));
#11760 = ADVANCED_FACE('',(#11761),#11767,.T.);
#11761 = FACE_BOUND('',#11762,.T.);
#11762 = EDGE_LOOP('',(#11763,#11764,#11765,#11766));
#11763 = ORIENTED_EDGE('',*,*,#9618,.F.);
#11764 = ORIENTED_EDGE('',*,*,#9641,.T.);
#11765 = ORIENTED_EDGE('',*,*,#9666,.T.);
#11766 = ORIENTED_EDGE('',*,*,#9689,.F.);
#11767 = PLANE('',#11768);
#11768 = AXIS2_PLACEMENT_3D('',#11769,#11770,#11771);
#11769 = CARTESIAN_POINT('',(2.675,1.525,3.2));
#11770 = DIRECTION('',(0.,0.,1.));
#11771 = DIRECTION('',(1.,0.,-0.));
#11772 = ADVANCED_FACE('',(#11773),#11779,.T.);
#11773 = FACE_BOUND('',#11774,.T.);
#11774 = EDGE_LOOP('',(#11775,#11776,#11777,#11778));
#11775 = ORIENTED_EDGE('',*,*,#9714,.F.);
#11776 = ORIENTED_EDGE('',*,*,#9737,.T.);
#11777 = ORIENTED_EDGE('',*,*,#9762,.T.);
#11778 = ORIENTED_EDGE('',*,*,#9785,.F.);
#11779 = PLANE('',#11780);
#11780 = AXIS2_PLACEMENT_3D('',#11781,#11782,#11783);
#11781 = CARTESIAN_POINT('',(-3.775,1.525,3.2));
#11782 = DIRECTION('',(0.,0.,1.));
#11783 = DIRECTION('',(1.,0.,-0.));
#11784 = ADVANCED_FACE('',(#11785),#11803,.F.);
#11785 = FACE_BOUND('',#11786,.F.);
#11786 = EDGE_LOOP('',(#11787,#11795,#11801,#11802));
#11787 = ORIENTED_EDGE('',*,*,#11788,.T.);
#11788 = EDGE_CURVE('',#9993,#11789,#11791,.T.);
#11789 = VERTEX_POINT('',#11790);
#11790 = CARTESIAN_POINT('',(3.825,0.255,-1.665334536938E-16));
#11791 = LINE('',#11792,#11793);
#11792 = CARTESIAN_POINT('',(3.625,0.255,-1.665334536938E-16));
#11793 = VECTOR('',#11794,1.);
#11794 = DIRECTION('',(1.,0.,0.));
#11795 = ORIENTED_EDGE('',*,*,#11796,.T.);
#11796 = EDGE_CURVE('',#11789,#9805,#11797,.T.);
#11797 = LINE('',#11798,#11799);
#11798 = CARTESIAN_POINT('',(3.825,0.255,-1.665334536938E-16));
#11799 = VECTOR('',#11800,1.);
#11800 = DIRECTION('',(0.,1.,7.501506923143E-17));
#11801 = ORIENTED_EDGE('',*,*,#9802,.F.);
#11802 = ORIENTED_EDGE('',*,*,#9992,.F.);
#11803 = PLANE('',#11804);
#11804 = AXIS2_PLACEMENT_3D('',#11805,#11806,#11807);
#11805 = CARTESIAN_POINT('',(3.625,0.255,-1.665334536938E-16));
#11806 = DIRECTION('',(0.,-7.501506923143E-17,1.));
#11807 = DIRECTION('',(0.,1.,7.501506923143E-17));
#11808 = ADVANCED_FACE('',(#11809),#11833,.T.);
#11809 = FACE_BOUND('',#11810,.T.);
#11810 = EDGE_LOOP('',(#11811,#11812,#11813,#11814,#11815,#11816,#11817,
    #11818,#11819,#11827));
#11811 = ORIENTED_EDGE('',*,*,#11796,.T.);
#11812 = ORIENTED_EDGE('',*,*,#9812,.T.);
#11813 = ORIENTED_EDGE('',*,*,#9834,.T.);
#11814 = ORIENTED_EDGE('',*,*,#10922,.F.);
#11815 = ORIENTED_EDGE('',*,*,#10930,.T.);
#11816 = ORIENTED_EDGE('',*,*,#10904,.F.);
#11817 = ORIENTED_EDGE('',*,*,#10944,.F.);
#11818 = ORIENTED_EDGE('',*,*,#10058,.F.);
#11819 = ORIENTED_EDGE('',*,*,#11820,.T.);
#11820 = EDGE_CURVE('',#10059,#11821,#11823,.T.);
#11821 = VERTEX_POINT('',#11822);
#11822 = CARTESIAN_POINT('',(3.825,0.255,0.37));
#11823 = LINE('',#11824,#11825);
#11824 = CARTESIAN_POINT('',(3.825,-0.235,0.37));
#11825 = VECTOR('',#11826,1.);
#11826 = DIRECTION('',(0.,1.,0.));
#11827 = ORIENTED_EDGE('',*,*,#11828,.T.);
#11828 = EDGE_CURVE('',#11821,#11789,#11829,.T.);
#11829 = LINE('',#11830,#11831);
#11830 = CARTESIAN_POINT('',(3.825,0.255,0.37));
#11831 = VECTOR('',#11832,1.);
#11832 = DIRECTION('',(0.,0.,-1.));
#11833 = PLANE('',#11834);
#11834 = AXIS2_PLACEMENT_3D('',#11835,#11836,#11837);
#11835 = CARTESIAN_POINT('',(3.825,1.254889064976,1.020784469097));
#11836 = DIRECTION('',(1.,0.,0.));
#11837 = DIRECTION('',(0.,0.,1.));
#11838 = ADVANCED_FACE('',(#11839),#11850,.F.);
#11839 = FACE_BOUND('',#11840,.F.);
#11840 = EDGE_LOOP('',(#11841,#11847,#11848,#11849));
#11841 = ORIENTED_EDGE('',*,*,#11842,.T.);
#11842 = EDGE_CURVE('',#9891,#9969,#11843,.T.);
#11843 = LINE('',#11844,#11845);
#11844 = CARTESIAN_POINT('',(-3.825,0.255,-1.665334536938E-16));
#11845 = VECTOR('',#11846,1.);
#11846 = DIRECTION('',(1.,0.,0.));
#11847 = ORIENTED_EDGE('',*,*,#9968,.T.);
#11848 = ORIENTED_EDGE('',*,*,#9858,.F.);
#11849 = ORIENTED_EDGE('',*,*,#9890,.F.);
#11850 = PLANE('',#11851);
#11851 = AXIS2_PLACEMENT_3D('',#11852,#11853,#11854);
#11852 = CARTESIAN_POINT('',(-3.825,0.255,-1.665334536938E-16));
#11853 = DIRECTION('',(0.,-7.501506923143E-17,1.));
#11854 = DIRECTION('',(0.,1.,7.501506923143E-17));
#11855 = ADVANCED_FACE('',(#11856),#11863,.F.);
#11856 = FACE_BOUND('',#11857,.F.);
#11857 = EDGE_LOOP('',(#11858,#11859,#11860,#11861,#11862));
#11858 = ORIENTED_EDGE('',*,*,#9937,.T.);
#11859 = ORIENTED_EDGE('',*,*,#9951,.T.);
#11860 = ORIENTED_EDGE('',*,*,#9978,.T.);
#11861 = ORIENTED_EDGE('',*,*,#11842,.F.);
#11862 = ORIENTED_EDGE('',*,*,#9913,.F.);
#11863 = PLANE('',#11864);
#11864 = AXIS2_PLACEMENT_3D('',#11865,#11866,#11867);
#11865 = CARTESIAN_POINT('',(-3.825,0.255,0.37));
#11866 = DIRECTION('',(0.,1.,0.));
#11867 = DIRECTION('',(0.,0.,-1.));
#11868 = ADVANCED_FACE('',(#11869),#11881,.F.);
#11869 = FACE_BOUND('',#11870,.F.);
#11870 = EDGE_LOOP('',(#11871,#11877,#11878,#11879,#11880));
#11871 = ORIENTED_EDGE('',*,*,#11872,.T.);
#11872 = EDGE_CURVE('',#10017,#11821,#11873,.T.);
#11873 = LINE('',#11874,#11875);
#11874 = CARTESIAN_POINT('',(3.625,0.255,0.37));
#11875 = VECTOR('',#11876,1.);
#11876 = DIRECTION('',(1.,0.,0.));
#11877 = ORIENTED_EDGE('',*,*,#11828,.T.);
#11878 = ORIENTED_EDGE('',*,*,#11788,.F.);
#11879 = ORIENTED_EDGE('',*,*,#10002,.F.);
#11880 = ORIENTED_EDGE('',*,*,#10016,.F.);
#11881 = PLANE('',#11882);
#11882 = AXIS2_PLACEMENT_3D('',#11883,#11884,#11885);
#11883 = CARTESIAN_POINT('',(3.625,0.255,0.37));
#11884 = DIRECTION('',(0.,1.,0.));
#11885 = DIRECTION('',(0.,0.,-1.));
#11886 = ADVANCED_FACE('',(#11887),#11893,.F.);
#11887 = FACE_BOUND('',#11888,.F.);
#11888 = EDGE_LOOP('',(#11889,#11890,#11891,#11892));
#11889 = ORIENTED_EDGE('',*,*,#10033,.F.);
#11890 = ORIENTED_EDGE('',*,*,#10066,.F.);
#11891 = ORIENTED_EDGE('',*,*,#11820,.T.);
#11892 = ORIENTED_EDGE('',*,*,#11872,.F.);
#11893 = PLANE('',#11894);
#11894 = AXIS2_PLACEMENT_3D('',#11895,#11896,#11897);
#11895 = CARTESIAN_POINT('',(3.625,-0.235,0.37));
#11896 = DIRECTION('',(0.,0.,1.));
#11897 = DIRECTION('',(0.,1.,0.));
#11898 = ADVANCED_FACE('',(#11899),#11915,.T.);
#11899 = FACE_BOUND('',#11900,.T.);
#11900 = EDGE_LOOP('',(#11901,#11907,#11908,#11914));
#11901 = ORIENTED_EDGE('',*,*,#11902,.T.);
#11902 = EDGE_CURVE('',#10081,#10170,#11903,.T.);
#11903 = LINE('',#11904,#11905);
#11904 = CARTESIAN_POINT('',(-1.975,-1.4754,-4.440892098501E-16));
#11905 = VECTOR('',#11906,1.);
#11906 = DIRECTION('',(1.,0.,0.));
#11907 = ORIENTED_EDGE('',*,*,#10169,.T.);
#11908 = ORIENTED_EDGE('',*,*,#11909,.F.);
#11909 = EDGE_CURVE('',#10083,#10172,#11910,.T.);
#11910 = LINE('',#11911,#11912);
#11911 = CARTESIAN_POINT('',(-1.975,-2.4754,0.));
#11912 = VECTOR('',#11913,1.);
#11913 = DIRECTION('',(1.,0.,0.));
#11914 = ORIENTED_EDGE('',*,*,#10080,.F.);
#11915 = PLANE('',#11916);
#11916 = AXIS2_PLACEMENT_3D('',#11917,#11918,#11919);
#11917 = CARTESIAN_POINT('',(-1.975,-1.4754,-4.440892098501E-16));
#11918 = DIRECTION('',(0.,-4.440892098501E-16,-1.));
#11919 = DIRECTION('',(0.,-1.,4.440892098501E-16));
#11920 = ADVANCED_FACE('',(#11921),#11927,.T.);
#11921 = FACE_BOUND('',#11922,.T.);
#11922 = EDGE_LOOP('',(#11923,#11924,#11925,#11926));
#11923 = ORIENTED_EDGE('',*,*,#10155,.T.);
#11924 = ORIENTED_EDGE('',*,*,#10225,.T.);
#11925 = ORIENTED_EDGE('',*,*,#11902,.F.);
#11926 = ORIENTED_EDGE('',*,*,#10131,.F.);
#11927 = PLANE('',#11928);
#11928 = AXIS2_PLACEMENT_3D('',#11929,#11930,#11931);
#11929 = CARTESIAN_POINT('',(-1.975,-1.4754,0.25));
#11930 = DIRECTION('',(0.,1.,0.));
#11931 = DIRECTION('',(0.,0.,-1.));
#11932 = ADVANCED_FACE('',(#11933),#11944,.T.);
#11933 = FACE_BOUND('',#11934,.T.);
#11934 = EDGE_LOOP('',(#11935,#11941,#11942,#11943));
#11935 = ORIENTED_EDGE('',*,*,#11936,.T.);
#11936 = EDGE_CURVE('',#10099,#10188,#11937,.T.);
#11937 = LINE('',#11938,#11939);
#11938 = CARTESIAN_POINT('',(-1.975,-1.7754,0.3));
#11939 = VECTOR('',#11940,1.);
#11940 = DIRECTION('',(1.,0.,0.));
#11941 = ORIENTED_EDGE('',*,*,#10195,.T.);
#11942 = ORIENTED_EDGE('',*,*,#10808,.F.);
#11943 = ORIENTED_EDGE('',*,*,#10106,.F.);
#11944 = PLANE('',#11945);
#11945 = AXIS2_PLACEMENT_3D('',#11946,#11947,#11948);
#11946 = CARTESIAN_POINT('',(-1.975,-1.7754,0.3));
#11947 = DIRECTION('',(0.,-1.,0.));
#11948 = DIRECTION('',(0.,0.,1.));
#11949 = ADVANCED_FACE('',(#11950),#11961,.T.);
#11950 = FACE_BOUND('',#11951,.T.);
#11951 = EDGE_LOOP('',(#11952,#11958,#11959,#11960));
#11952 = ORIENTED_EDGE('',*,*,#11953,.T.);
#11953 = EDGE_CURVE('',#10091,#10180,#11954,.T.);
#11954 = LINE('',#11955,#11956);
#11955 = CARTESIAN_POINT('',(-1.975,-2.4754,0.3));
#11956 = VECTOR('',#11957,1.);
#11957 = DIRECTION('',(1.,0.,0.));
#11958 = ORIENTED_EDGE('',*,*,#10187,.T.);
#11959 = ORIENTED_EDGE('',*,*,#11936,.F.);
#11960 = ORIENTED_EDGE('',*,*,#10098,.F.);
#11961 = PLANE('',#11962);
#11962 = AXIS2_PLACEMENT_3D('',#11963,#11964,#11965);
#11963 = CARTESIAN_POINT('',(-1.975,-2.4754,0.3));
#11964 = DIRECTION('',(0.,0.,1.));
#11965 = DIRECTION('',(0.,1.,0.));
#11966 = ADVANCED_FACE('',(#11967),#11973,.T.);
#11967 = FACE_BOUND('',#11968,.T.);
#11968 = EDGE_LOOP('',(#11969,#11970,#11971,#11972));
#11969 = ORIENTED_EDGE('',*,*,#11909,.T.);
#11970 = ORIENTED_EDGE('',*,*,#10179,.T.);
#11971 = ORIENTED_EDGE('',*,*,#11953,.F.);
#11972 = ORIENTED_EDGE('',*,*,#10090,.F.);
#11973 = PLANE('',#11974);
#11974 = AXIS2_PLACEMENT_3D('',#11975,#11976,#11977);
#11975 = CARTESIAN_POINT('',(-1.975,-2.4754,0.));
#11976 = DIRECTION('',(0.,-1.,0.));
#11977 = DIRECTION('',(-7.401486830834E-16,0.,1.));
#11978 = ADVANCED_FACE('',(#11979),#11995,.T.);
#11979 = FACE_BOUND('',#11980,.T.);
#11980 = EDGE_LOOP('',(#11981,#11987,#11988,#11994));
#11981 = ORIENTED_EDGE('',*,*,#11982,.T.);
#11982 = EDGE_CURVE('',#10266,#10355,#11983,.T.);
#11983 = LINE('',#11984,#11985);
#11984 = CARTESIAN_POINT('',(-0.725,-1.4754,-4.440892098501E-16));
#11985 = VECTOR('',#11986,1.);
#11986 = DIRECTION('',(1.,0.,0.));
#11987 = ORIENTED_EDGE('',*,*,#10354,.T.);
#11988 = ORIENTED_EDGE('',*,*,#11989,.F.);
#11989 = EDGE_CURVE('',#10268,#10357,#11990,.T.);
#11990 = LINE('',#11991,#11992);
#11991 = CARTESIAN_POINT('',(-0.725,-2.4754,0.));
#11992 = VECTOR('',#11993,1.);
#11993 = DIRECTION('',(1.,0.,0.));
#11994 = ORIENTED_EDGE('',*,*,#10265,.F.);
#11995 = PLANE('',#11996);
#11996 = AXIS2_PLACEMENT_3D('',#11997,#11998,#11999);
#11997 = CARTESIAN_POINT('',(-0.725,-1.4754,-4.440892098501E-16));
#11998 = DIRECTION('',(0.,-4.440892098501E-16,-1.));
#11999 = DIRECTION('',(0.,-1.,4.440892098501E-16));
#12000 = ADVANCED_FACE('',(#12001),#12007,.T.);
#12001 = FACE_BOUND('',#12002,.T.);
#12002 = EDGE_LOOP('',(#12003,#12004,#12005,#12006));
#12003 = ORIENTED_EDGE('',*,*,#10340,.T.);
#12004 = ORIENTED_EDGE('',*,*,#10410,.T.);
#12005 = ORIENTED_EDGE('',*,*,#11982,.F.);
#12006 = ORIENTED_EDGE('',*,*,#10316,.F.);
#12007 = PLANE('',#12008);
#12008 = AXIS2_PLACEMENT_3D('',#12009,#12010,#12011);
#12009 = CARTESIAN_POINT('',(-0.725,-1.4754,0.25));
#12010 = DIRECTION('',(0.,1.,0.));
#12011 = DIRECTION('',(0.,0.,-1.));
#12012 = ADVANCED_FACE('',(#12013),#12024,.T.);
#12013 = FACE_BOUND('',#12014,.T.);
#12014 = EDGE_LOOP('',(#12015,#12021,#12022,#12023));
#12015 = ORIENTED_EDGE('',*,*,#12016,.T.);
#12016 = EDGE_CURVE('',#10284,#10373,#12017,.T.);
#12017 = LINE('',#12018,#12019);
#12018 = CARTESIAN_POINT('',(-0.725,-1.7754,0.3));
#12019 = VECTOR('',#12020,1.);
#12020 = DIRECTION('',(1.,0.,0.));
#12021 = ORIENTED_EDGE('',*,*,#10380,.T.);
#12022 = ORIENTED_EDGE('',*,*,#10825,.F.);
#12023 = ORIENTED_EDGE('',*,*,#10291,.F.);
#12024 = PLANE('',#12025);
#12025 = AXIS2_PLACEMENT_3D('',#12026,#12027,#12028);
#12026 = CARTESIAN_POINT('',(-0.725,-1.7754,0.3));
#12027 = DIRECTION('',(0.,-1.,0.));
#12028 = DIRECTION('',(0.,0.,1.));
#12029 = ADVANCED_FACE('',(#12030),#12041,.T.);
#12030 = FACE_BOUND('',#12031,.T.);
#12031 = EDGE_LOOP('',(#12032,#12038,#12039,#12040));
#12032 = ORIENTED_EDGE('',*,*,#12033,.T.);
#12033 = EDGE_CURVE('',#10276,#10365,#12034,.T.);
#12034 = LINE('',#12035,#12036);
#12035 = CARTESIAN_POINT('',(-0.725,-2.4754,0.3));
#12036 = VECTOR('',#12037,1.);
#12037 = DIRECTION('',(1.,0.,0.));
#12038 = ORIENTED_EDGE('',*,*,#10372,.T.);
#12039 = ORIENTED_EDGE('',*,*,#12016,.F.);
#12040 = ORIENTED_EDGE('',*,*,#10283,.F.);
#12041 = PLANE('',#12042);
#12042 = AXIS2_PLACEMENT_3D('',#12043,#12044,#12045);
#12043 = CARTESIAN_POINT('',(-0.725,-2.4754,0.3));
#12044 = DIRECTION('',(0.,0.,1.));
#12045 = DIRECTION('',(0.,1.,0.));
#12046 = ADVANCED_FACE('',(#12047),#12053,.T.);
#12047 = FACE_BOUND('',#12048,.T.);
#12048 = EDGE_LOOP('',(#12049,#12050,#12051,#12052));
#12049 = ORIENTED_EDGE('',*,*,#11989,.T.);
#12050 = ORIENTED_EDGE('',*,*,#10364,.T.);
#12051 = ORIENTED_EDGE('',*,*,#12033,.F.);
#12052 = ORIENTED_EDGE('',*,*,#10275,.F.);
#12053 = PLANE('',#12054);
#12054 = AXIS2_PLACEMENT_3D('',#12055,#12056,#12057);
#12055 = CARTESIAN_POINT('',(-0.725,-2.4754,0.));
#12056 = DIRECTION('',(0.,-1.,0.));
#12057 = DIRECTION('',(-7.401486830834E-16,0.,1.));
#12058 = ADVANCED_FACE('',(#12059),#12075,.T.);
#12059 = FACE_BOUND('',#12060,.T.);
#12060 = EDGE_LOOP('',(#12061,#12067,#12068,#12074));
#12061 = ORIENTED_EDGE('',*,*,#12062,.T.);
#12062 = EDGE_CURVE('',#10451,#10540,#12063,.T.);
#12063 = LINE('',#12064,#12065);
#12064 = CARTESIAN_POINT('',(0.525,-1.4754,-4.440892098501E-16));
#12065 = VECTOR('',#12066,1.);
#12066 = DIRECTION('',(1.,0.,0.));
#12067 = ORIENTED_EDGE('',*,*,#10539,.T.);
#12068 = ORIENTED_EDGE('',*,*,#12069,.F.);
#12069 = EDGE_CURVE('',#10453,#10542,#12070,.T.);
#12070 = LINE('',#12071,#12072);
#12071 = CARTESIAN_POINT('',(0.525,-2.4754,0.));
#12072 = VECTOR('',#12073,1.);
#12073 = DIRECTION('',(1.,0.,0.));
#12074 = ORIENTED_EDGE('',*,*,#10450,.F.);
#12075 = PLANE('',#12076);
#12076 = AXIS2_PLACEMENT_3D('',#12077,#12078,#12079);
#12077 = CARTESIAN_POINT('',(0.525,-1.4754,-4.440892098501E-16));
#12078 = DIRECTION('',(0.,-4.440892098501E-16,-1.));
#12079 = DIRECTION('',(0.,-1.,4.440892098501E-16));
#12080 = ADVANCED_FACE('',(#12081),#12087,.T.);
#12081 = FACE_BOUND('',#12082,.T.);
#12082 = EDGE_LOOP('',(#12083,#12084,#12085,#12086));
#12083 = ORIENTED_EDGE('',*,*,#10525,.T.);
#12084 = ORIENTED_EDGE('',*,*,#10595,.T.);
#12085 = ORIENTED_EDGE('',*,*,#12062,.F.);
#12086 = ORIENTED_EDGE('',*,*,#10501,.F.);
#12087 = PLANE('',#12088);
#12088 = AXIS2_PLACEMENT_3D('',#12089,#12090,#12091);
#12089 = CARTESIAN_POINT('',(0.525,-1.4754,0.25));
#12090 = DIRECTION('',(0.,1.,0.));
#12091 = DIRECTION('',(0.,0.,-1.));
#12092 = ADVANCED_FACE('',(#12093),#12104,.T.);
#12093 = FACE_BOUND('',#12094,.T.);
#12094 = EDGE_LOOP('',(#12095,#12101,#12102,#12103));
#12095 = ORIENTED_EDGE('',*,*,#12096,.T.);
#12096 = EDGE_CURVE('',#10469,#10558,#12097,.T.);
#12097 = LINE('',#12098,#12099);
#12098 = CARTESIAN_POINT('',(0.525,-1.7754,0.3));
#12099 = VECTOR('',#12100,1.);
#12100 = DIRECTION('',(1.,0.,0.));
#12101 = ORIENTED_EDGE('',*,*,#10565,.T.);
#12102 = ORIENTED_EDGE('',*,*,#10842,.F.);
#12103 = ORIENTED_EDGE('',*,*,#10476,.F.);
#12104 = PLANE('',#12105);
#12105 = AXIS2_PLACEMENT_3D('',#12106,#12107,#12108);
#12106 = CARTESIAN_POINT('',(0.525,-1.7754,0.3));
#12107 = DIRECTION('',(0.,-1.,0.));
#12108 = DIRECTION('',(0.,0.,1.));
#12109 = ADVANCED_FACE('',(#12110),#12121,.T.);
#12110 = FACE_BOUND('',#12111,.T.);
#12111 = EDGE_LOOP('',(#12112,#12118,#12119,#12120));
#12112 = ORIENTED_EDGE('',*,*,#12113,.T.);
#12113 = EDGE_CURVE('',#10461,#10550,#12114,.T.);
#12114 = LINE('',#12115,#12116);
#12115 = CARTESIAN_POINT('',(0.525,-2.4754,0.3));
#12116 = VECTOR('',#12117,1.);
#12117 = DIRECTION('',(1.,0.,0.));
#12118 = ORIENTED_EDGE('',*,*,#10557,.T.);
#12119 = ORIENTED_EDGE('',*,*,#12096,.F.);
#12120 = ORIENTED_EDGE('',*,*,#10468,.F.);
#12121 = PLANE('',#12122);
#12122 = AXIS2_PLACEMENT_3D('',#12123,#12124,#12125);
#12123 = CARTESIAN_POINT('',(0.525,-2.4754,0.3));
#12124 = DIRECTION('',(0.,0.,1.));
#12125 = DIRECTION('',(0.,1.,0.));
#12126 = ADVANCED_FACE('',(#12127),#12133,.T.);
#12127 = FACE_BOUND('',#12128,.T.);
#12128 = EDGE_LOOP('',(#12129,#12130,#12131,#12132));
#12129 = ORIENTED_EDGE('',*,*,#12069,.T.);
#12130 = ORIENTED_EDGE('',*,*,#10549,.T.);
#12131 = ORIENTED_EDGE('',*,*,#12113,.F.);
#12132 = ORIENTED_EDGE('',*,*,#10460,.F.);
#12133 = PLANE('',#12134);
#12134 = AXIS2_PLACEMENT_3D('',#12135,#12136,#12137);
#12135 = CARTESIAN_POINT('',(0.525,-2.4754,0.));
#12136 = DIRECTION('',(0.,-1.,0.));
#12137 = DIRECTION('',(-7.401486830834E-16,0.,1.));
#12138 = ADVANCED_FACE('',(#12139),#12155,.T.);
#12139 = FACE_BOUND('',#12140,.T.);
#12140 = EDGE_LOOP('',(#12141,#12147,#12148,#12154));
#12141 = ORIENTED_EDGE('',*,*,#12142,.T.);
#12142 = EDGE_CURVE('',#10636,#10725,#12143,.T.);
#12143 = LINE('',#12144,#12145);
#12144 = CARTESIAN_POINT('',(1.775,-1.4754,-4.440892098501E-16));
#12145 = VECTOR('',#12146,1.);
#12146 = DIRECTION('',(1.,0.,0.));
#12147 = ORIENTED_EDGE('',*,*,#10724,.T.);
#12148 = ORIENTED_EDGE('',*,*,#12149,.F.);
#12149 = EDGE_CURVE('',#10638,#10727,#12150,.T.);
#12150 = LINE('',#12151,#12152);
#12151 = CARTESIAN_POINT('',(1.775,-2.4754,0.));
#12152 = VECTOR('',#12153,1.);
#12153 = DIRECTION('',(1.,0.,0.));
#12154 = ORIENTED_EDGE('',*,*,#10635,.F.);
#12155 = PLANE('',#12156);
#12156 = AXIS2_PLACEMENT_3D('',#12157,#12158,#12159);
#12157 = CARTESIAN_POINT('',(1.775,-1.4754,-4.440892098501E-16));
#12158 = DIRECTION('',(0.,-4.440892098501E-16,-1.));
#12159 = DIRECTION('',(0.,-1.,4.440892098501E-16));
#12160 = ADVANCED_FACE('',(#12161),#12167,.T.);
#12161 = FACE_BOUND('',#12162,.T.);
#12162 = EDGE_LOOP('',(#12163,#12164,#12165,#12166));
#12163 = ORIENTED_EDGE('',*,*,#10710,.T.);
#12164 = ORIENTED_EDGE('',*,*,#10780,.T.);
#12165 = ORIENTED_EDGE('',*,*,#12142,.F.);
#12166 = ORIENTED_EDGE('',*,*,#10686,.F.);
#12167 = PLANE('',#12168);
#12168 = AXIS2_PLACEMENT_3D('',#12169,#12170,#12171);
#12169 = CARTESIAN_POINT('',(1.775,-1.4754,0.25));
#12170 = DIRECTION('',(0.,1.,0.));
#12171 = DIRECTION('',(0.,0.,-1.));
#12172 = ADVANCED_FACE('',(#12173),#12184,.T.);
#12173 = FACE_BOUND('',#12174,.T.);
#12174 = EDGE_LOOP('',(#12175,#12181,#12182,#12183));
#12175 = ORIENTED_EDGE('',*,*,#12176,.T.);
#12176 = EDGE_CURVE('',#10654,#10743,#12177,.T.);
#12177 = LINE('',#12178,#12179);
#12178 = CARTESIAN_POINT('',(1.775,-1.7754,0.3));
#12179 = VECTOR('',#12180,1.);
#12180 = DIRECTION('',(1.,0.,0.));
#12181 = ORIENTED_EDGE('',*,*,#10750,.T.);
#12182 = ORIENTED_EDGE('',*,*,#10859,.F.);
#12183 = ORIENTED_EDGE('',*,*,#10661,.F.);
#12184 = PLANE('',#12185);
#12185 = AXIS2_PLACEMENT_3D('',#12186,#12187,#12188);
#12186 = CARTESIAN_POINT('',(1.775,-1.7754,0.3));
#12187 = DIRECTION('',(0.,-1.,0.));
#12188 = DIRECTION('',(0.,0.,1.));
#12189 = ADVANCED_FACE('',(#12190),#12201,.T.);
#12190 = FACE_BOUND('',#12191,.T.);
#12191 = EDGE_LOOP('',(#12192,#12198,#12199,#12200));
#12192 = ORIENTED_EDGE('',*,*,#12193,.T.);
#12193 = EDGE_CURVE('',#10646,#10735,#12194,.T.);
#12194 = LINE('',#12195,#12196);
#12195 = CARTESIAN_POINT('',(1.775,-2.4754,0.3));
#12196 = VECTOR('',#12197,1.);
#12197 = DIRECTION('',(1.,0.,0.));
#12198 = ORIENTED_EDGE('',*,*,#10742,.T.);
#12199 = ORIENTED_EDGE('',*,*,#12176,.F.);
#12200 = ORIENTED_EDGE('',*,*,#10653,.F.);
#12201 = PLANE('',#12202);
#12202 = AXIS2_PLACEMENT_3D('',#12203,#12204,#12205);
#12203 = CARTESIAN_POINT('',(1.775,-2.4754,0.3));
#12204 = DIRECTION('',(0.,0.,1.));
#12205 = DIRECTION('',(0.,1.,0.));
#12206 = ADVANCED_FACE('',(#12207),#12213,.T.);
#12207 = FACE_BOUND('',#12208,.T.);
#12208 = EDGE_LOOP('',(#12209,#12210,#12211,#12212));
#12209 = ORIENTED_EDGE('',*,*,#12149,.T.);
#12210 = ORIENTED_EDGE('',*,*,#10734,.T.);
#12211 = ORIENTED_EDGE('',*,*,#12193,.F.);
#12212 = ORIENTED_EDGE('',*,*,#10645,.F.);
#12213 = PLANE('',#12214);
#12214 = AXIS2_PLACEMENT_3D('',#12215,#12216,#12217);
#12215 = CARTESIAN_POINT('',(1.775,-2.4754,0.));
#12216 = DIRECTION('',(0.,-1.,0.));
#12217 = DIRECTION('',(-7.401486830834E-16,0.,1.));
#12218 = ADVANCED_FACE('',(#12219),#12230,.T.);
#12219 = FACE_BOUND('',#12220,.T.);
#12220 = EDGE_LOOP('',(#12221,#12222,#12223,#12224));
#12221 = ORIENTED_EDGE('',*,*,#11390,.F.);
#12222 = ORIENTED_EDGE('',*,*,#11132,.T.);
#12223 = ORIENTED_EDGE('',*,*,#11507,.T.);
#12224 = ORIENTED_EDGE('',*,*,#12225,.F.);
#12225 = EDGE_CURVE('',#11391,#11508,#12226,.T.);
#12226 = LINE('',#12227,#12228);
#12227 = CARTESIAN_POINT('',(-1.975,-3.54E-02,3.2));
#12228 = VECTOR('',#12229,1.);
#12229 = DIRECTION('',(1.,0.,0.));
#12230 = PLANE('',#12231);
#12231 = AXIS2_PLACEMENT_3D('',#12232,#12233,#12234);
#12232 = CARTESIAN_POINT('',(-1.975,-3.54E-02,0.65));
#12233 = DIRECTION('',(0.,-1.,0.));
#12234 = DIRECTION('',(0.,0.,1.));
#12235 = ADVANCED_FACE('',(#12236),#12247,.T.);
#12236 = FACE_BOUND('',#12237,.T.);
#12237 = EDGE_LOOP('',(#12238,#12239,#12240,#12241));
#12238 = ORIENTED_EDGE('',*,*,#11624,.F.);
#12239 = ORIENTED_EDGE('',*,*,#11105,.T.);
#12240 = ORIENTED_EDGE('',*,*,#11741,.T.);
#12241 = ORIENTED_EDGE('',*,*,#12242,.F.);
#12242 = EDGE_CURVE('',#11625,#11742,#12243,.T.);
#12243 = LINE('',#12244,#12245);
#12244 = CARTESIAN_POINT('',(-0.725,-3.54E-02,3.2));
#12245 = VECTOR('',#12246,1.);
#12246 = DIRECTION('',(1.,0.,0.));
#12247 = PLANE('',#12248);
#12248 = AXIS2_PLACEMENT_3D('',#12249,#12250,#12251);
#12249 = CARTESIAN_POINT('',(-0.725,-3.54E-02,0.65));
#12250 = DIRECTION('',(0.,-1.,0.));
#12251 = DIRECTION('',(0.,0.,1.));
#12252 = ADVANCED_FACE('',(#12253),#12264,.T.);
#12253 = FACE_BOUND('',#12254,.T.);
#12254 = EDGE_LOOP('',(#12255,#12256,#12257,#12258));
#12255 = ORIENTED_EDGE('',*,*,#11716,.F.);
#12256 = ORIENTED_EDGE('',*,*,#11078,.T.);
#12257 = ORIENTED_EDGE('',*,*,#11532,.T.);
#12258 = ORIENTED_EDGE('',*,*,#12259,.F.);
#12259 = EDGE_CURVE('',#11717,#11533,#12260,.T.);
#12260 = LINE('',#12261,#12262);
#12261 = CARTESIAN_POINT('',(0.525,-3.54E-02,3.2));
#12262 = VECTOR('',#12263,1.);
#12263 = DIRECTION('',(1.,0.,0.));
#12264 = PLANE('',#12265);
#12265 = AXIS2_PLACEMENT_3D('',#12266,#12267,#12268);
#12266 = CARTESIAN_POINT('',(0.525,-3.54E-02,0.65));
#12267 = DIRECTION('',(0.,-1.,0.));
#12268 = DIRECTION('',(0.,0.,1.));
#12269 = ADVANCED_FACE('',(#12270),#12281,.T.);
#12270 = FACE_BOUND('',#12271,.T.);
#12271 = EDGE_LOOP('',(#12272,#12273,#12274,#12275));
#12272 = ORIENTED_EDGE('',*,*,#11482,.F.);
#12273 = ORIENTED_EDGE('',*,*,#11051,.T.);
#12274 = ORIENTED_EDGE('',*,*,#11298,.T.);
#12275 = ORIENTED_EDGE('',*,*,#12276,.F.);
#12276 = EDGE_CURVE('',#11483,#11299,#12277,.T.);
#12277 = LINE('',#12278,#12279);
#12278 = CARTESIAN_POINT('',(1.775,-3.54E-02,3.2));
#12279 = VECTOR('',#12280,1.);
#12280 = DIRECTION('',(1.,0.,0.));
#12281 = PLANE('',#12282);
#12282 = AXIS2_PLACEMENT_3D('',#12283,#12284,#12285);
#12283 = CARTESIAN_POINT('',(1.775,-3.54E-02,0.65));
#12284 = DIRECTION('',(0.,-1.,0.));
#12285 = DIRECTION('',(0.,0.,1.));
#12286 = ADVANCED_FACE('',(#12287),#12312,.T.);
#12287 = FACE_BOUND('',#12288,.T.);
#12288 = EDGE_LOOP('',(#12289,#12297,#12298,#12306));
#12289 = ORIENTED_EDGE('',*,*,#12290,.F.);
#12290 = EDGE_CURVE('',#11155,#12291,#12293,.T.);
#12291 = VERTEX_POINT('',#12292);
#12292 = CARTESIAN_POINT('',(1.775,-1.1054,3.45));
#12293 = LINE('',#12294,#12295);
#12294 = CARTESIAN_POINT('',(1.775,-1.1054,0.65));
#12295 = VECTOR('',#12296,1.);
#12296 = DIRECTION('',(0.,0.,1.));
#12297 = ORIENTED_EDGE('',*,*,#11154,.T.);
#12298 = ORIENTED_EDGE('',*,*,#12299,.T.);
#12299 = EDGE_CURVE('',#11157,#12300,#12302,.T.);
#12300 = VERTEX_POINT('',#12301);
#12301 = CARTESIAN_POINT('',(1.975,-1.1054,3.45));
#12302 = LINE('',#12303,#12304);
#12303 = CARTESIAN_POINT('',(1.975,-1.1054,0.65));
#12304 = VECTOR('',#12305,1.);
#12305 = DIRECTION('',(0.,0.,1.));
#12306 = ORIENTED_EDGE('',*,*,#12307,.F.);
#12307 = EDGE_CURVE('',#12291,#12300,#12308,.T.);
#12308 = LINE('',#12309,#12310);
#12309 = CARTESIAN_POINT('',(1.775,-1.1054,3.45));
#12310 = VECTOR('',#12311,1.);
#12311 = DIRECTION('',(1.,0.,0.));
#12312 = PLANE('',#12313);
#12313 = AXIS2_PLACEMENT_3D('',#12314,#12315,#12316);
#12314 = CARTESIAN_POINT('',(1.775,-1.1054,0.65));
#12315 = DIRECTION('',(0.,-1.,0.));
#12316 = DIRECTION('',(0.,0.,1.));
#12317 = ADVANCED_FACE('',(#12318),#12344,.F.);
#12318 = FACE_BOUND('',#12319,.F.);
#12319 = EDGE_LOOP('',(#12320,#12321,#12322,#12330,#12338));
#12320 = ORIENTED_EDGE('',*,*,#11180,.T.);
#12321 = ORIENTED_EDGE('',*,*,#12299,.T.);
#12322 = ORIENTED_EDGE('',*,*,#12323,.T.);
#12323 = EDGE_CURVE('',#12300,#12324,#12326,.T.);
#12324 = VERTEX_POINT('',#12325);
#12325 = CARTESIAN_POINT('',(1.975,-0.9354,3.45));
#12326 = LINE('',#12327,#12328);
#12327 = CARTESIAN_POINT('',(1.975,-1.1054,3.45));
#12328 = VECTOR('',#12329,1.);
#12329 = DIRECTION('',(0.,1.,0.));
#12330 = ORIENTED_EDGE('',*,*,#12331,.T.);
#12331 = EDGE_CURVE('',#12324,#12332,#12334,.T.);
#12332 = VERTEX_POINT('',#12333);
#12333 = CARTESIAN_POINT('',(1.975,-0.7754,3.05));
#12334 = LINE('',#12335,#12336);
#12335 = CARTESIAN_POINT('',(1.975,-0.9354,3.45));
#12336 = VECTOR('',#12337,1.);
#12337 = DIRECTION('',(0.,0.371390676354,-0.928476690885));
#12338 = ORIENTED_EDGE('',*,*,#12339,.T.);
#12339 = EDGE_CURVE('',#12332,#11173,#12340,.T.);
#12340 = LINE('',#12341,#12342);
#12341 = CARTESIAN_POINT('',(1.975,-0.7754,3.05));
#12342 = VECTOR('',#12343,1.);
#12343 = DIRECTION('',(0.,0.,-1.));
#12344 = PLANE('',#12345);
#12345 = AXIS2_PLACEMENT_3D('',#12346,#12347,#12348);
#12346 = CARTESIAN_POINT('',(1.975,-0.665633686553,1.517013518288));
#12347 = DIRECTION('',(-1.,-4.641187488323E-18,-5.277280777259E-19));
#12348 = DIRECTION('',(4.641187488323E-18,-1.,0.));
#12349 = ADVANCED_FACE('',(#12350),#12368,.T.);
#12350 = FACE_BOUND('',#12351,.T.);
#12351 = EDGE_LOOP('',(#12352,#12360,#12366,#12367));
#12352 = ORIENTED_EDGE('',*,*,#12353,.F.);
#12353 = EDGE_CURVE('',#12354,#11165,#12356,.T.);
#12354 = VERTEX_POINT('',#12355);
#12355 = CARTESIAN_POINT('',(1.775,-0.7754,3.05));
#12356 = LINE('',#12357,#12358);
#12357 = CARTESIAN_POINT('',(1.775,-0.7754,3.05));
#12358 = VECTOR('',#12359,1.);
#12359 = DIRECTION('',(0.,0.,-1.));
#12360 = ORIENTED_EDGE('',*,*,#12361,.T.);
#12361 = EDGE_CURVE('',#12354,#12332,#12362,.T.);
#12362 = LINE('',#12363,#12364);
#12363 = CARTESIAN_POINT('',(1.775,-0.7754,3.05));
#12364 = VECTOR('',#12365,1.);
#12365 = DIRECTION('',(1.,0.,0.));
#12366 = ORIENTED_EDGE('',*,*,#12339,.T.);
#12367 = ORIENTED_EDGE('',*,*,#11172,.T.);
#12368 = PLANE('',#12369);
#12369 = AXIS2_PLACEMENT_3D('',#12370,#12371,#12372);
#12370 = CARTESIAN_POINT('',(1.775,-0.7754,3.05));
#12371 = DIRECTION('',(0.,1.,0.));
#12372 = DIRECTION('',(0.,0.,-1.));
#12373 = ADVANCED_FACE('',(#12374),#12393,.T.);
#12374 = FACE_BOUND('',#12375,.T.);
#12375 = EDGE_LOOP('',(#12376,#12377,#12378,#12386,#12392));
#12376 = ORIENTED_EDGE('',*,*,#11164,.T.);
#12377 = ORIENTED_EDGE('',*,*,#12290,.T.);
#12378 = ORIENTED_EDGE('',*,*,#12379,.T.);
#12379 = EDGE_CURVE('',#12291,#12380,#12382,.T.);
#12380 = VERTEX_POINT('',#12381);
#12381 = CARTESIAN_POINT('',(1.775,-0.9354,3.45));
#12382 = LINE('',#12383,#12384);
#12383 = CARTESIAN_POINT('',(1.775,-1.1054,3.45));
#12384 = VECTOR('',#12385,1.);
#12385 = DIRECTION('',(0.,1.,0.));
#12386 = ORIENTED_EDGE('',*,*,#12387,.T.);
#12387 = EDGE_CURVE('',#12380,#12354,#12388,.T.);
#12388 = LINE('',#12389,#12390);
#12389 = CARTESIAN_POINT('',(1.775,-0.9354,3.45));
#12390 = VECTOR('',#12391,1.);
#12391 = DIRECTION('',(0.,0.371390676354,-0.928476690885));
#12392 = ORIENTED_EDGE('',*,*,#12353,.T.);
#12393 = PLANE('',#12394);
#12394 = AXIS2_PLACEMENT_3D('',#12395,#12396,#12397);
#12395 = CARTESIAN_POINT('',(1.775,-0.665633686553,1.517013518288));
#12396 = DIRECTION('',(-1.,-4.641187488323E-18,-5.277280777259E-19));
#12397 = DIRECTION('',(4.641187488323E-18,-1.,0.));
#12398 = ADVANCED_FACE('',(#12399),#12424,.T.);
#12399 = FACE_BOUND('',#12400,.T.);
#12400 = EDGE_LOOP('',(#12401,#12409,#12410,#12418));
#12401 = ORIENTED_EDGE('',*,*,#12402,.F.);
#12402 = EDGE_CURVE('',#11189,#12403,#12405,.T.);
#12403 = VERTEX_POINT('',#12404);
#12404 = CARTESIAN_POINT('',(0.525,-1.1054,3.45));
#12405 = LINE('',#12406,#12407);
#12406 = CARTESIAN_POINT('',(0.525,-1.1054,0.65));
#12407 = VECTOR('',#12408,1.);
#12408 = DIRECTION('',(0.,0.,1.));
#12409 = ORIENTED_EDGE('',*,*,#11188,.T.);
#12410 = ORIENTED_EDGE('',*,*,#12411,.T.);
#12411 = EDGE_CURVE('',#11191,#12412,#12414,.T.);
#12412 = VERTEX_POINT('',#12413);
#12413 = CARTESIAN_POINT('',(0.725,-1.1054,3.45));
#12414 = LINE('',#12415,#12416);
#12415 = CARTESIAN_POINT('',(0.725,-1.1054,0.65));
#12416 = VECTOR('',#12417,1.);
#12417 = DIRECTION('',(0.,0.,1.));
#12418 = ORIENTED_EDGE('',*,*,#12419,.F.);
#12419 = EDGE_CURVE('',#12403,#12412,#12420,.T.);
#12420 = LINE('',#12421,#12422);
#12421 = CARTESIAN_POINT('',(0.525,-1.1054,3.45));
#12422 = VECTOR('',#12423,1.);
#12423 = DIRECTION('',(1.,0.,0.));
#12424 = PLANE('',#12425);
#12425 = AXIS2_PLACEMENT_3D('',#12426,#12427,#12428);
#12426 = CARTESIAN_POINT('',(0.525,-1.1054,0.65));
#12427 = DIRECTION('',(0.,-1.,0.));
#12428 = DIRECTION('',(0.,0.,1.));
#12429 = ADVANCED_FACE('',(#12430),#12456,.F.);
#12430 = FACE_BOUND('',#12431,.F.);
#12431 = EDGE_LOOP('',(#12432,#12433,#12434,#12442,#12450));
#12432 = ORIENTED_EDGE('',*,*,#11214,.T.);
#12433 = ORIENTED_EDGE('',*,*,#12411,.T.);
#12434 = ORIENTED_EDGE('',*,*,#12435,.T.);
#12435 = EDGE_CURVE('',#12412,#12436,#12438,.T.);
#12436 = VERTEX_POINT('',#12437);
#12437 = CARTESIAN_POINT('',(0.725,-0.9354,3.45));
#12438 = LINE('',#12439,#12440);
#12439 = CARTESIAN_POINT('',(0.725,-1.1054,3.45));
#12440 = VECTOR('',#12441,1.);
#12441 = DIRECTION('',(0.,1.,0.));
#12442 = ORIENTED_EDGE('',*,*,#12443,.T.);
#12443 = EDGE_CURVE('',#12436,#12444,#12446,.T.);
#12444 = VERTEX_POINT('',#12445);
#12445 = CARTESIAN_POINT('',(0.725,-0.7754,3.05));
#12446 = LINE('',#12447,#12448);
#12447 = CARTESIAN_POINT('',(0.725,-0.9354,3.45));
#12448 = VECTOR('',#12449,1.);
#12449 = DIRECTION('',(0.,0.371390676354,-0.928476690885));
#12450 = ORIENTED_EDGE('',*,*,#12451,.T.);
#12451 = EDGE_CURVE('',#12444,#11207,#12452,.T.);
#12452 = LINE('',#12453,#12454);
#12453 = CARTESIAN_POINT('',(0.725,-0.7754,3.05));
#12454 = VECTOR('',#12455,1.);
#12455 = DIRECTION('',(0.,0.,-1.));
#12456 = PLANE('',#12457);
#12457 = AXIS2_PLACEMENT_3D('',#12458,#12459,#12460);
#12458 = CARTESIAN_POINT('',(0.725,-0.665633686553,1.517013518288));
#12459 = DIRECTION('',(-1.,-4.641187488323E-18,-5.277280777259E-19));
#12460 = DIRECTION('',(4.641187488323E-18,-1.,0.));
#12461 = ADVANCED_FACE('',(#12462),#12480,.T.);
#12462 = FACE_BOUND('',#12463,.T.);
#12463 = EDGE_LOOP('',(#12464,#12472,#12478,#12479));
#12464 = ORIENTED_EDGE('',*,*,#12465,.F.);
#12465 = EDGE_CURVE('',#12466,#11199,#12468,.T.);
#12466 = VERTEX_POINT('',#12467);
#12467 = CARTESIAN_POINT('',(0.525,-0.7754,3.05));
#12468 = LINE('',#12469,#12470);
#12469 = CARTESIAN_POINT('',(0.525,-0.7754,3.05));
#12470 = VECTOR('',#12471,1.);
#12471 = DIRECTION('',(0.,0.,-1.));
#12472 = ORIENTED_EDGE('',*,*,#12473,.T.);
#12473 = EDGE_CURVE('',#12466,#12444,#12474,.T.);
#12474 = LINE('',#12475,#12476);
#12475 = CARTESIAN_POINT('',(0.525,-0.7754,3.05));
#12476 = VECTOR('',#12477,1.);
#12477 = DIRECTION('',(1.,0.,0.));
#12478 = ORIENTED_EDGE('',*,*,#12451,.T.);
#12479 = ORIENTED_EDGE('',*,*,#11206,.T.);
#12480 = PLANE('',#12481);
#12481 = AXIS2_PLACEMENT_3D('',#12482,#12483,#12484);
#12482 = CARTESIAN_POINT('',(0.525,-0.7754,3.05));
#12483 = DIRECTION('',(0.,1.,0.));
#12484 = DIRECTION('',(0.,0.,-1.));
#12485 = ADVANCED_FACE('',(#12486),#12505,.T.);
#12486 = FACE_BOUND('',#12487,.T.);
#12487 = EDGE_LOOP('',(#12488,#12489,#12490,#12498,#12504));
#12488 = ORIENTED_EDGE('',*,*,#11198,.T.);
#12489 = ORIENTED_EDGE('',*,*,#12402,.T.);
#12490 = ORIENTED_EDGE('',*,*,#12491,.T.);
#12491 = EDGE_CURVE('',#12403,#12492,#12494,.T.);
#12492 = VERTEX_POINT('',#12493);
#12493 = CARTESIAN_POINT('',(0.525,-0.9354,3.45));
#12494 = LINE('',#12495,#12496);
#12495 = CARTESIAN_POINT('',(0.525,-1.1054,3.45));
#12496 = VECTOR('',#12497,1.);
#12497 = DIRECTION('',(0.,1.,0.));
#12498 = ORIENTED_EDGE('',*,*,#12499,.T.);
#12499 = EDGE_CURVE('',#12492,#12466,#12500,.T.);
#12500 = LINE('',#12501,#12502);
#12501 = CARTESIAN_POINT('',(0.525,-0.9354,3.45));
#12502 = VECTOR('',#12503,1.);
#12503 = DIRECTION('',(0.,0.371390676354,-0.928476690885));
#12504 = ORIENTED_EDGE('',*,*,#12465,.T.);
#12505 = PLANE('',#12506);
#12506 = AXIS2_PLACEMENT_3D('',#12507,#12508,#12509);
#12507 = CARTESIAN_POINT('',(0.525,-0.665633686553,1.517013518288));
#12508 = DIRECTION('',(-1.,-4.641187488323E-18,-5.277280777259E-19));
#12509 = DIRECTION('',(4.641187488323E-18,-1.,0.));
#12510 = ADVANCED_FACE('',(#12511),#12536,.T.);
#12511 = FACE_BOUND('',#12512,.T.);
#12512 = EDGE_LOOP('',(#12513,#12521,#12522,#12530));
#12513 = ORIENTED_EDGE('',*,*,#12514,.F.);
#12514 = EDGE_CURVE('',#11223,#12515,#12517,.T.);
#12515 = VERTEX_POINT('',#12516);
#12516 = CARTESIAN_POINT('',(-0.725,-1.1054,3.45));
#12517 = LINE('',#12518,#12519);
#12518 = CARTESIAN_POINT('',(-0.725,-1.1054,0.65));
#12519 = VECTOR('',#12520,1.);
#12520 = DIRECTION('',(0.,0.,1.));
#12521 = ORIENTED_EDGE('',*,*,#11222,.T.);
#12522 = ORIENTED_EDGE('',*,*,#12523,.T.);
#12523 = EDGE_CURVE('',#11225,#12524,#12526,.T.);
#12524 = VERTEX_POINT('',#12525);
#12525 = CARTESIAN_POINT('',(-0.525,-1.1054,3.45));
#12526 = LINE('',#12527,#12528);
#12527 = CARTESIAN_POINT('',(-0.525,-1.1054,0.65));
#12528 = VECTOR('',#12529,1.);
#12529 = DIRECTION('',(0.,0.,1.));
#12530 = ORIENTED_EDGE('',*,*,#12531,.F.);
#12531 = EDGE_CURVE('',#12515,#12524,#12532,.T.);
#12532 = LINE('',#12533,#12534);
#12533 = CARTESIAN_POINT('',(-0.725,-1.1054,3.45));
#12534 = VECTOR('',#12535,1.);
#12535 = DIRECTION('',(1.,0.,0.));
#12536 = PLANE('',#12537);
#12537 = AXIS2_PLACEMENT_3D('',#12538,#12539,#12540);
#12538 = CARTESIAN_POINT('',(-0.725,-1.1054,0.65));
#12539 = DIRECTION('',(0.,-1.,0.));
#12540 = DIRECTION('',(0.,0.,1.));
#12541 = ADVANCED_FACE('',(#12542),#12568,.F.);
#12542 = FACE_BOUND('',#12543,.F.);
#12543 = EDGE_LOOP('',(#12544,#12545,#12546,#12554,#12562));
#12544 = ORIENTED_EDGE('',*,*,#11248,.T.);
#12545 = ORIENTED_EDGE('',*,*,#12523,.T.);
#12546 = ORIENTED_EDGE('',*,*,#12547,.T.);
#12547 = EDGE_CURVE('',#12524,#12548,#12550,.T.);
#12548 = VERTEX_POINT('',#12549);
#12549 = CARTESIAN_POINT('',(-0.525,-0.9354,3.45));
#12550 = LINE('',#12551,#12552);
#12551 = CARTESIAN_POINT('',(-0.525,-1.1054,3.45));
#12552 = VECTOR('',#12553,1.);
#12553 = DIRECTION('',(0.,1.,0.));
#12554 = ORIENTED_EDGE('',*,*,#12555,.T.);
#12555 = EDGE_CURVE('',#12548,#12556,#12558,.T.);
#12556 = VERTEX_POINT('',#12557);
#12557 = CARTESIAN_POINT('',(-0.525,-0.7754,3.05));
#12558 = LINE('',#12559,#12560);
#12559 = CARTESIAN_POINT('',(-0.525,-0.9354,3.45));
#12560 = VECTOR('',#12561,1.);
#12561 = DIRECTION('',(0.,0.371390676354,-0.928476690885));
#12562 = ORIENTED_EDGE('',*,*,#12563,.T.);
#12563 = EDGE_CURVE('',#12556,#11241,#12564,.T.);
#12564 = LINE('',#12565,#12566);
#12565 = CARTESIAN_POINT('',(-0.525,-0.7754,3.05));
#12566 = VECTOR('',#12567,1.);
#12567 = DIRECTION('',(0.,0.,-1.));
#12568 = PLANE('',#12569);
#12569 = AXIS2_PLACEMENT_3D('',#12570,#12571,#12572);
#12570 = CARTESIAN_POINT('',(-0.525,-0.665633686553,1.517013518288));
#12571 = DIRECTION('',(-1.,-4.641187488323E-18,-5.277280777259E-19));
#12572 = DIRECTION('',(4.641187488323E-18,-1.,0.));
#12573 = ADVANCED_FACE('',(#12574),#12592,.T.);
#12574 = FACE_BOUND('',#12575,.T.);
#12575 = EDGE_LOOP('',(#12576,#12584,#12590,#12591));
#12576 = ORIENTED_EDGE('',*,*,#12577,.F.);
#12577 = EDGE_CURVE('',#12578,#11233,#12580,.T.);
#12578 = VERTEX_POINT('',#12579);
#12579 = CARTESIAN_POINT('',(-0.725,-0.7754,3.05));
#12580 = LINE('',#12581,#12582);
#12581 = CARTESIAN_POINT('',(-0.725,-0.7754,3.05));
#12582 = VECTOR('',#12583,1.);
#12583 = DIRECTION('',(0.,0.,-1.));
#12584 = ORIENTED_EDGE('',*,*,#12585,.T.);
#12585 = EDGE_CURVE('',#12578,#12556,#12586,.T.);
#12586 = LINE('',#12587,#12588);
#12587 = CARTESIAN_POINT('',(-0.725,-0.7754,3.05));
#12588 = VECTOR('',#12589,1.);
#12589 = DIRECTION('',(1.,0.,0.));
#12590 = ORIENTED_EDGE('',*,*,#12563,.T.);
#12591 = ORIENTED_EDGE('',*,*,#11240,.T.);
#12592 = PLANE('',#12593);
#12593 = AXIS2_PLACEMENT_3D('',#12594,#12595,#12596);
#12594 = CARTESIAN_POINT('',(-0.725,-0.7754,3.05));
#12595 = DIRECTION('',(0.,1.,0.));
#12596 = DIRECTION('',(0.,0.,-1.));
#12597 = ADVANCED_FACE('',(#12598),#12617,.T.);
#12598 = FACE_BOUND('',#12599,.T.);
#12599 = EDGE_LOOP('',(#12600,#12601,#12602,#12610,#12616));
#12600 = ORIENTED_EDGE('',*,*,#11232,.T.);
#12601 = ORIENTED_EDGE('',*,*,#12514,.T.);
#12602 = ORIENTED_EDGE('',*,*,#12603,.T.);
#12603 = EDGE_CURVE('',#12515,#12604,#12606,.T.);
#12604 = VERTEX_POINT('',#12605);
#12605 = CARTESIAN_POINT('',(-0.725,-0.9354,3.45));
#12606 = LINE('',#12607,#12608);
#12607 = CARTESIAN_POINT('',(-0.725,-1.1054,3.45));
#12608 = VECTOR('',#12609,1.);
#12609 = DIRECTION('',(0.,1.,0.));
#12610 = ORIENTED_EDGE('',*,*,#12611,.T.);
#12611 = EDGE_CURVE('',#12604,#12578,#12612,.T.);
#12612 = LINE('',#12613,#12614);
#12613 = CARTESIAN_POINT('',(-0.725,-0.9354,3.45));
#12614 = VECTOR('',#12615,1.);
#12615 = DIRECTION('',(0.,0.371390676354,-0.928476690885));
#12616 = ORIENTED_EDGE('',*,*,#12577,.T.);
#12617 = PLANE('',#12618);
#12618 = AXIS2_PLACEMENT_3D('',#12619,#12620,#12621);
#12619 = CARTESIAN_POINT('',(-0.725,-0.665633686553,1.517013518288));
#12620 = DIRECTION('',(-1.,-4.641187488323E-18,-5.277280777259E-19));
#12621 = DIRECTION('',(4.641187488323E-18,-1.,0.));
#12622 = ADVANCED_FACE('',(#12623),#12656,.T.);
#12623 = FACE_BOUND('',#12624,.T.);
#12624 = EDGE_LOOP('',(#12625,#12626,#12634,#12642,#12650));
#12625 = ORIENTED_EDGE('',*,*,#11256,.T.);
#12626 = ORIENTED_EDGE('',*,*,#12627,.T.);
#12627 = EDGE_CURVE('',#11259,#12628,#12630,.T.);
#12628 = VERTEX_POINT('',#12629);
#12629 = CARTESIAN_POINT('',(-1.975,-1.1054,3.45));
#12630 = LINE('',#12631,#12632);
#12631 = CARTESIAN_POINT('',(-1.975,-1.1054,0.65));
#12632 = VECTOR('',#12633,1.);
#12633 = DIRECTION('',(0.,0.,1.));
#12634 = ORIENTED_EDGE('',*,*,#12635,.T.);
#12635 = EDGE_CURVE('',#12628,#12636,#12638,.T.);
#12636 = VERTEX_POINT('',#12637);
#12637 = CARTESIAN_POINT('',(-1.975,-0.9354,3.45));
#12638 = LINE('',#12639,#12640);
#12639 = CARTESIAN_POINT('',(-1.975,-1.1054,3.45));
#12640 = VECTOR('',#12641,1.);
#12641 = DIRECTION('',(0.,1.,0.));
#12642 = ORIENTED_EDGE('',*,*,#12643,.T.);
#12643 = EDGE_CURVE('',#12636,#12644,#12646,.T.);
#12644 = VERTEX_POINT('',#12645);
#12645 = CARTESIAN_POINT('',(-1.975,-0.7754,3.05));
#12646 = LINE('',#12647,#12648);
#12647 = CARTESIAN_POINT('',(-1.975,-0.9354,3.45));
#12648 = VECTOR('',#12649,1.);
#12649 = DIRECTION('',(0.,0.371390676354,-0.928476690885));
#12650 = ORIENTED_EDGE('',*,*,#12651,.T.);
#12651 = EDGE_CURVE('',#12644,#11257,#12652,.T.);
#12652 = LINE('',#12653,#12654);
#12653 = CARTESIAN_POINT('',(-1.975,-0.7754,3.05));
#12654 = VECTOR('',#12655,1.);
#12655 = DIRECTION('',(0.,0.,-1.));
#12656 = PLANE('',#12657);
#12657 = AXIS2_PLACEMENT_3D('',#12658,#12659,#12660);
#12658 = CARTESIAN_POINT('',(-1.975,-0.665633686553,1.517013518288));
#12659 = DIRECTION('',(-1.,-4.641187488323E-18,-5.277280777259E-19));
#12660 = DIRECTION('',(4.641187488323E-18,-1.,0.));
#12661 = ADVANCED_FACE('',(#12662),#12680,.T.);
#12662 = FACE_BOUND('',#12663,.T.);
#12663 = EDGE_LOOP('',(#12664,#12665,#12666,#12674));
#12664 = ORIENTED_EDGE('',*,*,#12627,.F.);
#12665 = ORIENTED_EDGE('',*,*,#11282,.T.);
#12666 = ORIENTED_EDGE('',*,*,#12667,.T.);
#12667 = EDGE_CURVE('',#11275,#12668,#12670,.T.);
#12668 = VERTEX_POINT('',#12669);
#12669 = CARTESIAN_POINT('',(-1.775,-1.1054,3.45));
#12670 = LINE('',#12671,#12672);
#12671 = CARTESIAN_POINT('',(-1.775,-1.1054,0.65));
#12672 = VECTOR('',#12673,1.);
#12673 = DIRECTION('',(0.,0.,1.));
#12674 = ORIENTED_EDGE('',*,*,#12675,.F.);
#12675 = EDGE_CURVE('',#12628,#12668,#12676,.T.);
#12676 = LINE('',#12677,#12678);
#12677 = CARTESIAN_POINT('',(-1.975,-1.1054,3.45));
#12678 = VECTOR('',#12679,1.);
#12679 = DIRECTION('',(1.,0.,0.));
#12680 = PLANE('',#12681);
#12681 = AXIS2_PLACEMENT_3D('',#12682,#12683,#12684);
#12682 = CARTESIAN_POINT('',(-1.975,-1.1054,0.65));
#12683 = DIRECTION('',(0.,-1.,0.));
#12684 = DIRECTION('',(0.,0.,1.));
#12685 = ADVANCED_FACE('',(#12686),#12712,.F.);
#12686 = FACE_BOUND('',#12687,.F.);
#12687 = EDGE_LOOP('',(#12688,#12689,#12690,#12698,#12706));
#12688 = ORIENTED_EDGE('',*,*,#11274,.T.);
#12689 = ORIENTED_EDGE('',*,*,#12667,.T.);
#12690 = ORIENTED_EDGE('',*,*,#12691,.T.);
#12691 = EDGE_CURVE('',#12668,#12692,#12694,.T.);
#12692 = VERTEX_POINT('',#12693);
#12693 = CARTESIAN_POINT('',(-1.775,-0.9354,3.45));
#12694 = LINE('',#12695,#12696);
#12695 = CARTESIAN_POINT('',(-1.775,-1.1054,3.45));
#12696 = VECTOR('',#12697,1.);
#12697 = DIRECTION('',(0.,1.,0.));
#12698 = ORIENTED_EDGE('',*,*,#12699,.T.);
#12699 = EDGE_CURVE('',#12692,#12700,#12702,.T.);
#12700 = VERTEX_POINT('',#12701);
#12701 = CARTESIAN_POINT('',(-1.775,-0.7754,3.05));
#12702 = LINE('',#12703,#12704);
#12703 = CARTESIAN_POINT('',(-1.775,-0.9354,3.45));
#12704 = VECTOR('',#12705,1.);
#12705 = DIRECTION('',(0.,0.371390676354,-0.928476690885));
#12706 = ORIENTED_EDGE('',*,*,#12707,.T.);
#12707 = EDGE_CURVE('',#12700,#11267,#12708,.T.);
#12708 = LINE('',#12709,#12710);
#12709 = CARTESIAN_POINT('',(-1.775,-0.7754,3.05));
#12710 = VECTOR('',#12711,1.);
#12711 = DIRECTION('',(0.,0.,-1.));
#12712 = PLANE('',#12713);
#12713 = AXIS2_PLACEMENT_3D('',#12714,#12715,#12716);
#12714 = CARTESIAN_POINT('',(-1.775,-0.665633686553,1.517013518288));
#12715 = DIRECTION('',(-1.,-4.641187488323E-18,-5.277280777259E-19));
#12716 = DIRECTION('',(4.641187488323E-18,-1.,0.));
#12717 = ADVANCED_FACE('',(#12718),#12729,.T.);
#12718 = FACE_BOUND('',#12719,.T.);
#12719 = EDGE_LOOP('',(#12720,#12721,#12727,#12728));
#12720 = ORIENTED_EDGE('',*,*,#12651,.F.);
#12721 = ORIENTED_EDGE('',*,*,#12722,.T.);
#12722 = EDGE_CURVE('',#12644,#12700,#12723,.T.);
#12723 = LINE('',#12724,#12725);
#12724 = CARTESIAN_POINT('',(-1.975,-0.7754,3.05));
#12725 = VECTOR('',#12726,1.);
#12726 = DIRECTION('',(1.,0.,0.));
#12727 = ORIENTED_EDGE('',*,*,#12707,.T.);
#12728 = ORIENTED_EDGE('',*,*,#11266,.T.);
#12729 = PLANE('',#12730);
#12730 = AXIS2_PLACEMENT_3D('',#12731,#12732,#12733);
#12731 = CARTESIAN_POINT('',(-1.975,-0.7754,3.05));
#12732 = DIRECTION('',(0.,1.,0.));
#12733 = DIRECTION('',(0.,0.,-1.));
#12734 = ADVANCED_FACE('',(#12735),#12741,.T.);
#12735 = FACE_BOUND('',#12736,.T.);
#12736 = EDGE_LOOP('',(#12737,#12738,#12739,#12740));
#12737 = ORIENTED_EDGE('',*,*,#12276,.T.);
#12738 = ORIENTED_EDGE('',*,*,#11306,.T.);
#12739 = ORIENTED_EDGE('',*,*,#11362,.F.);
#12740 = ORIENTED_EDGE('',*,*,#11490,.F.);
#12741 = PLANE('',#12742);
#12742 = AXIS2_PLACEMENT_3D('',#12743,#12744,#12745);
#12743 = CARTESIAN_POINT('',(1.775,-3.54E-02,3.2));
#12744 = DIRECTION('',(0.,0.,-1.));
#12745 = DIRECTION('',(0.,-1.,0.));
#12746 = ADVANCED_FACE('',(#12747),#12753,.T.);
#12747 = FACE_BOUND('',#12748,.T.);
#12748 = EDGE_LOOP('',(#12749,#12750,#12751,#12752));
#12749 = ORIENTED_EDGE('',*,*,#12225,.T.);
#12750 = ORIENTED_EDGE('',*,*,#11515,.T.);
#12751 = ORIENTED_EDGE('',*,*,#11420,.F.);
#12752 = ORIENTED_EDGE('',*,*,#11398,.F.);
#12753 = PLANE('',#12754);
#12754 = AXIS2_PLACEMENT_3D('',#12755,#12756,#12757);
#12755 = CARTESIAN_POINT('',(-1.975,-3.54E-02,3.2));
#12756 = DIRECTION('',(0.,0.,-1.));
#12757 = DIRECTION('',(0.,-1.,0.));
#12758 = ADVANCED_FACE('',(#12759),#12765,.T.);
#12759 = FACE_BOUND('',#12760,.T.);
#12760 = EDGE_LOOP('',(#12761,#12762,#12763,#12764));
#12761 = ORIENTED_EDGE('',*,*,#12259,.T.);
#12762 = ORIENTED_EDGE('',*,*,#11540,.T.);
#12763 = ORIENTED_EDGE('',*,*,#11596,.F.);
#12764 = ORIENTED_EDGE('',*,*,#11724,.F.);
#12765 = PLANE('',#12766);
#12766 = AXIS2_PLACEMENT_3D('',#12767,#12768,#12769);
#12767 = CARTESIAN_POINT('',(0.525,-3.54E-02,3.2));
#12768 = DIRECTION('',(0.,0.,-1.));
#12769 = DIRECTION('',(0.,-1.,0.));
#12770 = ADVANCED_FACE('',(#12771),#12777,.T.);
#12771 = FACE_BOUND('',#12772,.T.);
#12772 = EDGE_LOOP('',(#12773,#12774,#12775,#12776));
#12773 = ORIENTED_EDGE('',*,*,#12242,.T.);
#12774 = ORIENTED_EDGE('',*,*,#11749,.T.);
#12775 = ORIENTED_EDGE('',*,*,#11654,.F.);
#12776 = ORIENTED_EDGE('',*,*,#11632,.F.);
#12777 = PLANE('',#12778);
#12778 = AXIS2_PLACEMENT_3D('',#12779,#12780,#12781);
#12779 = CARTESIAN_POINT('',(-0.725,-3.54E-02,3.2));
#12780 = DIRECTION('',(0.,0.,-1.));
#12781 = DIRECTION('',(0.,-1.,0.));
#12782 = ADVANCED_FACE('',(#12783),#12794,.T.);
#12783 = FACE_BOUND('',#12784,.T.);
#12784 = EDGE_LOOP('',(#12785,#12786,#12787,#12793));
#12785 = ORIENTED_EDGE('',*,*,#12307,.T.);
#12786 = ORIENTED_EDGE('',*,*,#12323,.T.);
#12787 = ORIENTED_EDGE('',*,*,#12788,.F.);
#12788 = EDGE_CURVE('',#12380,#12324,#12789,.T.);
#12789 = LINE('',#12790,#12791);
#12790 = CARTESIAN_POINT('',(1.775,-0.9354,3.45));
#12791 = VECTOR('',#12792,1.);
#12792 = DIRECTION('',(1.,0.,0.));
#12793 = ORIENTED_EDGE('',*,*,#12379,.F.);
#12794 = PLANE('',#12795);
#12795 = AXIS2_PLACEMENT_3D('',#12796,#12797,#12798);
#12796 = CARTESIAN_POINT('',(1.775,-1.1054,3.45));
#12797 = DIRECTION('',(0.,0.,1.));
#12798 = DIRECTION('',(0.,1.,0.));
#12799 = ADVANCED_FACE('',(#12800),#12806,.T.);
#12800 = FACE_BOUND('',#12801,.T.);
#12801 = EDGE_LOOP('',(#12802,#12803,#12804,#12805));
#12802 = ORIENTED_EDGE('',*,*,#12788,.T.);
#12803 = ORIENTED_EDGE('',*,*,#12331,.T.);
#12804 = ORIENTED_EDGE('',*,*,#12361,.F.);
#12805 = ORIENTED_EDGE('',*,*,#12387,.F.);
#12806 = PLANE('',#12807);
#12807 = AXIS2_PLACEMENT_3D('',#12808,#12809,#12810);
#12808 = CARTESIAN_POINT('',(1.775,-0.9354,3.45));
#12809 = DIRECTION('',(0.,0.928476690885,0.371390676354));
#12810 = DIRECTION('',(0.,0.371390676354,-0.928476690885));
#12811 = ADVANCED_FACE('',(#12812),#12823,.T.);
#12812 = FACE_BOUND('',#12813,.T.);
#12813 = EDGE_LOOP('',(#12814,#12815,#12816,#12822));
#12814 = ORIENTED_EDGE('',*,*,#12419,.T.);
#12815 = ORIENTED_EDGE('',*,*,#12435,.T.);
#12816 = ORIENTED_EDGE('',*,*,#12817,.F.);
#12817 = EDGE_CURVE('',#12492,#12436,#12818,.T.);
#12818 = LINE('',#12819,#12820);
#12819 = CARTESIAN_POINT('',(0.525,-0.9354,3.45));
#12820 = VECTOR('',#12821,1.);
#12821 = DIRECTION('',(1.,0.,0.));
#12822 = ORIENTED_EDGE('',*,*,#12491,.F.);
#12823 = PLANE('',#12824);
#12824 = AXIS2_PLACEMENT_3D('',#12825,#12826,#12827);
#12825 = CARTESIAN_POINT('',(0.525,-1.1054,3.45));
#12826 = DIRECTION('',(0.,0.,1.));
#12827 = DIRECTION('',(0.,1.,0.));
#12828 = ADVANCED_FACE('',(#12829),#12835,.T.);
#12829 = FACE_BOUND('',#12830,.T.);
#12830 = EDGE_LOOP('',(#12831,#12832,#12833,#12834));
#12831 = ORIENTED_EDGE('',*,*,#12817,.T.);
#12832 = ORIENTED_EDGE('',*,*,#12443,.T.);
#12833 = ORIENTED_EDGE('',*,*,#12473,.F.);
#12834 = ORIENTED_EDGE('',*,*,#12499,.F.);
#12835 = PLANE('',#12836);
#12836 = AXIS2_PLACEMENT_3D('',#12837,#12838,#12839);
#12837 = CARTESIAN_POINT('',(0.525,-0.9354,3.45));
#12838 = DIRECTION('',(0.,0.928476690885,0.371390676354));
#12839 = DIRECTION('',(0.,0.371390676354,-0.928476690885));
#12840 = ADVANCED_FACE('',(#12841),#12852,.T.);
#12841 = FACE_BOUND('',#12842,.T.);
#12842 = EDGE_LOOP('',(#12843,#12844,#12845,#12851));
#12843 = ORIENTED_EDGE('',*,*,#12531,.T.);
#12844 = ORIENTED_EDGE('',*,*,#12547,.T.);
#12845 = ORIENTED_EDGE('',*,*,#12846,.F.);
#12846 = EDGE_CURVE('',#12604,#12548,#12847,.T.);
#12847 = LINE('',#12848,#12849);
#12848 = CARTESIAN_POINT('',(-0.725,-0.9354,3.45));
#12849 = VECTOR('',#12850,1.);
#12850 = DIRECTION('',(1.,0.,0.));
#12851 = ORIENTED_EDGE('',*,*,#12603,.F.);
#12852 = PLANE('',#12853);
#12853 = AXIS2_PLACEMENT_3D('',#12854,#12855,#12856);
#12854 = CARTESIAN_POINT('',(-0.725,-1.1054,3.45));
#12855 = DIRECTION('',(0.,0.,1.));
#12856 = DIRECTION('',(0.,1.,0.));
#12857 = ADVANCED_FACE('',(#12858),#12864,.T.);
#12858 = FACE_BOUND('',#12859,.T.);
#12859 = EDGE_LOOP('',(#12860,#12861,#12862,#12863));
#12860 = ORIENTED_EDGE('',*,*,#12846,.T.);
#12861 = ORIENTED_EDGE('',*,*,#12555,.T.);
#12862 = ORIENTED_EDGE('',*,*,#12585,.F.);
#12863 = ORIENTED_EDGE('',*,*,#12611,.F.);
#12864 = PLANE('',#12865);
#12865 = AXIS2_PLACEMENT_3D('',#12866,#12867,#12868);
#12866 = CARTESIAN_POINT('',(-0.725,-0.9354,3.45));
#12867 = DIRECTION('',(0.,0.928476690885,0.371390676354));
#12868 = DIRECTION('',(0.,0.371390676354,-0.928476690885));
#12869 = ADVANCED_FACE('',(#12870),#12881,.T.);
#12870 = FACE_BOUND('',#12871,.T.);
#12871 = EDGE_LOOP('',(#12872,#12878,#12879,#12880));
#12872 = ORIENTED_EDGE('',*,*,#12873,.T.);
#12873 = EDGE_CURVE('',#12636,#12692,#12874,.T.);
#12874 = LINE('',#12875,#12876);
#12875 = CARTESIAN_POINT('',(-1.975,-0.9354,3.45));
#12876 = VECTOR('',#12877,1.);
#12877 = DIRECTION('',(1.,0.,0.));
#12878 = ORIENTED_EDGE('',*,*,#12699,.T.);
#12879 = ORIENTED_EDGE('',*,*,#12722,.F.);
#12880 = ORIENTED_EDGE('',*,*,#12643,.F.);
#12881 = PLANE('',#12882);
#12882 = AXIS2_PLACEMENT_3D('',#12883,#12884,#12885);
#12883 = CARTESIAN_POINT('',(-1.975,-0.9354,3.45));
#12884 = DIRECTION('',(0.,0.928476690885,0.371390676354));
#12885 = DIRECTION('',(0.,0.371390676354,-0.928476690885));
#12886 = ADVANCED_FACE('',(#12887),#12893,.T.);
#12887 = FACE_BOUND('',#12888,.T.);
#12888 = EDGE_LOOP('',(#12889,#12890,#12891,#12892));
#12889 = ORIENTED_EDGE('',*,*,#12675,.T.);
#12890 = ORIENTED_EDGE('',*,*,#12691,.T.);
#12891 = ORIENTED_EDGE('',*,*,#12873,.F.);
#12892 = ORIENTED_EDGE('',*,*,#12635,.F.);
#12893 = PLANE('',#12894);
#12894 = AXIS2_PLACEMENT_3D('',#12895,#12896,#12897);
#12895 = CARTESIAN_POINT('',(-1.975,-1.1054,3.45));
#12896 = DIRECTION('',(0.,0.,1.));
#12897 = DIRECTION('',(0.,1.,0.));
#12898 = ( GEOMETRIC_REPRESENTATION_CONTEXT(3) 
GLOBAL_UNCERTAINTY_ASSIGNED_CONTEXT((#12902)) 
GLOBAL_UNIT_ASSIGNED_CONTEXT((#12899,#12900,#12901)) 
REPRESENTATION_CONTEXT('Context #1',
  '3D Context with UNIT and UNCERTAINTY') );
#12899 = ( LENGTH_UNIT() NAMED_UNIT(*) SI_UNIT(.MILLI.,.METRE.) );
#12900 = ( NAMED_UNIT(*) PLANE_ANGLE_UNIT() SI_UNIT($,.RADIAN.) );
#12901 = ( NAMED_UNIT(*) SI_UNIT($,.STERADIAN.) SOLID_ANGLE_UNIT() );
#12902 = UNCERTAINTY_MEASURE_WITH_UNIT(LENGTH_MEASURE(1.E-07),#12899,
  'distance_accuracy_value','confusion accuracy');
#12903 = CONTEXT_DEPENDENT_SHAPE_REPRESENTATION(#12904,#12906);
#12904 = ( REPRESENTATION_RELATIONSHIP('','',#6828,#6805) 
REPRESENTATION_RELATIONSHIP_WITH_TRANSFORMATION(#12905) 
SHAPE_REPRESENTATION_RELATIONSHIP() );
#12905 = ITEM_DEFINED_TRANSFORMATION('','',#11,#6806);
#12906 = PRODUCT_DEFINITION_SHAPE('Placement','Placement of an item',
  #12907);
#12907 = NEXT_ASSEMBLY_USAGE_OCCURRENCE('23','=>[0:1:1:15]','',#6800,
  #6823,$);
#12908 = PRODUCT_RELATED_PRODUCT_CATEGORY('part',$,(#6825));
#12909 = CONTEXT_DEPENDENT_SHAPE_REPRESENTATION(#12910,#12912);
#12910 = ( REPRESENTATION_RELATIONSHIP('','',#1816,#10) 
REPRESENTATION_RELATIONSHIP_WITH_TRANSFORMATION(#12911) 
SHAPE_REPRESENTATION_RELATIONSHIP() );
#12911 = ITEM_DEFINED_TRANSFORMATION('','',#11,#71);
#12912 = PRODUCT_DEFINITION_SHAPE('Placement','Placement of an item',
  #12913);
#12913 = NEXT_ASSEMBLY_USAGE_OCCURRENCE('25','R4','',#5,#1811,$);
#12914 = CONTEXT_DEPENDENT_SHAPE_REPRESENTATION(#12915,#12917);
#12915 = ( REPRESENTATION_RELATIONSHIP('','',#2653,#10) 
REPRESENTATION_RELATIONSHIP_WITH_TRANSFORMATION(#12916) 
SHAPE_REPRESENTATION_RELATIONSHIP() );
#12916 = ITEM_DEFINED_TRANSFORMATION('','',#11,#75);
#12917 = PRODUCT_DEFINITION_SHAPE('Placement','Placement of an item',
  #12918);
#12918 = NEXT_ASSEMBLY_USAGE_OCCURRENCE('26','J2','',#5,#2648,$);
#12919 = SHAPE_DEFINITION_REPRESENTATION(#12920,#12926);
#12920 = PRODUCT_DEFINITION_SHAPE('','',#12921);
#12921 = PRODUCT_DEFINITION('design','',#12922,#12925);
#12922 = PRODUCT_DEFINITION_FORMATION('','',#12923);
#12923 = PRODUCT('LED-breakout_PCB','LED-breakout_PCB','',(#12924));
#12924 = PRODUCT_CONTEXT('',#2,'mechanical');
#12925 = PRODUCT_DEFINITION_CONTEXT('part definition',#2,'design');
#12926 = ADVANCED_BREP_SHAPE_REPRESENTATION('',(#11,#12927),#13221);
#12927 = MANIFOLD_SOLID_BREP('',#12928);
#12928 = CLOSED_SHELL('',(#12929,#12969,#13000,#13031,#13062,#13093,
    #13115,#13148,#13181,#13201));
#12929 = ADVANCED_FACE('',(#12930),#12964,.T.);
#12930 = FACE_BOUND('',#12931,.T.);
#12931 = EDGE_LOOP('',(#12932,#12942,#12950,#12958));
#12932 = ORIENTED_EDGE('',*,*,#12933,.T.);
#12933 = EDGE_CURVE('',#12934,#12936,#12938,.T.);
#12934 = VERTEX_POINT('',#12935);
#12935 = CARTESIAN_POINT('',(137.03,-120.,0.));
#12936 = VERTEX_POINT('',#12937);
#12937 = CARTESIAN_POINT('',(137.03,-120.,1.51));
#12938 = LINE('',#12939,#12940);
#12939 = CARTESIAN_POINT('',(137.03,-120.,0.));
#12940 = VECTOR('',#12941,1.);
#12941 = DIRECTION('',(0.,0.,1.));
#12942 = ORIENTED_EDGE('',*,*,#12943,.T.);
#12943 = EDGE_CURVE('',#12936,#12944,#12946,.T.);
#12944 = VERTEX_POINT('',#12945);
#12945 = CARTESIAN_POINT('',(131.256497,-130.,1.51));
#12946 = LINE('',#12947,#12948);
#12947 = CARTESIAN_POINT('',(137.03,-120.,1.51));
#12948 = VECTOR('',#12949,1.);
#12949 = DIRECTION('',(-0.500000020012,-0.866025392231,0.));
#12950 = ORIENTED_EDGE('',*,*,#12951,.F.);
#12951 = EDGE_CURVE('',#12952,#12944,#12954,.T.);
#12952 = VERTEX_POINT('',#12953);
#12953 = CARTESIAN_POINT('',(131.256497,-130.,0.));
#12954 = LINE('',#12955,#12956);
#12955 = CARTESIAN_POINT('',(131.256497,-130.,0.));
#12956 = VECTOR('',#12957,1.);
#12957 = DIRECTION('',(0.,0.,1.));
#12958 = ORIENTED_EDGE('',*,*,#12959,.F.);
#12959 = EDGE_CURVE('',#12934,#12952,#12960,.T.);
#12960 = LINE('',#12961,#12962);
#12961 = CARTESIAN_POINT('',(137.03,-120.,0.));
#12962 = VECTOR('',#12963,1.);
#12963 = DIRECTION('',(-0.500000020012,-0.866025392231,0.));
#12964 = PLANE('',#12965);
#12965 = AXIS2_PLACEMENT_3D('',#12966,#12967,#12968);
#12966 = CARTESIAN_POINT('',(137.03,-120.,0.));
#12967 = DIRECTION('',(0.866025392231,-0.500000020012,0.));
#12968 = DIRECTION('',(-0.500000020012,-0.866025392231,0.));
#12969 = ADVANCED_FACE('',(#12970),#12995,.T.);
#12970 = FACE_BOUND('',#12971,.T.);
#12971 = EDGE_LOOP('',(#12972,#12973,#12981,#12989));
#12972 = ORIENTED_EDGE('',*,*,#12951,.T.);
#12973 = ORIENTED_EDGE('',*,*,#12974,.T.);
#12974 = EDGE_CURVE('',#12944,#12975,#12977,.T.);
#12975 = VERTEX_POINT('',#12976);
#12976 = CARTESIAN_POINT('',(108.743503,-130.,1.51));
#12977 = LINE('',#12978,#12979);
#12978 = CARTESIAN_POINT('',(131.256497,-130.,1.51));
#12979 = VECTOR('',#12980,1.);
#12980 = DIRECTION('',(-1.,0.,0.));
#12981 = ORIENTED_EDGE('',*,*,#12982,.F.);
#12982 = EDGE_CURVE('',#12983,#12975,#12985,.T.);
#12983 = VERTEX_POINT('',#12984);
#12984 = CARTESIAN_POINT('',(108.743503,-130.,0.));
#12985 = LINE('',#12986,#12987);
#12986 = CARTESIAN_POINT('',(108.743503,-130.,0.));
#12987 = VECTOR('',#12988,1.);
#12988 = DIRECTION('',(0.,0.,1.));
#12989 = ORIENTED_EDGE('',*,*,#12990,.F.);
#12990 = EDGE_CURVE('',#12952,#12983,#12991,.T.);
#12991 = LINE('',#12992,#12993);
#12992 = CARTESIAN_POINT('',(131.256497,-130.,0.));
#12993 = VECTOR('',#12994,1.);
#12994 = DIRECTION('',(-1.,0.,0.));
#12995 = PLANE('',#12996);
#12996 = AXIS2_PLACEMENT_3D('',#12997,#12998,#12999);
#12997 = CARTESIAN_POINT('',(131.256497,-130.,0.));
#12998 = DIRECTION('',(0.,-1.,0.));
#12999 = DIRECTION('',(-1.,0.,0.));
#13000 = ADVANCED_FACE('',(#13001),#13026,.T.);
#13001 = FACE_BOUND('',#13002,.T.);
#13002 = EDGE_LOOP('',(#13003,#13004,#13012,#13020));
#13003 = ORIENTED_EDGE('',*,*,#12982,.T.);
#13004 = ORIENTED_EDGE('',*,*,#13005,.T.);
#13005 = EDGE_CURVE('',#12975,#13006,#13008,.T.);
#13006 = VERTEX_POINT('',#13007);
#13007 = CARTESIAN_POINT('',(102.97,-120.,1.51));
#13008 = LINE('',#13009,#13010);
#13009 = CARTESIAN_POINT('',(108.743503,-130.,1.51));
#13010 = VECTOR('',#13011,1.);
#13011 = DIRECTION('',(-0.500000020012,0.866025392231,0.));
#13012 = ORIENTED_EDGE('',*,*,#13013,.F.);
#13013 = EDGE_CURVE('',#13014,#13006,#13016,.T.);
#13014 = VERTEX_POINT('',#13015);
#13015 = CARTESIAN_POINT('',(102.97,-120.,0.));
#13016 = LINE('',#13017,#13018);
#13017 = CARTESIAN_POINT('',(102.97,-120.,0.));
#13018 = VECTOR('',#13019,1.);
#13019 = DIRECTION('',(0.,0.,1.));
#13020 = ORIENTED_EDGE('',*,*,#13021,.F.);
#13021 = EDGE_CURVE('',#12983,#13014,#13022,.T.);
#13022 = LINE('',#13023,#13024);
#13023 = CARTESIAN_POINT('',(108.743503,-130.,0.));
#13024 = VECTOR('',#13025,1.);
#13025 = DIRECTION('',(-0.500000020012,0.866025392231,0.));
#13026 = PLANE('',#13027);
#13027 = AXIS2_PLACEMENT_3D('',#13028,#13029,#13030);
#13028 = CARTESIAN_POINT('',(108.743503,-130.,0.));
#13029 = DIRECTION('',(-0.866025392231,-0.500000020012,0.));
#13030 = DIRECTION('',(-0.500000020012,0.866025392231,0.));
#13031 = ADVANCED_FACE('',(#13032),#13057,.T.);
#13032 = FACE_BOUND('',#13033,.T.);
#13033 = EDGE_LOOP('',(#13034,#13035,#13043,#13051));
#13034 = ORIENTED_EDGE('',*,*,#13013,.T.);
#13035 = ORIENTED_EDGE('',*,*,#13036,.T.);
#13036 = EDGE_CURVE('',#13006,#13037,#13039,.T.);
#13037 = VERTEX_POINT('',#13038);
#13038 = CARTESIAN_POINT('',(108.743503,-110.,1.51));
#13039 = LINE('',#13040,#13041);
#13040 = CARTESIAN_POINT('',(102.97,-120.,1.51));
#13041 = VECTOR('',#13042,1.);
#13042 = DIRECTION('',(0.500000020012,0.866025392231,0.));
#13043 = ORIENTED_EDGE('',*,*,#13044,.F.);
#13044 = EDGE_CURVE('',#13045,#13037,#13047,.T.);
#13045 = VERTEX_POINT('',#13046);
#13046 = CARTESIAN_POINT('',(108.743503,-110.,0.));
#13047 = LINE('',#13048,#13049);
#13048 = CARTESIAN_POINT('',(108.743503,-110.,0.));
#13049 = VECTOR('',#13050,1.);
#13050 = DIRECTION('',(0.,0.,1.));
#13051 = ORIENTED_EDGE('',*,*,#13052,.F.);
#13052 = EDGE_CURVE('',#13014,#13045,#13053,.T.);
#13053 = LINE('',#13054,#13055);
#13054 = CARTESIAN_POINT('',(102.97,-120.,0.));
#13055 = VECTOR('',#13056,1.);
#13056 = DIRECTION('',(0.500000020012,0.866025392231,0.));
#13057 = PLANE('',#13058);
#13058 = AXIS2_PLACEMENT_3D('',#13059,#13060,#13061);
#13059 = CARTESIAN_POINT('',(102.97,-120.,0.));
#13060 = DIRECTION('',(-0.866025392231,0.500000020012,0.));
#13061 = DIRECTION('',(0.500000020012,0.866025392231,0.));
#13062 = ADVANCED_FACE('',(#13063),#13088,.T.);
#13063 = FACE_BOUND('',#13064,.T.);
#13064 = EDGE_LOOP('',(#13065,#13066,#13074,#13082));
#13065 = ORIENTED_EDGE('',*,*,#13044,.T.);
#13066 = ORIENTED_EDGE('',*,*,#13067,.T.);
#13067 = EDGE_CURVE('',#13037,#13068,#13070,.T.);
#13068 = VERTEX_POINT('',#13069);
#13069 = CARTESIAN_POINT('',(131.256497,-110.,1.51));
#13070 = LINE('',#13071,#13072);
#13071 = CARTESIAN_POINT('',(108.743503,-110.,1.51));
#13072 = VECTOR('',#13073,1.);
#13073 = DIRECTION('',(1.,0.,0.));
#13074 = ORIENTED_EDGE('',*,*,#13075,.F.);
#13075 = EDGE_CURVE('',#13076,#13068,#13078,.T.);
#13076 = VERTEX_POINT('',#13077);
#13077 = CARTESIAN_POINT('',(131.256497,-110.,0.));
#13078 = LINE('',#13079,#13080);
#13079 = CARTESIAN_POINT('',(131.256497,-110.,0.));
#13080 = VECTOR('',#13081,1.);
#13081 = DIRECTION('',(0.,0.,1.));
#13082 = ORIENTED_EDGE('',*,*,#13083,.F.);
#13083 = EDGE_CURVE('',#13045,#13076,#13084,.T.);
#13084 = LINE('',#13085,#13086);
#13085 = CARTESIAN_POINT('',(108.743503,-110.,0.));
#13086 = VECTOR('',#13087,1.);
#13087 = DIRECTION('',(1.,0.,0.));
#13088 = PLANE('',#13089);
#13089 = AXIS2_PLACEMENT_3D('',#13090,#13091,#13092);
#13090 = CARTESIAN_POINT('',(108.743503,-110.,0.));
#13091 = DIRECTION('',(0.,1.,0.));
#13092 = DIRECTION('',(1.,0.,0.));
#13093 = ADVANCED_FACE('',(#13094),#13110,.T.);
#13094 = FACE_BOUND('',#13095,.T.);
#13095 = EDGE_LOOP('',(#13096,#13097,#13103,#13104));
#13096 = ORIENTED_EDGE('',*,*,#13075,.T.);
#13097 = ORIENTED_EDGE('',*,*,#13098,.T.);
#13098 = EDGE_CURVE('',#13068,#12936,#13099,.T.);
#13099 = LINE('',#13100,#13101);
#13100 = CARTESIAN_POINT('',(131.256497,-110.,1.51));
#13101 = VECTOR('',#13102,1.);
#13102 = DIRECTION('',(0.500000020012,-0.866025392231,0.));
#13103 = ORIENTED_EDGE('',*,*,#12933,.F.);
#13104 = ORIENTED_EDGE('',*,*,#13105,.F.);
#13105 = EDGE_CURVE('',#13076,#12934,#13106,.T.);
#13106 = LINE('',#13107,#13108);
#13107 = CARTESIAN_POINT('',(131.256497,-110.,0.));
#13108 = VECTOR('',#13109,1.);
#13109 = DIRECTION('',(0.500000020012,-0.866025392231,0.));
#13110 = PLANE('',#13111);
#13111 = AXIS2_PLACEMENT_3D('',#13112,#13113,#13114);
#13112 = CARTESIAN_POINT('',(131.256497,-110.,0.));
#13113 = DIRECTION('',(0.866025392231,0.500000020012,-0.));
#13114 = DIRECTION('',(0.500000020012,-0.866025392231,0.));
#13115 = ADVANCED_FACE('',(#13116),#13143,.F.);
#13116 = FACE_BOUND('',#13117,.T.);
#13117 = EDGE_LOOP('',(#13118,#13128,#13135,#13136));
#13118 = ORIENTED_EDGE('',*,*,#13119,.T.);
#13119 = EDGE_CURVE('',#13120,#13122,#13124,.T.);
#13120 = VERTEX_POINT('',#13121);
#13121 = CARTESIAN_POINT('',(107.5,-120.,0.));
#13122 = VERTEX_POINT('',#13123);
#13123 = CARTESIAN_POINT('',(107.5,-120.,1.51));
#13124 = LINE('',#13125,#13126);
#13125 = CARTESIAN_POINT('',(107.5,-120.,0.));
#13126 = VECTOR('',#13127,1.);
#13127 = DIRECTION('',(0.,0.,1.));
#13128 = ORIENTED_EDGE('',*,*,#13129,.T.);
#13129 = EDGE_CURVE('',#13122,#13122,#13130,.T.);
#13130 = CIRCLE('',#13131,1.5);
#13131 = AXIS2_PLACEMENT_3D('',#13132,#13133,#13134);
#13132 = CARTESIAN_POINT('',(106.,-120.,1.51));
#13133 = DIRECTION('',(0.,0.,1.));
#13134 = DIRECTION('',(1.,0.,-0.));
#13135 = ORIENTED_EDGE('',*,*,#13119,.F.);
#13136 = ORIENTED_EDGE('',*,*,#13137,.F.);
#13137 = EDGE_CURVE('',#13120,#13120,#13138,.T.);
#13138 = CIRCLE('',#13139,1.5);
#13139 = AXIS2_PLACEMENT_3D('',#13140,#13141,#13142);
#13140 = CARTESIAN_POINT('',(106.,-120.,0.));
#13141 = DIRECTION('',(0.,0.,1.));
#13142 = DIRECTION('',(1.,0.,-0.));
#13143 = CYLINDRICAL_SURFACE('',#13144,1.5);
#13144 = AXIS2_PLACEMENT_3D('',#13145,#13146,#13147);
#13145 = CARTESIAN_POINT('',(106.,-120.,0.));
#13146 = DIRECTION('',(-0.,-0.,-1.));
#13147 = DIRECTION('',(1.,0.,-0.));
#13148 = ADVANCED_FACE('',(#13149),#13176,.F.);
#13149 = FACE_BOUND('',#13150,.T.);
#13150 = EDGE_LOOP('',(#13151,#13161,#13168,#13169));
#13151 = ORIENTED_EDGE('',*,*,#13152,.T.);
#13152 = EDGE_CURVE('',#13153,#13155,#13157,.T.);
#13153 = VERTEX_POINT('',#13154);
#13154 = CARTESIAN_POINT('',(135.5,-120.,0.));
#13155 = VERTEX_POINT('',#13156);
#13156 = CARTESIAN_POINT('',(135.5,-120.,1.51));
#13157 = LINE('',#13158,#13159);
#13158 = CARTESIAN_POINT('',(135.5,-120.,0.));
#13159 = VECTOR('',#13160,1.);
#13160 = DIRECTION('',(0.,0.,1.));
#13161 = ORIENTED_EDGE('',*,*,#13162,.T.);
#13162 = EDGE_CURVE('',#13155,#13155,#13163,.T.);
#13163 = CIRCLE('',#13164,1.5);
#13164 = AXIS2_PLACEMENT_3D('',#13165,#13166,#13167);
#13165 = CARTESIAN_POINT('',(134.,-120.,1.51));
#13166 = DIRECTION('',(0.,0.,1.));
#13167 = DIRECTION('',(1.,0.,-0.));
#13168 = ORIENTED_EDGE('',*,*,#13152,.F.);
#13169 = ORIENTED_EDGE('',*,*,#13170,.F.);
#13170 = EDGE_CURVE('',#13153,#13153,#13171,.T.);
#13171 = CIRCLE('',#13172,1.5);
#13172 = AXIS2_PLACEMENT_3D('',#13173,#13174,#13175);
#13173 = CARTESIAN_POINT('',(134.,-120.,0.));
#13174 = DIRECTION('',(0.,0.,1.));
#13175 = DIRECTION('',(1.,0.,-0.));
#13176 = CYLINDRICAL_SURFACE('',#13177,1.5);
#13177 = AXIS2_PLACEMENT_3D('',#13178,#13179,#13180);
#13178 = CARTESIAN_POINT('',(134.,-120.,0.));
#13179 = DIRECTION('',(-0.,-0.,-1.));
#13180 = DIRECTION('',(1.,0.,-0.));
#13181 = ADVANCED_FACE('',(#13182,#13190,#13193),#13196,.F.);
#13182 = FACE_BOUND('',#13183,.T.);
#13183 = EDGE_LOOP('',(#13184,#13185,#13186,#13187,#13188,#13189));
#13184 = ORIENTED_EDGE('',*,*,#12959,.T.);
#13185 = ORIENTED_EDGE('',*,*,#12990,.T.);
#13186 = ORIENTED_EDGE('',*,*,#13021,.T.);
#13187 = ORIENTED_EDGE('',*,*,#13052,.T.);
#13188 = ORIENTED_EDGE('',*,*,#13083,.T.);
#13189 = ORIENTED_EDGE('',*,*,#13105,.T.);
#13190 = FACE_BOUND('',#13191,.T.);
#13191 = EDGE_LOOP('',(#13192));
#13192 = ORIENTED_EDGE('',*,*,#13137,.T.);
#13193 = FACE_BOUND('',#13194,.T.);
#13194 = EDGE_LOOP('',(#13195));
#13195 = ORIENTED_EDGE('',*,*,#13170,.T.);
#13196 = PLANE('',#13197);
#13197 = AXIS2_PLACEMENT_3D('',#13198,#13199,#13200);
#13198 = CARTESIAN_POINT('',(0.,0.,0.));
#13199 = DIRECTION('',(0.,0.,1.));
#13200 = DIRECTION('',(1.,0.,-0.));
#13201 = ADVANCED_FACE('',(#13202,#13210,#13213),#13216,.T.);
#13202 = FACE_BOUND('',#13203,.F.);
#13203 = EDGE_LOOP('',(#13204,#13205,#13206,#13207,#13208,#13209));
#13204 = ORIENTED_EDGE('',*,*,#12943,.T.);
#13205 = ORIENTED_EDGE('',*,*,#12974,.T.);
#13206 = ORIENTED_EDGE('',*,*,#13005,.T.);
#13207 = ORIENTED_EDGE('',*,*,#13036,.T.);
#13208 = ORIENTED_EDGE('',*,*,#13067,.T.);
#13209 = ORIENTED_EDGE('',*,*,#13098,.T.);
#13210 = FACE_BOUND('',#13211,.F.);
#13211 = EDGE_LOOP('',(#13212));
#13212 = ORIENTED_EDGE('',*,*,#13129,.T.);
#13213 = FACE_BOUND('',#13214,.F.);
#13214 = EDGE_LOOP('',(#13215));
#13215 = ORIENTED_EDGE('',*,*,#13162,.T.);
#13216 = PLANE('',#13217);
#13217 = AXIS2_PLACEMENT_3D('',#13218,#13219,#13220);
#13218 = CARTESIAN_POINT('',(0.,0.,1.51));
#13219 = DIRECTION('',(0.,0.,1.));
#13220 = DIRECTION('',(1.,0.,-0.));
#13221 = ( GEOMETRIC_REPRESENTATION_CONTEXT(3) 
GLOBAL_UNCERTAINTY_ASSIGNED_CONTEXT((#13225)) 
GLOBAL_UNIT_ASSIGNED_CONTEXT((#13222,#13223,#13224)) 
REPRESENTATION_CONTEXT('Context #1',
  '3D Context with UNIT and UNCERTAINTY') );
#13222 = ( LENGTH_UNIT() NAMED_UNIT(*) SI_UNIT(.MILLI.,.METRE.) );
#13223 = ( NAMED_UNIT(*) PLANE_ANGLE_UNIT() SI_UNIT($,.RADIAN.) );
#13224 = ( NAMED_UNIT(*) SI_UNIT($,.STERADIAN.) SOLID_ANGLE_UNIT() );
#13225 = UNCERTAINTY_MEASURE_WITH_UNIT(LENGTH_MEASURE(1.E-07),#13222,
  'distance_accuracy_value','confusion accuracy');
#13226 = CONTEXT_DEPENDENT_SHAPE_REPRESENTATION(#13227,#13229);
#13227 = ( REPRESENTATION_RELATIONSHIP('','',#12926,#10) 
REPRESENTATION_RELATIONSHIP_WITH_TRANSFORMATION(#13228) 
SHAPE_REPRESENTATION_RELATIONSHIP() );
#13228 = ITEM_DEFINED_TRANSFORMATION('','',#11,#79);
#13229 = PRODUCT_DEFINITION_SHAPE('Placement','Placement of an item',
  #13230);
#13230 = NEXT_ASSEMBLY_USAGE_OCCURRENCE('27','=>[0:1:1:16]','',#5,#12921
  ,$);
#13231 = PRODUCT_RELATED_PRODUCT_CATEGORY('part',$,(#12923));
#13232 = REPRESENTATION('material name',(#13233),#430);
#13233 = DESCRIPTIVE_REPRESENTATION_ITEM('Steel','Steel');
#13234 = DERIVED_UNIT((#13235,#13237));
#13235 = DERIVED_UNIT_ELEMENT(#13236,3.);
#13236 = ( MASS_UNIT() NAMED_UNIT(*) SI_UNIT($,.GRAM.) );
#13237 = DERIVED_UNIT_ELEMENT(#13238,2.);
#13238 = ( LENGTH_UNIT() NAMED_UNIT(*) SI_UNIT(.CENTI.,.METRE.) );
#13239 = REPRESENTATION('density',(#13240),#430);
#13240 = MEASURE_REPRESENTATION_ITEM('density measure',
  POSITIVE_RATIO_MEASURE(7.85),#13234);
#13241 = PROPERTY_DEFINITION('material property','material name',#176);
#13242 = PROPERTY_DEFINITION_REPRESENTATION(#13241,#13232);
#13243 = PROPERTY_DEFINITION('material property','density',#176);
#13244 = PROPERTY_DEFINITION_REPRESENTATION(#13243,#13239);
#13245 = PROPERTY_DEFINITION('material property','material name',#1089);
#13246 = PROPERTY_DEFINITION_REPRESENTATION(#13245,#13232);
#13247 = PROPERTY_DEFINITION('material property','density',#1089);
#13248 = PROPERTY_DEFINITION_REPRESENTATION(#13247,#13239);
#13249 = PROPERTY_DEFINITION('material property','material name',#1357);
#13250 = PROPERTY_DEFINITION_REPRESENTATION(#13249,#13232);
#13251 = PROPERTY_DEFINITION('material property','density',#1357);
#13252 = PROPERTY_DEFINITION_REPRESENTATION(#13251,#13239);
#13253 = PROPERTY_DEFINITION('material property','material name',#1526);
#13254 = PROPERTY_DEFINITION_REPRESENTATION(#13253,#13232);
#13255 = PROPERTY_DEFINITION('material property','density',#1526);
#13256 = PROPERTY_DEFINITION_REPRESENTATION(#13255,#13239);
#13257 = MECHANICAL_DESIGN_GEOMETRIC_PRESENTATION_REPRESENTATION('',(
    #13258,#13266,#13273,#13280,#13287,#13294,#13301,#13308,#13315,
    #13322,#13329,#13336,#13343,#13350,#13357,#13364,#13371,#13378,
    #13385,#13392,#13399,#13406,#13413,#13420,#13427,#13434,#13441,
    #13448,#13455,#13462,#13469,#13476,#13483,#13490,#13497,#13504,
    #13511,#13518,#13525,#13532,#13539,#13546,#13553,#13560,#13567,
    #13574,#13581,#13588,#13595,#13602,#13609,#13616,#13623,#13630,
    #13637,#13644,#13651,#13658,#13665,#13672,#13679,#13686,#13693,
    #13700,#13707,#13714,#13721,#13728,#13735,#13742,#13749,#13756,
    #13763,#13770,#13777,#13785,#13792,#13799,#13806,#13813,#13820,
    #13827,#13834,#13841,#13848,#13855,#13862,#13869,#13876,#13883,
    #13890,#13897,#13904,#13911,#13918,#13925,#13932,#13939,#13946,
    #13953,#13960,#13967,#13974,#13981,#13988,#13995,#14002,#14009,
    #14016,#14023,#14030,#14037,#14044,#14051,#14058,#14065,#14072,
    #14079,#14086,#14093,#14100,#14107,#14114,#14121,#14128,#14135,
    #14142,#14149,#14156,#14163,#14170,#14177,#14184,#14191,#14198,
    #14205,#14212,#14219,#14226,#14233,#14240,#14247,#14254,#14261,
    #14268,#14275,#14282,#14289,#14296,#14303,#14310,#14317,#14324,
    #14331,#14338,#14345,#14352,#14359,#14366,#14373,#14380,#14387,
    #14394,#14401,#14408,#14415,#14422,#14429,#14436,#14443,#14450,
    #14457,#14464,#14471,#14478,#14485,#14492,#14499,#14506,#14513,
    #14520,#14527,#14534,#14541,#14548,#14555,#14562,#14569,#14576,
    #14583,#14590,#14597,#14604),#12898);
#13258 = STYLED_ITEM('color',(#13259),#6831);
#13259 = PRESENTATION_STYLE_ASSIGNMENT((#13260));
#13260 = SURFACE_STYLE_USAGE(.BOTH.,#13261);
#13261 = SURFACE_SIDE_STYLE('',(#13262));
#13262 = SURFACE_STYLE_FILL_AREA(#13263);
#13263 = FILL_AREA_STYLE('',(#13264));
#13264 = FILL_AREA_STYLE_COLOUR('',#13265);
#13265 = COLOUR_RGB('',0.894117649055,0.890196087049,0.811764731185);
#13266 = STYLED_ITEM('color',(#13267),#6967);
#13267 = PRESENTATION_STYLE_ASSIGNMENT((#13268));
#13268 = SURFACE_STYLE_USAGE(.BOTH.,#13269);
#13269 = SURFACE_SIDE_STYLE('',(#13270));
#13270 = SURFACE_STYLE_FILL_AREA(#13271);
#13271 = FILL_AREA_STYLE('',(#13272));
#13272 = FILL_AREA_STYLE_COLOUR('',#13265);
#13273 = STYLED_ITEM('color',(#13274),#7030);
#13274 = PRESENTATION_STYLE_ASSIGNMENT((#13275));
#13275 = SURFACE_STYLE_USAGE(.BOTH.,#13276);
#13276 = SURFACE_SIDE_STYLE('',(#13277));
#13277 = SURFACE_STYLE_FILL_AREA(#13278);
#13278 = FILL_AREA_STYLE('',(#13279));
#13279 = FILL_AREA_STYLE_COLOUR('',#13265);
#13280 = STYLED_ITEM('color',(#13281),#7054);
#13281 = PRESENTATION_STYLE_ASSIGNMENT((#13282));
#13282 = SURFACE_STYLE_USAGE(.BOTH.,#13283);
#13283 = SURFACE_SIDE_STYLE('',(#13284));
#13284 = SURFACE_STYLE_FILL_AREA(#13285);
#13285 = FILL_AREA_STYLE('',(#13286));
#13286 = FILL_AREA_STYLE_COLOUR('',#13265);
#13287 = STYLED_ITEM('color',(#13288),#7078);
#13288 = PRESENTATION_STYLE_ASSIGNMENT((#13289));
#13289 = SURFACE_STYLE_USAGE(.BOTH.,#13290);
#13290 = SURFACE_SIDE_STYLE('',(#13291));
#13291 = SURFACE_STYLE_FILL_AREA(#13292);
#13292 = FILL_AREA_STYLE('',(#13293));
#13293 = FILL_AREA_STYLE_COLOUR('',#13265);
#13294 = STYLED_ITEM('color',(#13295),#7102);
#13295 = PRESENTATION_STYLE_ASSIGNMENT((#13296));
#13296 = SURFACE_STYLE_USAGE(.BOTH.,#13297);
#13297 = SURFACE_SIDE_STYLE('',(#13298));
#13298 = SURFACE_STYLE_FILL_AREA(#13299);
#13299 = FILL_AREA_STYLE('',(#13300));
#13300 = FILL_AREA_STYLE_COLOUR('',#13265);
#13301 = STYLED_ITEM('color',(#13302),#7126);
#13302 = PRESENTATION_STYLE_ASSIGNMENT((#13303));
#13303 = SURFACE_STYLE_USAGE(.BOTH.,#13304);
#13304 = SURFACE_SIDE_STYLE('',(#13305));
#13305 = SURFACE_STYLE_FILL_AREA(#13306);
#13306 = FILL_AREA_STYLE('',(#13307));
#13307 = FILL_AREA_STYLE_COLOUR('',#13265);
#13308 = STYLED_ITEM('color',(#13309),#7597);
#13309 = PRESENTATION_STYLE_ASSIGNMENT((#13310));
#13310 = SURFACE_STYLE_USAGE(.BOTH.,#13311);
#13311 = SURFACE_SIDE_STYLE('',(#13312));
#13312 = SURFACE_STYLE_FILL_AREA(#13313);
#13313 = FILL_AREA_STYLE('',(#13314));
#13314 = FILL_AREA_STYLE_COLOUR('',#13265);
#13315 = STYLED_ITEM('color',(#13316),#7669);
#13316 = PRESENTATION_STYLE_ASSIGNMENT((#13317));
#13317 = SURFACE_STYLE_USAGE(.BOTH.,#13318);
#13318 = SURFACE_SIDE_STYLE('',(#13319));
#13319 = SURFACE_STYLE_FILL_AREA(#13320);
#13320 = FILL_AREA_STYLE('',(#13321));
#13321 = FILL_AREA_STYLE_COLOUR('',#13265);
#13322 = STYLED_ITEM('color',(#13323),#7693);
#13323 = PRESENTATION_STYLE_ASSIGNMENT((#13324));
#13324 = SURFACE_STYLE_USAGE(.BOTH.,#13325);
#13325 = SURFACE_SIDE_STYLE('',(#13326));
#13326 = SURFACE_STYLE_FILL_AREA(#13327);
#13327 = FILL_AREA_STYLE('',(#13328));
#13328 = FILL_AREA_STYLE_COLOUR('',#13265);
#13329 = STYLED_ITEM('color',(#13330),#7733);
#13330 = PRESENTATION_STYLE_ASSIGNMENT((#13331));
#13331 = SURFACE_STYLE_USAGE(.BOTH.,#13332);
#13332 = SURFACE_SIDE_STYLE('',(#13333));
#13333 = SURFACE_STYLE_FILL_AREA(#13334);
#13334 = FILL_AREA_STYLE('',(#13335));
#13335 = FILL_AREA_STYLE_COLOUR('',#13265);
#13336 = STYLED_ITEM('color',(#13337),#7757);
#13337 = PRESENTATION_STYLE_ASSIGNMENT((#13338));
#13338 = SURFACE_STYLE_USAGE(.BOTH.,#13339);
#13339 = SURFACE_SIDE_STYLE('',(#13340));
#13340 = SURFACE_STYLE_FILL_AREA(#13341);
#13341 = FILL_AREA_STYLE('',(#13342));
#13342 = FILL_AREA_STYLE_COLOUR('',#13265);
#13343 = STYLED_ITEM('color',(#13344),#7797);
#13344 = PRESENTATION_STYLE_ASSIGNMENT((#13345));
#13345 = SURFACE_STYLE_USAGE(.BOTH.,#13346);
#13346 = SURFACE_SIDE_STYLE('',(#13347));
#13347 = SURFACE_STYLE_FILL_AREA(#13348);
#13348 = FILL_AREA_STYLE('',(#13349));
#13349 = FILL_AREA_STYLE_COLOUR('',#13265);
#13350 = STYLED_ITEM('color',(#13351),#7894);
#13351 = PRESENTATION_STYLE_ASSIGNMENT((#13352));
#13352 = SURFACE_STYLE_USAGE(.BOTH.,#13353);
#13353 = SURFACE_SIDE_STYLE('',(#13354));
#13354 = SURFACE_STYLE_FILL_AREA(#13355);
#13355 = FILL_AREA_STYLE('',(#13356));
#13356 = FILL_AREA_STYLE_COLOUR('',#13265);
#13357 = STYLED_ITEM('color',(#13358),#8046);
#13358 = PRESENTATION_STYLE_ASSIGNMENT((#13359));
#13359 = SURFACE_STYLE_USAGE(.BOTH.,#13360);
#13360 = SURFACE_SIDE_STYLE('',(#13361));
#13361 = SURFACE_STYLE_FILL_AREA(#13362);
#13362 = FILL_AREA_STYLE('',(#13363));
#13363 = FILL_AREA_STYLE_COLOUR('',#13265);
#13364 = STYLED_ITEM('color',(#13365),#8078);
#13365 = PRESENTATION_STYLE_ASSIGNMENT((#13366));
#13366 = SURFACE_STYLE_USAGE(.BOTH.,#13367);
#13367 = SURFACE_SIDE_STYLE('',(#13368));
#13368 = SURFACE_STYLE_FILL_AREA(#13369);
#13369 = FILL_AREA_STYLE('',(#13370));
#13370 = FILL_AREA_STYLE_COLOUR('',#13265);
#13371 = STYLED_ITEM('color',(#13372),#8166);
#13372 = PRESENTATION_STYLE_ASSIGNMENT((#13373));
#13373 = SURFACE_STYLE_USAGE(.BOTH.,#13374);
#13374 = SURFACE_SIDE_STYLE('',(#13375));
#13375 = SURFACE_STYLE_FILL_AREA(#13376);
#13376 = FILL_AREA_STYLE('',(#13377));
#13377 = FILL_AREA_STYLE_COLOUR('',#13265);
#13378 = STYLED_ITEM('color',(#13379),#8183);
#13379 = PRESENTATION_STYLE_ASSIGNMENT((#13380));
#13380 = SURFACE_STYLE_USAGE(.BOTH.,#13381);
#13381 = SURFACE_SIDE_STYLE('',(#13382));
#13382 = SURFACE_STYLE_FILL_AREA(#13383);
#13383 = FILL_AREA_STYLE('',(#13384));
#13384 = FILL_AREA_STYLE_COLOUR('',#13265);
#13385 = STYLED_ITEM('color',(#13386),#8264);
#13386 = PRESENTATION_STYLE_ASSIGNMENT((#13387));
#13387 = SURFACE_STYLE_USAGE(.BOTH.,#13388);
#13388 = SURFACE_SIDE_STYLE('',(#13389));
#13389 = SURFACE_STYLE_FILL_AREA(#13390);
#13390 = FILL_AREA_STYLE('',(#13391));
#13391 = FILL_AREA_STYLE_COLOUR('',#13265);
#13392 = STYLED_ITEM('color',(#13393),#8288);
#13393 = PRESENTATION_STYLE_ASSIGNMENT((#13394));
#13394 = SURFACE_STYLE_USAGE(.BOTH.,#13395);
#13395 = SURFACE_SIDE_STYLE('',(#13396));
#13396 = SURFACE_STYLE_FILL_AREA(#13397);
#13397 = FILL_AREA_STYLE('',(#13398));
#13398 = FILL_AREA_STYLE_COLOUR('',#13265);
#13399 = STYLED_ITEM('color',(#13400),#8321);
#13400 = PRESENTATION_STYLE_ASSIGNMENT((#13401));
#13401 = SURFACE_STYLE_USAGE(.BOTH.,#13402);
#13402 = SURFACE_SIDE_STYLE('',(#13403));
#13403 = SURFACE_STYLE_FILL_AREA(#13404);
#13404 = FILL_AREA_STYLE('',(#13405));
#13405 = FILL_AREA_STYLE_COLOUR('',#13265);
#13406 = STYLED_ITEM('color',(#13407),#8335);
#13407 = PRESENTATION_STYLE_ASSIGNMENT((#13408));
#13408 = SURFACE_STYLE_USAGE(.BOTH.,#13409);
#13409 = SURFACE_SIDE_STYLE('',(#13410));
#13410 = SURFACE_STYLE_FILL_AREA(#13411);
#13411 = FILL_AREA_STYLE('',(#13412));
#13412 = FILL_AREA_STYLE_COLOUR('',#13265);
#13413 = STYLED_ITEM('color',(#13414),#8352);
#13414 = PRESENTATION_STYLE_ASSIGNMENT((#13415));
#13415 = SURFACE_STYLE_USAGE(.BOTH.,#13416);
#13416 = SURFACE_SIDE_STYLE('',(#13417));
#13417 = SURFACE_STYLE_FILL_AREA(#13418);
#13418 = FILL_AREA_STYLE('',(#13419));
#13419 = FILL_AREA_STYLE_COLOUR('',#13265);
#13420 = STYLED_ITEM('color',(#13421),#8374);
#13421 = PRESENTATION_STYLE_ASSIGNMENT((#13422));
#13422 = SURFACE_STYLE_USAGE(.BOTH.,#13423);
#13423 = SURFACE_SIDE_STYLE('',(#13424));
#13424 = SURFACE_STYLE_FILL_AREA(#13425);
#13425 = FILL_AREA_STYLE('',(#13426));
#13426 = FILL_AREA_STYLE_COLOUR('',#13265);
#13427 = STYLED_ITEM('color',(#13428),#8391);
#13428 = PRESENTATION_STYLE_ASSIGNMENT((#13429));
#13429 = SURFACE_STYLE_USAGE(.BOTH.,#13430);
#13430 = SURFACE_SIDE_STYLE('',(#13431));
#13431 = SURFACE_STYLE_FILL_AREA(#13432);
#13432 = FILL_AREA_STYLE('',(#13433));
#13433 = FILL_AREA_STYLE_COLOUR('',#13265);
#13434 = STYLED_ITEM('color',(#13435),#8442);
#13435 = PRESENTATION_STYLE_ASSIGNMENT((#13436));
#13436 = SURFACE_STYLE_USAGE(.BOTH.,#13437);
#13437 = SURFACE_SIDE_STYLE('',(#13438));
#13438 = SURFACE_STYLE_FILL_AREA(#13439);
#13439 = FILL_AREA_STYLE('',(#13440));
#13440 = FILL_AREA_STYLE_COLOUR('',#13265);
#13441 = STYLED_ITEM('color',(#13442),#8454);
#13442 = PRESENTATION_STYLE_ASSIGNMENT((#13443));
#13443 = SURFACE_STYLE_USAGE(.BOTH.,#13444);
#13444 = SURFACE_SIDE_STYLE('',(#13445));
#13445 = SURFACE_STYLE_FILL_AREA(#13446);
#13446 = FILL_AREA_STYLE('',(#13447));
#13447 = FILL_AREA_STYLE_COLOUR('',#13265);
#13448 = STYLED_ITEM('color',(#13449),#8485);
#13449 = PRESENTATION_STYLE_ASSIGNMENT((#13450));
#13450 = SURFACE_STYLE_USAGE(.BOTH.,#13451);
#13451 = SURFACE_SIDE_STYLE('',(#13452));
#13452 = SURFACE_STYLE_FILL_AREA(#13453);
#13453 = FILL_AREA_STYLE('',(#13454));
#13454 = FILL_AREA_STYLE_COLOUR('',#13265);
#13455 = STYLED_ITEM('color',(#13456),#8509);
#13456 = PRESENTATION_STYLE_ASSIGNMENT((#13457));
#13457 = SURFACE_STYLE_USAGE(.BOTH.,#13458);
#13458 = SURFACE_SIDE_STYLE('',(#13459));
#13459 = SURFACE_STYLE_FILL_AREA(#13460);
#13460 = FILL_AREA_STYLE('',(#13461));
#13461 = FILL_AREA_STYLE_COLOUR('',#13265);
#13462 = STYLED_ITEM('color',(#13463),#8533);
#13463 = PRESENTATION_STYLE_ASSIGNMENT((#13464));
#13464 = SURFACE_STYLE_USAGE(.BOTH.,#13465);
#13465 = SURFACE_SIDE_STYLE('',(#13466));
#13466 = SURFACE_STYLE_FILL_AREA(#13467);
#13467 = FILL_AREA_STYLE('',(#13468));
#13468 = FILL_AREA_STYLE_COLOUR('',#13265);
#13469 = STYLED_ITEM('color',(#13470),#8557);
#13470 = PRESENTATION_STYLE_ASSIGNMENT((#13471));
#13471 = SURFACE_STYLE_USAGE(.BOTH.,#13472);
#13472 = SURFACE_SIDE_STYLE('',(#13473));
#13473 = SURFACE_STYLE_FILL_AREA(#13474);
#13474 = FILL_AREA_STYLE('',(#13475));
#13475 = FILL_AREA_STYLE_COLOUR('',#13265);
#13476 = STYLED_ITEM('color',(#13477),#8581);
#13477 = PRESENTATION_STYLE_ASSIGNMENT((#13478));
#13478 = SURFACE_STYLE_USAGE(.BOTH.,#13479);
#13479 = SURFACE_SIDE_STYLE('',(#13480));
#13480 = SURFACE_STYLE_FILL_AREA(#13481);
#13481 = FILL_AREA_STYLE('',(#13482));
#13482 = FILL_AREA_STYLE_COLOUR('',#13265);
#13483 = STYLED_ITEM('color',(#13484),#8605);
#13484 = PRESENTATION_STYLE_ASSIGNMENT((#13485));
#13485 = SURFACE_STYLE_USAGE(.BOTH.,#13486);
#13486 = SURFACE_SIDE_STYLE('',(#13487));
#13487 = SURFACE_STYLE_FILL_AREA(#13488);
#13488 = FILL_AREA_STYLE('',(#13489));
#13489 = FILL_AREA_STYLE_COLOUR('',#13265);
#13490 = STYLED_ITEM('color',(#13491),#8629);
#13491 = PRESENTATION_STYLE_ASSIGNMENT((#13492));
#13492 = SURFACE_STYLE_USAGE(.BOTH.,#13493);
#13493 = SURFACE_SIDE_STYLE('',(#13494));
#13494 = SURFACE_STYLE_FILL_AREA(#13495);
#13495 = FILL_AREA_STYLE('',(#13496));
#13496 = FILL_AREA_STYLE_COLOUR('',#13265);
#13497 = STYLED_ITEM('color',(#13498),#8653);
#13498 = PRESENTATION_STYLE_ASSIGNMENT((#13499));
#13499 = SURFACE_STYLE_USAGE(.BOTH.,#13500);
#13500 = SURFACE_SIDE_STYLE('',(#13501));
#13501 = SURFACE_STYLE_FILL_AREA(#13502);
#13502 = FILL_AREA_STYLE('',(#13503));
#13503 = FILL_AREA_STYLE_COLOUR('',#13265);
#13504 = STYLED_ITEM('color',(#13505),#8677);
#13505 = PRESENTATION_STYLE_ASSIGNMENT((#13506));
#13506 = SURFACE_STYLE_USAGE(.BOTH.,#13507);
#13507 = SURFACE_SIDE_STYLE('',(#13508));
#13508 = SURFACE_STYLE_FILL_AREA(#13509);
#13509 = FILL_AREA_STYLE('',(#13510));
#13510 = FILL_AREA_STYLE_COLOUR('',#13265);
#13511 = STYLED_ITEM('color',(#13512),#8701);
#13512 = PRESENTATION_STYLE_ASSIGNMENT((#13513));
#13513 = SURFACE_STYLE_USAGE(.BOTH.,#13514);
#13514 = SURFACE_SIDE_STYLE('',(#13515));
#13515 = SURFACE_STYLE_FILL_AREA(#13516);
#13516 = FILL_AREA_STYLE('',(#13517));
#13517 = FILL_AREA_STYLE_COLOUR('',#13265);
#13518 = STYLED_ITEM('color',(#13519),#8733);
#13519 = PRESENTATION_STYLE_ASSIGNMENT((#13520));
#13520 = SURFACE_STYLE_USAGE(.BOTH.,#13521);
#13521 = SURFACE_SIDE_STYLE('',(#13522));
#13522 = SURFACE_STYLE_FILL_AREA(#13523);
#13523 = FILL_AREA_STYLE('',(#13524));
#13524 = FILL_AREA_STYLE_COLOUR('',#13265);
#13525 = STYLED_ITEM('color',(#13526),#8757);
#13526 = PRESENTATION_STYLE_ASSIGNMENT((#13527));
#13527 = SURFACE_STYLE_USAGE(.BOTH.,#13528);
#13528 = SURFACE_SIDE_STYLE('',(#13529));
#13529 = SURFACE_STYLE_FILL_AREA(#13530);
#13530 = FILL_AREA_STYLE('',(#13531));
#13531 = FILL_AREA_STYLE_COLOUR('',#13265);
#13532 = STYLED_ITEM('color',(#13533),#8797);
#13533 = PRESENTATION_STYLE_ASSIGNMENT((#13534));
#13534 = SURFACE_STYLE_USAGE(.BOTH.,#13535);
#13535 = SURFACE_SIDE_STYLE('',(#13536));
#13536 = SURFACE_STYLE_FILL_AREA(#13537);
#13537 = FILL_AREA_STYLE('',(#13538));
#13538 = FILL_AREA_STYLE_COLOUR('',#13265);
#13539 = STYLED_ITEM('color',(#13540),#8829);
#13540 = PRESENTATION_STYLE_ASSIGNMENT((#13541));
#13541 = SURFACE_STYLE_USAGE(.BOTH.,#13542);
#13542 = SURFACE_SIDE_STYLE('',(#13543));
#13543 = SURFACE_STYLE_FILL_AREA(#13544);
#13544 = FILL_AREA_STYLE('',(#13545));
#13545 = FILL_AREA_STYLE_COLOUR('',#13265);
#13546 = STYLED_ITEM('color',(#13547),#8853);
#13547 = PRESENTATION_STYLE_ASSIGNMENT((#13548));
#13548 = SURFACE_STYLE_USAGE(.BOTH.,#13549);
#13549 = SURFACE_SIDE_STYLE('',(#13550));
#13550 = SURFACE_STYLE_FILL_AREA(#13551);
#13551 = FILL_AREA_STYLE('',(#13552));
#13552 = FILL_AREA_STYLE_COLOUR('',#13265);
#13553 = STYLED_ITEM('color',(#13554),#8893);
#13554 = PRESENTATION_STYLE_ASSIGNMENT((#13555));
#13555 = SURFACE_STYLE_USAGE(.BOTH.,#13556);
#13556 = SURFACE_SIDE_STYLE('',(#13557));
#13557 = SURFACE_STYLE_FILL_AREA(#13558);
#13558 = FILL_AREA_STYLE('',(#13559));
#13559 = FILL_AREA_STYLE_COLOUR('',#13265);
#13560 = STYLED_ITEM('color',(#13561),#8933);
#13561 = PRESENTATION_STYLE_ASSIGNMENT((#13562));
#13562 = SURFACE_STYLE_USAGE(.BOTH.,#13563);
#13563 = SURFACE_SIDE_STYLE('',(#13564));
#13564 = SURFACE_STYLE_FILL_AREA(#13565);
#13565 = FILL_AREA_STYLE('',(#13566));
#13566 = FILL_AREA_STYLE_COLOUR('',#13265);
#13567 = STYLED_ITEM('color',(#13568),#8957);
#13568 = PRESENTATION_STYLE_ASSIGNMENT((#13569));
#13569 = SURFACE_STYLE_USAGE(.BOTH.,#13570);
#13570 = SURFACE_SIDE_STYLE('',(#13571));
#13571 = SURFACE_STYLE_FILL_AREA(#13572);
#13572 = FILL_AREA_STYLE('',(#13573));
#13573 = FILL_AREA_STYLE_COLOUR('',#13265);
#13574 = STYLED_ITEM('color',(#13575),#8989);
#13575 = PRESENTATION_STYLE_ASSIGNMENT((#13576));
#13576 = SURFACE_STYLE_USAGE(.BOTH.,#13577);
#13577 = SURFACE_SIDE_STYLE('',(#13578));
#13578 = SURFACE_STYLE_FILL_AREA(#13579);
#13579 = FILL_AREA_STYLE('',(#13580));
#13580 = FILL_AREA_STYLE_COLOUR('',#13265);
#13581 = STYLED_ITEM('color',(#13582),#9029);
#13582 = PRESENTATION_STYLE_ASSIGNMENT((#13583));
#13583 = SURFACE_STYLE_USAGE(.BOTH.,#13584);
#13584 = SURFACE_SIDE_STYLE('',(#13585));
#13585 = SURFACE_STYLE_FILL_AREA(#13586);
#13586 = FILL_AREA_STYLE('',(#13587));
#13587 = FILL_AREA_STYLE_COLOUR('',#13265);
#13588 = STYLED_ITEM('color',(#13589),#9053);
#13589 = PRESENTATION_STYLE_ASSIGNMENT((#13590));
#13590 = SURFACE_STYLE_USAGE(.BOTH.,#13591);
#13591 = SURFACE_SIDE_STYLE('',(#13592));
#13592 = SURFACE_STYLE_FILL_AREA(#13593);
#13593 = FILL_AREA_STYLE('',(#13594));
#13594 = FILL_AREA_STYLE_COLOUR('',#13265);
#13595 = STYLED_ITEM('color',(#13596),#9085);
#13596 = PRESENTATION_STYLE_ASSIGNMENT((#13597));
#13597 = SURFACE_STYLE_USAGE(.BOTH.,#13598);
#13598 = SURFACE_SIDE_STYLE('',(#13599));
#13599 = SURFACE_STYLE_FILL_AREA(#13600);
#13600 = FILL_AREA_STYLE('',(#13601));
#13601 = FILL_AREA_STYLE_COLOUR('',#13265);
#13602 = STYLED_ITEM('color',(#13603),#9109);
#13603 = PRESENTATION_STYLE_ASSIGNMENT((#13604));
#13604 = SURFACE_STYLE_USAGE(.BOTH.,#13605);
#13605 = SURFACE_SIDE_STYLE('',(#13606));
#13606 = SURFACE_STYLE_FILL_AREA(#13607);
#13607 = FILL_AREA_STYLE('',(#13608));
#13608 = FILL_AREA_STYLE_COLOUR('',#13265);
#13609 = STYLED_ITEM('color',(#13610),#9133);
#13610 = PRESENTATION_STYLE_ASSIGNMENT((#13611));
#13611 = SURFACE_STYLE_USAGE(.BOTH.,#13612);
#13612 = SURFACE_SIDE_STYLE('',(#13613));
#13613 = SURFACE_STYLE_FILL_AREA(#13614);
#13614 = FILL_AREA_STYLE('',(#13615));
#13615 = FILL_AREA_STYLE_COLOUR('',#13265);
#13616 = STYLED_ITEM('color',(#13617),#9157);
#13617 = PRESENTATION_STYLE_ASSIGNMENT((#13618));
#13618 = SURFACE_STYLE_USAGE(.BOTH.,#13619);
#13619 = SURFACE_SIDE_STYLE('',(#13620));
#13620 = SURFACE_STYLE_FILL_AREA(#13621);
#13621 = FILL_AREA_STYLE('',(#13622));
#13622 = FILL_AREA_STYLE_COLOUR('',#13265);
#13623 = STYLED_ITEM('color',(#13624),#9181);
#13624 = PRESENTATION_STYLE_ASSIGNMENT((#13625));
#13625 = SURFACE_STYLE_USAGE(.BOTH.,#13626);
#13626 = SURFACE_SIDE_STYLE('',(#13627));
#13627 = SURFACE_STYLE_FILL_AREA(#13628);
#13628 = FILL_AREA_STYLE('',(#13629));
#13629 = FILL_AREA_STYLE_COLOUR('',#13265);
#13630 = STYLED_ITEM('color',(#13631),#9213);
#13631 = PRESENTATION_STYLE_ASSIGNMENT((#13632));
#13632 = SURFACE_STYLE_USAGE(.BOTH.,#13633);
#13633 = SURFACE_SIDE_STYLE('',(#13634));
#13634 = SURFACE_STYLE_FILL_AREA(#13635);
#13635 = FILL_AREA_STYLE('',(#13636));
#13636 = FILL_AREA_STYLE_COLOUR('',#13265);
#13637 = STYLED_ITEM('color',(#13638),#9237);
#13638 = PRESENTATION_STYLE_ASSIGNMENT((#13639));
#13639 = SURFACE_STYLE_USAGE(.BOTH.,#13640);
#13640 = SURFACE_SIDE_STYLE('',(#13641));
#13641 = SURFACE_STYLE_FILL_AREA(#13642);
#13642 = FILL_AREA_STYLE('',(#13643));
#13643 = FILL_AREA_STYLE_COLOUR('',#13265);
#13644 = STYLED_ITEM('color',(#13645),#9277);
#13645 = PRESENTATION_STYLE_ASSIGNMENT((#13646));
#13646 = SURFACE_STYLE_USAGE(.BOTH.,#13647);
#13647 = SURFACE_SIDE_STYLE('',(#13648));
#13648 = SURFACE_STYLE_FILL_AREA(#13649);
#13649 = FILL_AREA_STYLE('',(#13650));
#13650 = FILL_AREA_STYLE_COLOUR('',#13265);
#13651 = STYLED_ITEM('color',(#13652),#9309);
#13652 = PRESENTATION_STYLE_ASSIGNMENT((#13653));
#13653 = SURFACE_STYLE_USAGE(.BOTH.,#13654);
#13654 = SURFACE_SIDE_STYLE('',(#13655));
#13655 = SURFACE_STYLE_FILL_AREA(#13656);
#13656 = FILL_AREA_STYLE('',(#13657));
#13657 = FILL_AREA_STYLE_COLOUR('',#13265);
#13658 = STYLED_ITEM('color',(#13659),#9333);
#13659 = PRESENTATION_STYLE_ASSIGNMENT((#13660));
#13660 = SURFACE_STYLE_USAGE(.BOTH.,#13661);
#13661 = SURFACE_SIDE_STYLE('',(#13662));
#13662 = SURFACE_STYLE_FILL_AREA(#13663);
#13663 = FILL_AREA_STYLE('',(#13664));
#13664 = FILL_AREA_STYLE_COLOUR('',#13265);
#13665 = STYLED_ITEM('color',(#13666),#9373);
#13666 = PRESENTATION_STYLE_ASSIGNMENT((#13667));
#13667 = SURFACE_STYLE_USAGE(.BOTH.,#13668);
#13668 = SURFACE_SIDE_STYLE('',(#13669));
#13669 = SURFACE_STYLE_FILL_AREA(#13670);
#13670 = FILL_AREA_STYLE('',(#13671));
#13671 = FILL_AREA_STYLE_COLOUR('',#13265);
#13672 = STYLED_ITEM('color',(#13673),#9413);
#13673 = PRESENTATION_STYLE_ASSIGNMENT((#13674));
#13674 = SURFACE_STYLE_USAGE(.BOTH.,#13675);
#13675 = SURFACE_SIDE_STYLE('',(#13676));
#13676 = SURFACE_STYLE_FILL_AREA(#13677);
#13677 = FILL_AREA_STYLE('',(#13678));
#13678 = FILL_AREA_STYLE_COLOUR('',#13265);
#13679 = STYLED_ITEM('color',(#13680),#9437);
#13680 = PRESENTATION_STYLE_ASSIGNMENT((#13681));
#13681 = SURFACE_STYLE_USAGE(.BOTH.,#13682);
#13682 = SURFACE_SIDE_STYLE('',(#13683));
#13683 = SURFACE_STYLE_FILL_AREA(#13684);
#13684 = FILL_AREA_STYLE('',(#13685));
#13685 = FILL_AREA_STYLE_COLOUR('',#13265);
#13686 = STYLED_ITEM('color',(#13687),#9469);
#13687 = PRESENTATION_STYLE_ASSIGNMENT((#13688));
#13688 = SURFACE_STYLE_USAGE(.BOTH.,#13689);
#13689 = SURFACE_SIDE_STYLE('',(#13690));
#13690 = SURFACE_STYLE_FILL_AREA(#13691);
#13691 = FILL_AREA_STYLE('',(#13692));
#13692 = FILL_AREA_STYLE_COLOUR('',#13265);
#13693 = STYLED_ITEM('color',(#13694),#9509);
#13694 = PRESENTATION_STYLE_ASSIGNMENT((#13695));
#13695 = SURFACE_STYLE_USAGE(.BOTH.,#13696);
#13696 = SURFACE_SIDE_STYLE('',(#13697));
#13697 = SURFACE_STYLE_FILL_AREA(#13698);
#13698 = FILL_AREA_STYLE('',(#13699));
#13699 = FILL_AREA_STYLE_COLOUR('',#13265);
#13700 = STYLED_ITEM('color',(#13701),#9533);
#13701 = PRESENTATION_STYLE_ASSIGNMENT((#13702));
#13702 = SURFACE_STYLE_USAGE(.BOTH.,#13703);
#13703 = SURFACE_SIDE_STYLE('',(#13704));
#13704 = SURFACE_STYLE_FILL_AREA(#13705);
#13705 = FILL_AREA_STYLE('',(#13706));
#13706 = FILL_AREA_STYLE_COLOUR('',#13265);
#13707 = STYLED_ITEM('color',(#13708),#9565);
#13708 = PRESENTATION_STYLE_ASSIGNMENT((#13709));
#13709 = SURFACE_STYLE_USAGE(.BOTH.,#13710);
#13710 = SURFACE_SIDE_STYLE('',(#13711));
#13711 = SURFACE_STYLE_FILL_AREA(#13712);
#13712 = FILL_AREA_STYLE('',(#13713));
#13713 = FILL_AREA_STYLE_COLOUR('',#13265);
#13714 = STYLED_ITEM('color',(#13715),#9589);
#13715 = PRESENTATION_STYLE_ASSIGNMENT((#13716));
#13716 = SURFACE_STYLE_USAGE(.BOTH.,#13717);
#13717 = SURFACE_SIDE_STYLE('',(#13718));
#13718 = SURFACE_STYLE_FILL_AREA(#13719);
#13719 = FILL_AREA_STYLE('',(#13720));
#13720 = FILL_AREA_STYLE_COLOUR('',#13265);
#13721 = STYLED_ITEM('color',(#13722),#9606);
#13722 = PRESENTATION_STYLE_ASSIGNMENT((#13723));
#13723 = SURFACE_STYLE_USAGE(.BOTH.,#13724);
#13724 = SURFACE_SIDE_STYLE('',(#13725));
#13725 = SURFACE_STYLE_FILL_AREA(#13726);
#13726 = FILL_AREA_STYLE('',(#13727));
#13727 = FILL_AREA_STYLE_COLOUR('',#13265);
#13728 = STYLED_ITEM('color',(#13729),#9637);
#13729 = PRESENTATION_STYLE_ASSIGNMENT((#13730));
#13730 = SURFACE_STYLE_USAGE(.BOTH.,#13731);
#13731 = SURFACE_SIDE_STYLE('',(#13732));
#13732 = SURFACE_STYLE_FILL_AREA(#13733);
#13733 = FILL_AREA_STYLE('',(#13734));
#13734 = FILL_AREA_STYLE_COLOUR('',#13265);
#13735 = STYLED_ITEM('color',(#13736),#9661);
#13736 = PRESENTATION_STYLE_ASSIGNMENT((#13737));
#13737 = SURFACE_STYLE_USAGE(.BOTH.,#13738);
#13738 = SURFACE_SIDE_STYLE('',(#13739));
#13739 = SURFACE_STYLE_FILL_AREA(#13740);
#13740 = FILL_AREA_STYLE('',(#13741));
#13741 = FILL_AREA_STYLE_COLOUR('',#13265);
#13742 = STYLED_ITEM('color',(#13743),#9685);
#13743 = PRESENTATION_STYLE_ASSIGNMENT((#13744));
#13744 = SURFACE_STYLE_USAGE(.BOTH.,#13745);
#13745 = SURFACE_SIDE_STYLE('',(#13746));
#13746 = SURFACE_STYLE_FILL_AREA(#13747);
#13747 = FILL_AREA_STYLE('',(#13748));
#13748 = FILL_AREA_STYLE_COLOUR('',#13265);
#13749 = STYLED_ITEM('color',(#13750),#9702);
#13750 = PRESENTATION_STYLE_ASSIGNMENT((#13751));
#13751 = SURFACE_STYLE_USAGE(.BOTH.,#13752);
#13752 = SURFACE_SIDE_STYLE('',(#13753));
#13753 = SURFACE_STYLE_FILL_AREA(#13754);
#13754 = FILL_AREA_STYLE('',(#13755));
#13755 = FILL_AREA_STYLE_COLOUR('',#13265);
#13756 = STYLED_ITEM('color',(#13757),#9733);
#13757 = PRESENTATION_STYLE_ASSIGNMENT((#13758));
#13758 = SURFACE_STYLE_USAGE(.BOTH.,#13759);
#13759 = SURFACE_SIDE_STYLE('',(#13760));
#13760 = SURFACE_STYLE_FILL_AREA(#13761);
#13761 = FILL_AREA_STYLE('',(#13762));
#13762 = FILL_AREA_STYLE_COLOUR('',#13265);
#13763 = STYLED_ITEM('color',(#13764),#9757);
#13764 = PRESENTATION_STYLE_ASSIGNMENT((#13765));
#13765 = SURFACE_STYLE_USAGE(.BOTH.,#13766);
#13766 = SURFACE_SIDE_STYLE('',(#13767));
#13767 = SURFACE_STYLE_FILL_AREA(#13768);
#13768 = FILL_AREA_STYLE('',(#13769));
#13769 = FILL_AREA_STYLE_COLOUR('',#13265);
#13770 = STYLED_ITEM('color',(#13771),#9781);
#13771 = PRESENTATION_STYLE_ASSIGNMENT((#13772));
#13772 = SURFACE_STYLE_USAGE(.BOTH.,#13773);
#13773 = SURFACE_SIDE_STYLE('',(#13774));
#13774 = SURFACE_STYLE_FILL_AREA(#13775);
#13775 = FILL_AREA_STYLE('',(#13776));
#13776 = FILL_AREA_STYLE_COLOUR('',#13265);
#13777 = STYLED_ITEM('color',(#13778),#9798);
#13778 = PRESENTATION_STYLE_ASSIGNMENT((#13779));
#13779 = SURFACE_STYLE_USAGE(.BOTH.,#13780);
#13780 = SURFACE_SIDE_STYLE('',(#13781));
#13781 = SURFACE_STYLE_FILL_AREA(#13782);
#13782 = FILL_AREA_STYLE('',(#13783));
#13783 = FILL_AREA_STYLE_COLOUR('',#13784);
#13784 = COLOUR_RGB('',0.823529417451,0.819607860991,0.780392170416);
#13785 = STYLED_ITEM('color',(#13786),#9830);
#13786 = PRESENTATION_STYLE_ASSIGNMENT((#13787));
#13787 = SURFACE_STYLE_USAGE(.BOTH.,#13788);
#13788 = SURFACE_SIDE_STYLE('',(#13789));
#13789 = SURFACE_STYLE_FILL_AREA(#13790);
#13790 = FILL_AREA_STYLE('',(#13791));
#13791 = FILL_AREA_STYLE_COLOUR('',#13265);
#13792 = STYLED_ITEM('color',(#13793),#9854);
#13793 = PRESENTATION_STYLE_ASSIGNMENT((#13794));
#13794 = SURFACE_STYLE_USAGE(.BOTH.,#13795);
#13795 = SURFACE_SIDE_STYLE('',(#13796));
#13796 = SURFACE_STYLE_FILL_AREA(#13797);
#13797 = FILL_AREA_STYLE('',(#13798));
#13798 = FILL_AREA_STYLE_COLOUR('',#13784);
#13799 = STYLED_ITEM('color',(#13800),#9886);
#13800 = PRESENTATION_STYLE_ASSIGNMENT((#13801));
#13801 = SURFACE_STYLE_USAGE(.BOTH.,#13802);
#13802 = SURFACE_SIDE_STYLE('',(#13803));
#13803 = SURFACE_STYLE_FILL_AREA(#13804);
#13804 = FILL_AREA_STYLE('',(#13805));
#13805 = FILL_AREA_STYLE_COLOUR('',#13784);
#13806 = STYLED_ITEM('color',(#13807),#9923);
#13807 = PRESENTATION_STYLE_ASSIGNMENT((#13808));
#13808 = SURFACE_STYLE_USAGE(.BOTH.,#13809);
#13809 = SURFACE_SIDE_STYLE('',(#13810));
#13810 = SURFACE_STYLE_FILL_AREA(#13811);
#13811 = FILL_AREA_STYLE('',(#13812));
#13812 = FILL_AREA_STYLE_COLOUR('',#13784);
#13813 = STYLED_ITEM('color',(#13814),#9947);
#13814 = PRESENTATION_STYLE_ASSIGNMENT((#13815));
#13815 = SURFACE_STYLE_USAGE(.BOTH.,#13816);
#13816 = SURFACE_SIDE_STYLE('',(#13817));
#13817 = SURFACE_STYLE_FILL_AREA(#13818);
#13818 = FILL_AREA_STYLE('',(#13819));
#13819 = FILL_AREA_STYLE_COLOUR('',#13265);
#13820 = STYLED_ITEM('color',(#13821),#9964);
#13821 = PRESENTATION_STYLE_ASSIGNMENT((#13822));
#13822 = SURFACE_STYLE_USAGE(.BOTH.,#13823);
#13823 = SURFACE_SIDE_STYLE('',(#13824));
#13824 = SURFACE_STYLE_FILL_AREA(#13825);
#13825 = FILL_AREA_STYLE('',(#13826));
#13826 = FILL_AREA_STYLE_COLOUR('',#13784);
#13827 = STYLED_ITEM('color',(#13828),#9988);
#13828 = PRESENTATION_STYLE_ASSIGNMENT((#13829));
#13829 = SURFACE_STYLE_USAGE(.BOTH.,#13830);
#13830 = SURFACE_SIDE_STYLE('',(#13831));
#13831 = SURFACE_STYLE_FILL_AREA(#13832);
#13832 = FILL_AREA_STYLE('',(#13833));
#13833 = FILL_AREA_STYLE_COLOUR('',#13784);
#13834 = STYLED_ITEM('color',(#13835),#10012);
#13835 = PRESENTATION_STYLE_ASSIGNMENT((#13836));
#13836 = SURFACE_STYLE_USAGE(.BOTH.,#13837);
#13837 = SURFACE_SIDE_STYLE('',(#13838));
#13838 = SURFACE_STYLE_FILL_AREA(#13839);
#13839 = FILL_AREA_STYLE('',(#13840));
#13840 = FILL_AREA_STYLE_COLOUR('',#13265);
#13841 = STYLED_ITEM('color',(#13842),#10043);
#13842 = PRESENTATION_STYLE_ASSIGNMENT((#13843));
#13843 = SURFACE_STYLE_USAGE(.BOTH.,#13844);
#13844 = SURFACE_SIDE_STYLE('',(#13845));
#13845 = SURFACE_STYLE_FILL_AREA(#13846);
#13846 = FILL_AREA_STYLE('',(#13847));
#13847 = FILL_AREA_STYLE_COLOUR('',#13265);
#13848 = STYLED_ITEM('color',(#13849),#10076);
#13849 = PRESENTATION_STYLE_ASSIGNMENT((#13850));
#13850 = SURFACE_STYLE_USAGE(.BOTH.,#13851);
#13851 = SURFACE_SIDE_STYLE('',(#13852));
#13852 = SURFACE_STYLE_FILL_AREA(#13853);
#13853 = FILL_AREA_STYLE('',(#13854));
#13854 = FILL_AREA_STYLE_COLOUR('',#13784);
#13855 = STYLED_ITEM('color',(#13856),#10141);
#13856 = PRESENTATION_STYLE_ASSIGNMENT((#13857));
#13857 = SURFACE_STYLE_USAGE(.BOTH.,#13858);
#13858 = SURFACE_SIDE_STYLE('',(#13859));
#13859 = SURFACE_STYLE_FILL_AREA(#13860);
#13860 = FILL_AREA_STYLE('',(#13861));
#13861 = FILL_AREA_STYLE_COLOUR('',#13784);
#13862 = STYLED_ITEM('color',(#13863),#10165);
#13863 = PRESENTATION_STYLE_ASSIGNMENT((#13864));
#13864 = SURFACE_STYLE_USAGE(.BOTH.,#13865);
#13865 = SURFACE_SIDE_STYLE('',(#13866));
#13866 = SURFACE_STYLE_FILL_AREA(#13867);
#13867 = FILL_AREA_STYLE('',(#13868));
#13868 = FILL_AREA_STYLE_COLOUR('',#13784);
#13869 = STYLED_ITEM('color',(#13870),#10235);
#13870 = PRESENTATION_STYLE_ASSIGNMENT((#13871));
#13871 = SURFACE_STYLE_USAGE(.BOTH.,#13872);
#13872 = SURFACE_SIDE_STYLE('',(#13873));
#13873 = SURFACE_STYLE_FILL_AREA(#13874);
#13874 = FILL_AREA_STYLE('',(#13875));
#13875 = FILL_AREA_STYLE_COLOUR('',#13265);
#13876 = STYLED_ITEM('color',(#13877),#10261);
#13877 = PRESENTATION_STYLE_ASSIGNMENT((#13878));
#13878 = SURFACE_STYLE_USAGE(.BOTH.,#13879);
#13879 = SURFACE_SIDE_STYLE('',(#13880));
#13880 = SURFACE_STYLE_FILL_AREA(#13881);
#13881 = FILL_AREA_STYLE('',(#13882));
#13882 = FILL_AREA_STYLE_COLOUR('',#13784);
#13883 = STYLED_ITEM('color',(#13884),#10326);
#13884 = PRESENTATION_STYLE_ASSIGNMENT((#13885));
#13885 = SURFACE_STYLE_USAGE(.BOTH.,#13886);
#13886 = SURFACE_SIDE_STYLE('',(#13887));
#13887 = SURFACE_STYLE_FILL_AREA(#13888);
#13888 = FILL_AREA_STYLE('',(#13889));
#13889 = FILL_AREA_STYLE_COLOUR('',#13784);
#13890 = STYLED_ITEM('color',(#13891),#10350);
#13891 = PRESENTATION_STYLE_ASSIGNMENT((#13892));
#13892 = SURFACE_STYLE_USAGE(.BOTH.,#13893);
#13893 = SURFACE_SIDE_STYLE('',(#13894));
#13894 = SURFACE_STYLE_FILL_AREA(#13895);
#13895 = FILL_AREA_STYLE('',(#13896));
#13896 = FILL_AREA_STYLE_COLOUR('',#13784);
#13897 = STYLED_ITEM('color',(#13898),#10420);
#13898 = PRESENTATION_STYLE_ASSIGNMENT((#13899));
#13899 = SURFACE_STYLE_USAGE(.BOTH.,#13900);
#13900 = SURFACE_SIDE_STYLE('',(#13901));
#13901 = SURFACE_STYLE_FILL_AREA(#13902);
#13902 = FILL_AREA_STYLE('',(#13903));
#13903 = FILL_AREA_STYLE_COLOUR('',#13265);
#13904 = STYLED_ITEM('color',(#13905),#10446);
#13905 = PRESENTATION_STYLE_ASSIGNMENT((#13906));
#13906 = SURFACE_STYLE_USAGE(.BOTH.,#13907);
#13907 = SURFACE_SIDE_STYLE('',(#13908));
#13908 = SURFACE_STYLE_FILL_AREA(#13909);
#13909 = FILL_AREA_STYLE('',(#13910));
#13910 = FILL_AREA_STYLE_COLOUR('',#13784);
#13911 = STYLED_ITEM('color',(#13912),#10511);
#13912 = PRESENTATION_STYLE_ASSIGNMENT((#13913));
#13913 = SURFACE_STYLE_USAGE(.BOTH.,#13914);
#13914 = SURFACE_SIDE_STYLE('',(#13915));
#13915 = SURFACE_STYLE_FILL_AREA(#13916);
#13916 = FILL_AREA_STYLE('',(#13917));
#13917 = FILL_AREA_STYLE_COLOUR('',#13784);
#13918 = STYLED_ITEM('color',(#13919),#10535);
#13919 = PRESENTATION_STYLE_ASSIGNMENT((#13920));
#13920 = SURFACE_STYLE_USAGE(.BOTH.,#13921);
#13921 = SURFACE_SIDE_STYLE('',(#13922));
#13922 = SURFACE_STYLE_FILL_AREA(#13923);
#13923 = FILL_AREA_STYLE('',(#13924));
#13924 = FILL_AREA_STYLE_COLOUR('',#13784);
#13925 = STYLED_ITEM('color',(#13926),#10605);
#13926 = PRESENTATION_STYLE_ASSIGNMENT((#13927));
#13927 = SURFACE_STYLE_USAGE(.BOTH.,#13928);
#13928 = SURFACE_SIDE_STYLE('',(#13929));
#13929 = SURFACE_STYLE_FILL_AREA(#13930);
#13930 = FILL_AREA_STYLE('',(#13931));
#13931 = FILL_AREA_STYLE_COLOUR('',#13265);
#13932 = STYLED_ITEM('color',(#13933),#10631);
#13933 = PRESENTATION_STYLE_ASSIGNMENT((#13934));
#13934 = SURFACE_STYLE_USAGE(.BOTH.,#13935);
#13935 = SURFACE_SIDE_STYLE('',(#13936));
#13936 = SURFACE_STYLE_FILL_AREA(#13937);
#13937 = FILL_AREA_STYLE('',(#13938));
#13938 = FILL_AREA_STYLE_COLOUR('',#13784);
#13939 = STYLED_ITEM('color',(#13940),#10696);
#13940 = PRESENTATION_STYLE_ASSIGNMENT((#13941));
#13941 = SURFACE_STYLE_USAGE(.BOTH.,#13942);
#13942 = SURFACE_SIDE_STYLE('',(#13943));
#13943 = SURFACE_STYLE_FILL_AREA(#13944);
#13944 = FILL_AREA_STYLE('',(#13945));
#13945 = FILL_AREA_STYLE_COLOUR('',#13784);
#13946 = STYLED_ITEM('color',(#13947),#10720);
#13947 = PRESENTATION_STYLE_ASSIGNMENT((#13948));
#13948 = SURFACE_STYLE_USAGE(.BOTH.,#13949);
#13949 = SURFACE_SIDE_STYLE('',(#13950));
#13950 = SURFACE_STYLE_FILL_AREA(#13951);
#13951 = FILL_AREA_STYLE('',(#13952));
#13952 = FILL_AREA_STYLE_COLOUR('',#13784);
#13953 = STYLED_ITEM('color',(#13954),#10790);
#13954 = PRESENTATION_STYLE_ASSIGNMENT((#13955));
#13955 = SURFACE_STYLE_USAGE(.BOTH.,#13956);
#13956 = SURFACE_SIDE_STYLE('',(#13957));
#13957 = SURFACE_STYLE_FILL_AREA(#13958);
#13958 = FILL_AREA_STYLE('',(#13959));
#13959 = FILL_AREA_STYLE_COLOUR('',#13265);
#13960 = STYLED_ITEM('color',(#13961),#10803);
#13961 = PRESENTATION_STYLE_ASSIGNMENT((#13962));
#13962 = SURFACE_STYLE_USAGE(.BOTH.,#13963);
#13963 = SURFACE_SIDE_STYLE('',(#13964));
#13964 = SURFACE_STYLE_FILL_AREA(#13965);
#13965 = FILL_AREA_STYLE('',(#13966));
#13966 = FILL_AREA_STYLE_COLOUR('',#13784);
#13967 = STYLED_ITEM('color',(#13968),#10820);
#13968 = PRESENTATION_STYLE_ASSIGNMENT((#13969));
#13969 = SURFACE_STYLE_USAGE(.BOTH.,#13970);
#13970 = SURFACE_SIDE_STYLE('',(#13971));
#13971 = SURFACE_STYLE_FILL_AREA(#13972);
#13972 = FILL_AREA_STYLE('',(#13973));
#13973 = FILL_AREA_STYLE_COLOUR('',#13784);
#13974 = STYLED_ITEM('color',(#13975),#10837);
#13975 = PRESENTATION_STYLE_ASSIGNMENT((#13976));
#13976 = SURFACE_STYLE_USAGE(.BOTH.,#13977);
#13977 = SURFACE_SIDE_STYLE('',(#13978));
#13978 = SURFACE_STYLE_FILL_AREA(#13979);
#13979 = FILL_AREA_STYLE('',(#13980));
#13980 = FILL_AREA_STYLE_COLOUR('',#13784);
#13981 = STYLED_ITEM('color',(#13982),#10854);
#13982 = PRESENTATION_STYLE_ASSIGNMENT((#13983));
#13983 = SURFACE_STYLE_USAGE(.BOTH.,#13984);
#13984 = SURFACE_SIDE_STYLE('',(#13985));
#13985 = SURFACE_STYLE_FILL_AREA(#13986);
#13986 = FILL_AREA_STYLE('',(#13987));
#13987 = FILL_AREA_STYLE_COLOUR('',#13784);
#13988 = STYLED_ITEM('color',(#13989),#10871);
#13989 = PRESENTATION_STYLE_ASSIGNMENT((#13990));
#13990 = SURFACE_STYLE_USAGE(.BOTH.,#13991);
#13991 = SURFACE_SIDE_STYLE('',(#13992));
#13992 = SURFACE_STYLE_FILL_AREA(#13993);
#13993 = FILL_AREA_STYLE('',(#13994));
#13994 = FILL_AREA_STYLE_COLOUR('',#13265);
#13995 = STYLED_ITEM('color',(#13996),#10888);
#13996 = PRESENTATION_STYLE_ASSIGNMENT((#13997));
#13997 = SURFACE_STYLE_USAGE(.BOTH.,#13998);
#13998 = SURFACE_SIDE_STYLE('',(#13999));
#13999 = SURFACE_STYLE_FILL_AREA(#14000);
#14000 = FILL_AREA_STYLE('',(#14001));
#14001 = FILL_AREA_STYLE_COLOUR('',#13265);
#14002 = STYLED_ITEM('color',(#14003),#10900);
#14003 = PRESENTATION_STYLE_ASSIGNMENT((#14004));
#14004 = SURFACE_STYLE_USAGE(.BOTH.,#14005);
#14005 = SURFACE_SIDE_STYLE('',(#14006));
#14006 = SURFACE_STYLE_FILL_AREA(#14007);
#14007 = FILL_AREA_STYLE('',(#14008));
#14008 = FILL_AREA_STYLE_COLOUR('',#13265);
#14009 = STYLED_ITEM('color',(#14010),#10940);
#14010 = PRESENTATION_STYLE_ASSIGNMENT((#14011));
#14011 = SURFACE_STYLE_USAGE(.BOTH.,#14012);
#14012 = SURFACE_SIDE_STYLE('',(#14013));
#14013 = SURFACE_STYLE_FILL_AREA(#14014);
#14014 = FILL_AREA_STYLE('',(#14015));
#14015 = FILL_AREA_STYLE_COLOUR('',#13265);
#14016 = STYLED_ITEM('color',(#14017),#10957);
#14017 = PRESENTATION_STYLE_ASSIGNMENT((#14018));
#14018 = SURFACE_STYLE_USAGE(.BOTH.,#14019);
#14019 = SURFACE_SIDE_STYLE('',(#14020));
#14020 = SURFACE_STYLE_FILL_AREA(#14021);
#14021 = FILL_AREA_STYLE('',(#14022));
#14022 = FILL_AREA_STYLE_COLOUR('',#13265);
#14023 = STYLED_ITEM('color',(#14024),#10980);
#14024 = PRESENTATION_STYLE_ASSIGNMENT((#14025));
#14025 = SURFACE_STYLE_USAGE(.BOTH.,#14026);
#14026 = SURFACE_SIDE_STYLE('',(#14027));
#14027 = SURFACE_STYLE_FILL_AREA(#14028);
#14028 = FILL_AREA_STYLE('',(#14029));
#14029 = FILL_AREA_STYLE_COLOUR('',#13265);
#14030 = STYLED_ITEM('color',(#14031),#11004);
#14031 = PRESENTATION_STYLE_ASSIGNMENT((#14032));
#14032 = SURFACE_STYLE_USAGE(.BOTH.,#14033);
#14033 = SURFACE_SIDE_STYLE('',(#14034));
#14034 = SURFACE_STYLE_FILL_AREA(#14035);
#14035 = FILL_AREA_STYLE('',(#14036));
#14036 = FILL_AREA_STYLE_COLOUR('',#13265);
#14037 = STYLED_ITEM('color',(#14038),#11020);
#14038 = PRESENTATION_STYLE_ASSIGNMENT((#14039));
#14039 = SURFACE_STYLE_USAGE(.BOTH.,#14040);
#14040 = SURFACE_SIDE_STYLE('',(#14041));
#14041 = SURFACE_STYLE_FILL_AREA(#14042);
#14042 = FILL_AREA_STYLE('',(#14043));
#14043 = FILL_AREA_STYLE_COLOUR('',#13265);
#14044 = STYLED_ITEM('color',(#14045),#11032);
#14045 = PRESENTATION_STYLE_ASSIGNMENT((#14046));
#14046 = SURFACE_STYLE_USAGE(.BOTH.,#14047);
#14047 = SURFACE_SIDE_STYLE('',(#14048));
#14048 = SURFACE_STYLE_FILL_AREA(#14049);
#14049 = FILL_AREA_STYLE('',(#14050));
#14050 = FILL_AREA_STYLE_COLOUR('',#13265);
#14051 = STYLED_ITEM('color',(#14052),#11292);
#14052 = PRESENTATION_STYLE_ASSIGNMENT((#14053));
#14053 = SURFACE_STYLE_USAGE(.BOTH.,#14054);
#14054 = SURFACE_SIDE_STYLE('',(#14055));
#14055 = SURFACE_STYLE_FILL_AREA(#14056);
#14056 = FILL_AREA_STYLE('',(#14057));
#14057 = FILL_AREA_STYLE_COLOUR('',#13784);
#14058 = STYLED_ITEM('color',(#14059),#11324);
#14059 = PRESENTATION_STYLE_ASSIGNMENT((#14060));
#14060 = SURFACE_STYLE_USAGE(.BOTH.,#14061);
#14061 = SURFACE_SIDE_STYLE('',(#14062));
#14062 = SURFACE_STYLE_FILL_AREA(#14063);
#14063 = FILL_AREA_STYLE('',(#14064));
#14064 = FILL_AREA_STYLE_COLOUR('',#13265);
#14065 = STYLED_ITEM('color',(#14066),#11341);
#14066 = PRESENTATION_STYLE_ASSIGNMENT((#14067));
#14067 = SURFACE_STYLE_USAGE(.BOTH.,#14068);
#14068 = SURFACE_SIDE_STYLE('',(#14069));
#14069 = SURFACE_STYLE_FILL_AREA(#14070);
#14070 = FILL_AREA_STYLE('',(#14071));
#14071 = FILL_AREA_STYLE_COLOUR('',#13784);
#14072 = STYLED_ITEM('color',(#14073),#11358);
#14073 = PRESENTATION_STYLE_ASSIGNMENT((#14074));
#14074 = SURFACE_STYLE_USAGE(.BOTH.,#14075);
#14075 = SURFACE_SIDE_STYLE('',(#14076));
#14076 = SURFACE_STYLE_FILL_AREA(#14077);
#14077 = FILL_AREA_STYLE('',(#14078));
#14078 = FILL_AREA_STYLE_COLOUR('',#13784);
#14079 = STYLED_ITEM('color',(#14080),#11384);
#14080 = PRESENTATION_STYLE_ASSIGNMENT((#14081));
#14081 = SURFACE_STYLE_USAGE(.BOTH.,#14082);
#14082 = SURFACE_SIDE_STYLE('',(#14083));
#14083 = SURFACE_STYLE_FILL_AREA(#14084);
#14084 = FILL_AREA_STYLE('',(#14085));
#14085 = FILL_AREA_STYLE_COLOUR('',#13784);
#14086 = STYLED_ITEM('color',(#14087),#11416);
#14087 = PRESENTATION_STYLE_ASSIGNMENT((#14088));
#14088 = SURFACE_STYLE_USAGE(.BOTH.,#14089);
#14089 = SURFACE_SIDE_STYLE('',(#14090));
#14090 = SURFACE_STYLE_FILL_AREA(#14091);
#14091 = FILL_AREA_STYLE('',(#14092));
#14092 = FILL_AREA_STYLE_COLOUR('',#13784);
#14093 = STYLED_ITEM('color',(#14094),#11447);
#14094 = PRESENTATION_STYLE_ASSIGNMENT((#14095));
#14095 = SURFACE_STYLE_USAGE(.BOTH.,#14096);
#14096 = SURFACE_SIDE_STYLE('',(#14097));
#14097 = SURFACE_STYLE_FILL_AREA(#14098);
#14098 = FILL_AREA_STYLE('',(#14099));
#14099 = FILL_AREA_STYLE_COLOUR('',#13784);
#14100 = STYLED_ITEM('color',(#14101),#11464);
#14101 = PRESENTATION_STYLE_ASSIGNMENT((#14102));
#14102 = SURFACE_STYLE_USAGE(.BOTH.,#14103);
#14103 = SURFACE_SIDE_STYLE('',(#14104));
#14104 = SURFACE_STYLE_FILL_AREA(#14105);
#14105 = FILL_AREA_STYLE('',(#14106));
#14106 = FILL_AREA_STYLE_COLOUR('',#13265);
#14107 = STYLED_ITEM('color',(#14108),#11476);
#14108 = PRESENTATION_STYLE_ASSIGNMENT((#14109));
#14109 = SURFACE_STYLE_USAGE(.BOTH.,#14110);
#14110 = SURFACE_SIDE_STYLE('',(#14111));
#14111 = SURFACE_STYLE_FILL_AREA(#14112);
#14112 = FILL_AREA_STYLE('',(#14113));
#14113 = FILL_AREA_STYLE_COLOUR('',#13784);
#14114 = STYLED_ITEM('color',(#14115),#11501);
#14115 = PRESENTATION_STYLE_ASSIGNMENT((#14116));
#14116 = SURFACE_STYLE_USAGE(.BOTH.,#14117);
#14117 = SURFACE_SIDE_STYLE('',(#14118));
#14118 = SURFACE_STYLE_FILL_AREA(#14119);
#14119 = FILL_AREA_STYLE('',(#14120));
#14120 = FILL_AREA_STYLE_COLOUR('',#13784);
#14121 = STYLED_ITEM('color',(#14122),#11526);
#14122 = PRESENTATION_STYLE_ASSIGNMENT((#14123));
#14123 = SURFACE_STYLE_USAGE(.BOTH.,#14124);
#14124 = SURFACE_SIDE_STYLE('',(#14125));
#14125 = SURFACE_STYLE_FILL_AREA(#14126);
#14126 = FILL_AREA_STYLE('',(#14127));
#14127 = FILL_AREA_STYLE_COLOUR('',#13784);
#14128 = STYLED_ITEM('color',(#14129),#11558);
#14129 = PRESENTATION_STYLE_ASSIGNMENT((#14130));
#14130 = SURFACE_STYLE_USAGE(.BOTH.,#14131);
#14131 = SURFACE_SIDE_STYLE('',(#14132));
#14132 = SURFACE_STYLE_FILL_AREA(#14133);
#14133 = FILL_AREA_STYLE('',(#14134));
#14134 = FILL_AREA_STYLE_COLOUR('',#13265);
#14135 = STYLED_ITEM('color',(#14136),#11575);
#14136 = PRESENTATION_STYLE_ASSIGNMENT((#14137));
#14137 = SURFACE_STYLE_USAGE(.BOTH.,#14138);
#14138 = SURFACE_SIDE_STYLE('',(#14139));
#14139 = SURFACE_STYLE_FILL_AREA(#14140);
#14140 = FILL_AREA_STYLE('',(#14141));
#14141 = FILL_AREA_STYLE_COLOUR('',#13784);
#14142 = STYLED_ITEM('color',(#14143),#11592);
#14143 = PRESENTATION_STYLE_ASSIGNMENT((#14144));
#14144 = SURFACE_STYLE_USAGE(.BOTH.,#14145);
#14145 = SURFACE_SIDE_STYLE('',(#14146));
#14146 = SURFACE_STYLE_FILL_AREA(#14147);
#14147 = FILL_AREA_STYLE('',(#14148));
#14148 = FILL_AREA_STYLE_COLOUR('',#13784);
#14149 = STYLED_ITEM('color',(#14150),#11618);
#14150 = PRESENTATION_STYLE_ASSIGNMENT((#14151));
#14151 = SURFACE_STYLE_USAGE(.BOTH.,#14152);
#14152 = SURFACE_SIDE_STYLE('',(#14153));
#14153 = SURFACE_STYLE_FILL_AREA(#14154);
#14154 = FILL_AREA_STYLE('',(#14155));
#14155 = FILL_AREA_STYLE_COLOUR('',#13784);
#14156 = STYLED_ITEM('color',(#14157),#11650);
#14157 = PRESENTATION_STYLE_ASSIGNMENT((#14158));
#14158 = SURFACE_STYLE_USAGE(.BOTH.,#14159);
#14159 = SURFACE_SIDE_STYLE('',(#14160));
#14160 = SURFACE_STYLE_FILL_AREA(#14161);
#14161 = FILL_AREA_STYLE('',(#14162));
#14162 = FILL_AREA_STYLE_COLOUR('',#13784);
#14163 = STYLED_ITEM('color',(#14164),#11681);
#14164 = PRESENTATION_STYLE_ASSIGNMENT((#14165));
#14165 = SURFACE_STYLE_USAGE(.BOTH.,#14166);
#14166 = SURFACE_SIDE_STYLE('',(#14167));
#14167 = SURFACE_STYLE_FILL_AREA(#14168);
#14168 = FILL_AREA_STYLE('',(#14169));
#14169 = FILL_AREA_STYLE_COLOUR('',#13784);
#14170 = STYLED_ITEM('color',(#14171),#11698);
#14171 = PRESENTATION_STYLE_ASSIGNMENT((#14172));
#14172 = SURFACE_STYLE_USAGE(.BOTH.,#14173);
#14173 = SURFACE_SIDE_STYLE('',(#14174));
#14174 = SURFACE_STYLE_FILL_AREA(#14175);
#14175 = FILL_AREA_STYLE('',(#14176));
#14176 = FILL_AREA_STYLE_COLOUR('',#13265);
#14177 = STYLED_ITEM('color',(#14178),#11710);
#14178 = PRESENTATION_STYLE_ASSIGNMENT((#14179));
#14179 = SURFACE_STYLE_USAGE(.BOTH.,#14180);
#14180 = SURFACE_SIDE_STYLE('',(#14181));
#14181 = SURFACE_STYLE_FILL_AREA(#14182);
#14182 = FILL_AREA_STYLE('',(#14183));
#14183 = FILL_AREA_STYLE_COLOUR('',#13784);
#14184 = STYLED_ITEM('color',(#14185),#11735);
#14185 = PRESENTATION_STYLE_ASSIGNMENT((#14186));
#14186 = SURFACE_STYLE_USAGE(.BOTH.,#14187);
#14187 = SURFACE_SIDE_STYLE('',(#14188));
#14188 = SURFACE_STYLE_FILL_AREA(#14189);
#14189 = FILL_AREA_STYLE('',(#14190));
#14190 = FILL_AREA_STYLE_COLOUR('',#13784);
#14191 = STYLED_ITEM('color',(#14192),#11760);
#14192 = PRESENTATION_STYLE_ASSIGNMENT((#14193));
#14193 = SURFACE_STYLE_USAGE(.BOTH.,#14194);
#14194 = SURFACE_SIDE_STYLE('',(#14195));
#14195 = SURFACE_STYLE_FILL_AREA(#14196);
#14196 = FILL_AREA_STYLE('',(#14197));
#14197 = FILL_AREA_STYLE_COLOUR('',#13265);
#14198 = STYLED_ITEM('color',(#14199),#11772);
#14199 = PRESENTATION_STYLE_ASSIGNMENT((#14200));
#14200 = SURFACE_STYLE_USAGE(.BOTH.,#14201);
#14201 = SURFACE_SIDE_STYLE('',(#14202));
#14202 = SURFACE_STYLE_FILL_AREA(#14203);
#14203 = FILL_AREA_STYLE('',(#14204));
#14204 = FILL_AREA_STYLE_COLOUR('',#13265);
#14205 = STYLED_ITEM('color',(#14206),#11784);
#14206 = PRESENTATION_STYLE_ASSIGNMENT((#14207));
#14207 = SURFACE_STYLE_USAGE(.BOTH.,#14208);
#14208 = SURFACE_SIDE_STYLE('',(#14209));
#14209 = SURFACE_STYLE_FILL_AREA(#14210);
#14210 = FILL_AREA_STYLE('',(#14211));
#14211 = FILL_AREA_STYLE_COLOUR('',#13784);
#14212 = STYLED_ITEM('color',(#14213),#11808);
#14213 = PRESENTATION_STYLE_ASSIGNMENT((#14214));
#14214 = SURFACE_STYLE_USAGE(.BOTH.,#14215);
#14215 = SURFACE_SIDE_STYLE('',(#14216));
#14216 = SURFACE_STYLE_FILL_AREA(#14217);
#14217 = FILL_AREA_STYLE('',(#14218));
#14218 = FILL_AREA_STYLE_COLOUR('',#13784);
#14219 = STYLED_ITEM('color',(#14220),#11838);
#14220 = PRESENTATION_STYLE_ASSIGNMENT((#14221));
#14221 = SURFACE_STYLE_USAGE(.BOTH.,#14222);
#14222 = SURFACE_SIDE_STYLE('',(#14223));
#14223 = SURFACE_STYLE_FILL_AREA(#14224);
#14224 = FILL_AREA_STYLE('',(#14225));
#14225 = FILL_AREA_STYLE_COLOUR('',#13784);
#14226 = STYLED_ITEM('color',(#14227),#11855);
#14227 = PRESENTATION_STYLE_ASSIGNMENT((#14228));
#14228 = SURFACE_STYLE_USAGE(.BOTH.,#14229);
#14229 = SURFACE_SIDE_STYLE('',(#14230));
#14230 = SURFACE_STYLE_FILL_AREA(#14231);
#14231 = FILL_AREA_STYLE('',(#14232));
#14232 = FILL_AREA_STYLE_COLOUR('',#13784);
#14233 = STYLED_ITEM('color',(#14234),#11868);
#14234 = PRESENTATION_STYLE_ASSIGNMENT((#14235));
#14235 = SURFACE_STYLE_USAGE(.BOTH.,#14236);
#14236 = SURFACE_SIDE_STYLE('',(#14237));
#14237 = SURFACE_STYLE_FILL_AREA(#14238);
#14238 = FILL_AREA_STYLE('',(#14239));
#14239 = FILL_AREA_STYLE_COLOUR('',#13784);
#14240 = STYLED_ITEM('color',(#14241),#11886);
#14241 = PRESENTATION_STYLE_ASSIGNMENT((#14242));
#14242 = SURFACE_STYLE_USAGE(.BOTH.,#14243);
#14243 = SURFACE_SIDE_STYLE('',(#14244));
#14244 = SURFACE_STYLE_FILL_AREA(#14245);
#14245 = FILL_AREA_STYLE('',(#14246));
#14246 = FILL_AREA_STYLE_COLOUR('',#13784);
#14247 = STYLED_ITEM('color',(#14248),#11898);
#14248 = PRESENTATION_STYLE_ASSIGNMENT((#14249));
#14249 = SURFACE_STYLE_USAGE(.BOTH.,#14250);
#14250 = SURFACE_SIDE_STYLE('',(#14251));
#14251 = SURFACE_STYLE_FILL_AREA(#14252);
#14252 = FILL_AREA_STYLE('',(#14253));
#14253 = FILL_AREA_STYLE_COLOUR('',#13784);
#14254 = STYLED_ITEM('color',(#14255),#11920);
#14255 = PRESENTATION_STYLE_ASSIGNMENT((#14256));
#14256 = SURFACE_STYLE_USAGE(.BOTH.,#14257);
#14257 = SURFACE_SIDE_STYLE('',(#14258));
#14258 = SURFACE_STYLE_FILL_AREA(#14259);
#14259 = FILL_AREA_STYLE('',(#14260));
#14260 = FILL_AREA_STYLE_COLOUR('',#13784);
#14261 = STYLED_ITEM('color',(#14262),#11932);
#14262 = PRESENTATION_STYLE_ASSIGNMENT((#14263));
#14263 = SURFACE_STYLE_USAGE(.BOTH.,#14264);
#14264 = SURFACE_SIDE_STYLE('',(#14265));
#14265 = SURFACE_STYLE_FILL_AREA(#14266);
#14266 = FILL_AREA_STYLE('',(#14267));
#14267 = FILL_AREA_STYLE_COLOUR('',#13784);
#14268 = STYLED_ITEM('color',(#14269),#11949);
#14269 = PRESENTATION_STYLE_ASSIGNMENT((#14270));
#14270 = SURFACE_STYLE_USAGE(.BOTH.,#14271);
#14271 = SURFACE_SIDE_STYLE('',(#14272));
#14272 = SURFACE_STYLE_FILL_AREA(#14273);
#14273 = FILL_AREA_STYLE('',(#14274));
#14274 = FILL_AREA_STYLE_COLOUR('',#13784);
#14275 = STYLED_ITEM('color',(#14276),#11966);
#14276 = PRESENTATION_STYLE_ASSIGNMENT((#14277));
#14277 = SURFACE_STYLE_USAGE(.BOTH.,#14278);
#14278 = SURFACE_SIDE_STYLE('',(#14279));
#14279 = SURFACE_STYLE_FILL_AREA(#14280);
#14280 = FILL_AREA_STYLE('',(#14281));
#14281 = FILL_AREA_STYLE_COLOUR('',#13784);
#14282 = STYLED_ITEM('color',(#14283),#11978);
#14283 = PRESENTATION_STYLE_ASSIGNMENT((#14284));
#14284 = SURFACE_STYLE_USAGE(.BOTH.,#14285);
#14285 = SURFACE_SIDE_STYLE('',(#14286));
#14286 = SURFACE_STYLE_FILL_AREA(#14287);
#14287 = FILL_AREA_STYLE('',(#14288));
#14288 = FILL_AREA_STYLE_COLOUR('',#13784);
#14289 = STYLED_ITEM('color',(#14290),#12000);
#14290 = PRESENTATION_STYLE_ASSIGNMENT((#14291));
#14291 = SURFACE_STYLE_USAGE(.BOTH.,#14292);
#14292 = SURFACE_SIDE_STYLE('',(#14293));
#14293 = SURFACE_STYLE_FILL_AREA(#14294);
#14294 = FILL_AREA_STYLE('',(#14295));
#14295 = FILL_AREA_STYLE_COLOUR('',#13784);
#14296 = STYLED_ITEM('color',(#14297),#12012);
#14297 = PRESENTATION_STYLE_ASSIGNMENT((#14298));
#14298 = SURFACE_STYLE_USAGE(.BOTH.,#14299);
#14299 = SURFACE_SIDE_STYLE('',(#14300));
#14300 = SURFACE_STYLE_FILL_AREA(#14301);
#14301 = FILL_AREA_STYLE('',(#14302));
#14302 = FILL_AREA_STYLE_COLOUR('',#13784);
#14303 = STYLED_ITEM('color',(#14304),#12029);
#14304 = PRESENTATION_STYLE_ASSIGNMENT((#14305));
#14305 = SURFACE_STYLE_USAGE(.BOTH.,#14306);
#14306 = SURFACE_SIDE_STYLE('',(#14307));
#14307 = SURFACE_STYLE_FILL_AREA(#14308);
#14308 = FILL_AREA_STYLE('',(#14309));
#14309 = FILL_AREA_STYLE_COLOUR('',#13784);
#14310 = STYLED_ITEM('color',(#14311),#12046);
#14311 = PRESENTATION_STYLE_ASSIGNMENT((#14312));
#14312 = SURFACE_STYLE_USAGE(.BOTH.,#14313);
#14313 = SURFACE_SIDE_STYLE('',(#14314));
#14314 = SURFACE_STYLE_FILL_AREA(#14315);
#14315 = FILL_AREA_STYLE('',(#14316));
#14316 = FILL_AREA_STYLE_COLOUR('',#13784);
#14317 = STYLED_ITEM('color',(#14318),#12058);
#14318 = PRESENTATION_STYLE_ASSIGNMENT((#14319));
#14319 = SURFACE_STYLE_USAGE(.BOTH.,#14320);
#14320 = SURFACE_SIDE_STYLE('',(#14321));
#14321 = SURFACE_STYLE_FILL_AREA(#14322);
#14322 = FILL_AREA_STYLE('',(#14323));
#14323 = FILL_AREA_STYLE_COLOUR('',#13784);
#14324 = STYLED_ITEM('color',(#14325),#12080);
#14325 = PRESENTATION_STYLE_ASSIGNMENT((#14326));
#14326 = SURFACE_STYLE_USAGE(.BOTH.,#14327);
#14327 = SURFACE_SIDE_STYLE('',(#14328));
#14328 = SURFACE_STYLE_FILL_AREA(#14329);
#14329 = FILL_AREA_STYLE('',(#14330));
#14330 = FILL_AREA_STYLE_COLOUR('',#13784);
#14331 = STYLED_ITEM('color',(#14332),#12092);
#14332 = PRESENTATION_STYLE_ASSIGNMENT((#14333));
#14333 = SURFACE_STYLE_USAGE(.BOTH.,#14334);
#14334 = SURFACE_SIDE_STYLE('',(#14335));
#14335 = SURFACE_STYLE_FILL_AREA(#14336);
#14336 = FILL_AREA_STYLE('',(#14337));
#14337 = FILL_AREA_STYLE_COLOUR('',#13784);
#14338 = STYLED_ITEM('color',(#14339),#12109);
#14339 = PRESENTATION_STYLE_ASSIGNMENT((#14340));
#14340 = SURFACE_STYLE_USAGE(.BOTH.,#14341);
#14341 = SURFACE_SIDE_STYLE('',(#14342));
#14342 = SURFACE_STYLE_FILL_AREA(#14343);
#14343 = FILL_AREA_STYLE('',(#14344));
#14344 = FILL_AREA_STYLE_COLOUR('',#13784);
#14345 = STYLED_ITEM('color',(#14346),#12126);
#14346 = PRESENTATION_STYLE_ASSIGNMENT((#14347));
#14347 = SURFACE_STYLE_USAGE(.BOTH.,#14348);
#14348 = SURFACE_SIDE_STYLE('',(#14349));
#14349 = SURFACE_STYLE_FILL_AREA(#14350);
#14350 = FILL_AREA_STYLE('',(#14351));
#14351 = FILL_AREA_STYLE_COLOUR('',#13784);
#14352 = STYLED_ITEM('color',(#14353),#12138);
#14353 = PRESENTATION_STYLE_ASSIGNMENT((#14354));
#14354 = SURFACE_STYLE_USAGE(.BOTH.,#14355);
#14355 = SURFACE_SIDE_STYLE('',(#14356));
#14356 = SURFACE_STYLE_FILL_AREA(#14357);
#14357 = FILL_AREA_STYLE('',(#14358));
#14358 = FILL_AREA_STYLE_COLOUR('',#13784);
#14359 = STYLED_ITEM('color',(#14360),#12160);
#14360 = PRESENTATION_STYLE_ASSIGNMENT((#14361));
#14361 = SURFACE_STYLE_USAGE(.BOTH.,#14362);
#14362 = SURFACE_SIDE_STYLE('',(#14363));
#14363 = SURFACE_STYLE_FILL_AREA(#14364);
#14364 = FILL_AREA_STYLE('',(#14365));
#14365 = FILL_AREA_STYLE_COLOUR('',#13784);
#14366 = STYLED_ITEM('color',(#14367),#12172);
#14367 = PRESENTATION_STYLE_ASSIGNMENT((#14368));
#14368 = SURFACE_STYLE_USAGE(.BOTH.,#14369);
#14369 = SURFACE_SIDE_STYLE('',(#14370));
#14370 = SURFACE_STYLE_FILL_AREA(#14371);
#14371 = FILL_AREA_STYLE('',(#14372));
#14372 = FILL_AREA_STYLE_COLOUR('',#13784);
#14373 = STYLED_ITEM('color',(#14374),#12189);
#14374 = PRESENTATION_STYLE_ASSIGNMENT((#14375));
#14375 = SURFACE_STYLE_USAGE(.BOTH.,#14376);
#14376 = SURFACE_SIDE_STYLE('',(#14377));
#14377 = SURFACE_STYLE_FILL_AREA(#14378);
#14378 = FILL_AREA_STYLE('',(#14379));
#14379 = FILL_AREA_STYLE_COLOUR('',#13784);
#14380 = STYLED_ITEM('color',(#14381),#12206);
#14381 = PRESENTATION_STYLE_ASSIGNMENT((#14382));
#14382 = SURFACE_STYLE_USAGE(.BOTH.,#14383);
#14383 = SURFACE_SIDE_STYLE('',(#14384));
#14384 = SURFACE_STYLE_FILL_AREA(#14385);
#14385 = FILL_AREA_STYLE('',(#14386));
#14386 = FILL_AREA_STYLE_COLOUR('',#13784);
#14387 = STYLED_ITEM('color',(#14388),#12218);
#14388 = PRESENTATION_STYLE_ASSIGNMENT((#14389));
#14389 = SURFACE_STYLE_USAGE(.BOTH.,#14390);
#14390 = SURFACE_SIDE_STYLE('',(#14391));
#14391 = SURFACE_STYLE_FILL_AREA(#14392);
#14392 = FILL_AREA_STYLE('',(#14393));
#14393 = FILL_AREA_STYLE_COLOUR('',#13784);
#14394 = STYLED_ITEM('color',(#14395),#12235);
#14395 = PRESENTATION_STYLE_ASSIGNMENT((#14396));
#14396 = SURFACE_STYLE_USAGE(.BOTH.,#14397);
#14397 = SURFACE_SIDE_STYLE('',(#14398));
#14398 = SURFACE_STYLE_FILL_AREA(#14399);
#14399 = FILL_AREA_STYLE('',(#14400));
#14400 = FILL_AREA_STYLE_COLOUR('',#13784);
#14401 = STYLED_ITEM('color',(#14402),#12252);
#14402 = PRESENTATION_STYLE_ASSIGNMENT((#14403));
#14403 = SURFACE_STYLE_USAGE(.BOTH.,#14404);
#14404 = SURFACE_SIDE_STYLE('',(#14405));
#14405 = SURFACE_STYLE_FILL_AREA(#14406);
#14406 = FILL_AREA_STYLE('',(#14407));
#14407 = FILL_AREA_STYLE_COLOUR('',#13784);
#14408 = STYLED_ITEM('color',(#14409),#12269);
#14409 = PRESENTATION_STYLE_ASSIGNMENT((#14410));
#14410 = SURFACE_STYLE_USAGE(.BOTH.,#14411);
#14411 = SURFACE_SIDE_STYLE('',(#14412));
#14412 = SURFACE_STYLE_FILL_AREA(#14413);
#14413 = FILL_AREA_STYLE('',(#14414));
#14414 = FILL_AREA_STYLE_COLOUR('',#13784);
#14415 = STYLED_ITEM('color',(#14416),#12286);
#14416 = PRESENTATION_STYLE_ASSIGNMENT((#14417));
#14417 = SURFACE_STYLE_USAGE(.BOTH.,#14418);
#14418 = SURFACE_SIDE_STYLE('',(#14419));
#14419 = SURFACE_STYLE_FILL_AREA(#14420);
#14420 = FILL_AREA_STYLE('',(#14421));
#14421 = FILL_AREA_STYLE_COLOUR('',#13784);
#14422 = STYLED_ITEM('color',(#14423),#12317);
#14423 = PRESENTATION_STYLE_ASSIGNMENT((#14424));
#14424 = SURFACE_STYLE_USAGE(.BOTH.,#14425);
#14425 = SURFACE_SIDE_STYLE('',(#14426));
#14426 = SURFACE_STYLE_FILL_AREA(#14427);
#14427 = FILL_AREA_STYLE('',(#14428));
#14428 = FILL_AREA_STYLE_COLOUR('',#13784);
#14429 = STYLED_ITEM('color',(#14430),#12349);
#14430 = PRESENTATION_STYLE_ASSIGNMENT((#14431));
#14431 = SURFACE_STYLE_USAGE(.BOTH.,#14432);
#14432 = SURFACE_SIDE_STYLE('',(#14433));
#14433 = SURFACE_STYLE_FILL_AREA(#14434);
#14434 = FILL_AREA_STYLE('',(#14435));
#14435 = FILL_AREA_STYLE_COLOUR('',#13784);
#14436 = STYLED_ITEM('color',(#14437),#12373);
#14437 = PRESENTATION_STYLE_ASSIGNMENT((#14438));
#14438 = SURFACE_STYLE_USAGE(.BOTH.,#14439);
#14439 = SURFACE_SIDE_STYLE('',(#14440));
#14440 = SURFACE_STYLE_FILL_AREA(#14441);
#14441 = FILL_AREA_STYLE('',(#14442));
#14442 = FILL_AREA_STYLE_COLOUR('',#13784);
#14443 = STYLED_ITEM('color',(#14444),#12398);
#14444 = PRESENTATION_STYLE_ASSIGNMENT((#14445));
#14445 = SURFACE_STYLE_USAGE(.BOTH.,#14446);
#14446 = SURFACE_SIDE_STYLE('',(#14447));
#14447 = SURFACE_STYLE_FILL_AREA(#14448);
#14448 = FILL_AREA_STYLE('',(#14449));
#14449 = FILL_AREA_STYLE_COLOUR('',#13784);
#14450 = STYLED_ITEM('color',(#14451),#12429);
#14451 = PRESENTATION_STYLE_ASSIGNMENT((#14452));
#14452 = SURFACE_STYLE_USAGE(.BOTH.,#14453);
#14453 = SURFACE_SIDE_STYLE('',(#14454));
#14454 = SURFACE_STYLE_FILL_AREA(#14455);
#14455 = FILL_AREA_STYLE('',(#14456));
#14456 = FILL_AREA_STYLE_COLOUR('',#13784);
#14457 = STYLED_ITEM('color',(#14458),#12461);
#14458 = PRESENTATION_STYLE_ASSIGNMENT((#14459));
#14459 = SURFACE_STYLE_USAGE(.BOTH.,#14460);
#14460 = SURFACE_SIDE_STYLE('',(#14461));
#14461 = SURFACE_STYLE_FILL_AREA(#14462);
#14462 = FILL_AREA_STYLE('',(#14463));
#14463 = FILL_AREA_STYLE_COLOUR('',#13784);
#14464 = STYLED_ITEM('color',(#14465),#12485);
#14465 = PRESENTATION_STYLE_ASSIGNMENT((#14466));
#14466 = SURFACE_STYLE_USAGE(.BOTH.,#14467);
#14467 = SURFACE_SIDE_STYLE('',(#14468));
#14468 = SURFACE_STYLE_FILL_AREA(#14469);
#14469 = FILL_AREA_STYLE('',(#14470));
#14470 = FILL_AREA_STYLE_COLOUR('',#13784);
#14471 = STYLED_ITEM('color',(#14472),#12510);
#14472 = PRESENTATION_STYLE_ASSIGNMENT((#14473));
#14473 = SURFACE_STYLE_USAGE(.BOTH.,#14474);
#14474 = SURFACE_SIDE_STYLE('',(#14475));
#14475 = SURFACE_STYLE_FILL_AREA(#14476);
#14476 = FILL_AREA_STYLE('',(#14477));
#14477 = FILL_AREA_STYLE_COLOUR('',#13784);
#14478 = STYLED_ITEM('color',(#14479),#12541);
#14479 = PRESENTATION_STYLE_ASSIGNMENT((#14480));
#14480 = SURFACE_STYLE_USAGE(.BOTH.,#14481);
#14481 = SURFACE_SIDE_STYLE('',(#14482));
#14482 = SURFACE_STYLE_FILL_AREA(#14483);
#14483 = FILL_AREA_STYLE('',(#14484));
#14484 = FILL_AREA_STYLE_COLOUR('',#13784);
#14485 = STYLED_ITEM('color',(#14486),#12573);
#14486 = PRESENTATION_STYLE_ASSIGNMENT((#14487));
#14487 = SURFACE_STYLE_USAGE(.BOTH.,#14488);
#14488 = SURFACE_SIDE_STYLE('',(#14489));
#14489 = SURFACE_STYLE_FILL_AREA(#14490);
#14490 = FILL_AREA_STYLE('',(#14491));
#14491 = FILL_AREA_STYLE_COLOUR('',#13784);
#14492 = STYLED_ITEM('color',(#14493),#12597);
#14493 = PRESENTATION_STYLE_ASSIGNMENT((#14494));
#14494 = SURFACE_STYLE_USAGE(.BOTH.,#14495);
#14495 = SURFACE_SIDE_STYLE('',(#14496));
#14496 = SURFACE_STYLE_FILL_AREA(#14497);
#14497 = FILL_AREA_STYLE('',(#14498));
#14498 = FILL_AREA_STYLE_COLOUR('',#13784);
#14499 = STYLED_ITEM('color',(#14500),#12622);
#14500 = PRESENTATION_STYLE_ASSIGNMENT((#14501));
#14501 = SURFACE_STYLE_USAGE(.BOTH.,#14502);
#14502 = SURFACE_SIDE_STYLE('',(#14503));
#14503 = SURFACE_STYLE_FILL_AREA(#14504);
#14504 = FILL_AREA_STYLE('',(#14505));
#14505 = FILL_AREA_STYLE_COLOUR('',#13784);
#14506 = STYLED_ITEM('color',(#14507),#12661);
#14507 = PRESENTATION_STYLE_ASSIGNMENT((#14508));
#14508 = SURFACE_STYLE_USAGE(.BOTH.,#14509);
#14509 = SURFACE_SIDE_STYLE('',(#14510));
#14510 = SURFACE_STYLE_FILL_AREA(#14511);
#14511 = FILL_AREA_STYLE('',(#14512));
#14512 = FILL_AREA_STYLE_COLOUR('',#13784);
#14513 = STYLED_ITEM('color',(#14514),#12685);
#14514 = PRESENTATION_STYLE_ASSIGNMENT((#14515));
#14515 = SURFACE_STYLE_USAGE(.BOTH.,#14516);
#14516 = SURFACE_SIDE_STYLE('',(#14517));
#14517 = SURFACE_STYLE_FILL_AREA(#14518);
#14518 = FILL_AREA_STYLE('',(#14519));
#14519 = FILL_AREA_STYLE_COLOUR('',#13784);
#14520 = STYLED_ITEM('color',(#14521),#12717);
#14521 = PRESENTATION_STYLE_ASSIGNMENT((#14522));
#14522 = SURFACE_STYLE_USAGE(.BOTH.,#14523);
#14523 = SURFACE_SIDE_STYLE('',(#14524));
#14524 = SURFACE_STYLE_FILL_AREA(#14525);
#14525 = FILL_AREA_STYLE('',(#14526));
#14526 = FILL_AREA_STYLE_COLOUR('',#13784);
#14527 = STYLED_ITEM('color',(#14528),#12734);
#14528 = PRESENTATION_STYLE_ASSIGNMENT((#14529));
#14529 = SURFACE_STYLE_USAGE(.BOTH.,#14530);
#14530 = SURFACE_SIDE_STYLE('',(#14531));
#14531 = SURFACE_STYLE_FILL_AREA(#14532);
#14532 = FILL_AREA_STYLE('',(#14533));
#14533 = FILL_AREA_STYLE_COLOUR('',#13784);
#14534 = STYLED_ITEM('color',(#14535),#12746);
#14535 = PRESENTATION_STYLE_ASSIGNMENT((#14536));
#14536 = SURFACE_STYLE_USAGE(.BOTH.,#14537);
#14537 = SURFACE_SIDE_STYLE('',(#14538));
#14538 = SURFACE_STYLE_FILL_AREA(#14539);
#14539 = FILL_AREA_STYLE('',(#14540));
#14540 = FILL_AREA_STYLE_COLOUR('',#13784);
#14541 = STYLED_ITEM('color',(#14542),#12758);
#14542 = PRESENTATION_STYLE_ASSIGNMENT((#14543));
#14543 = SURFACE_STYLE_USAGE(.BOTH.,#14544);
#14544 = SURFACE_SIDE_STYLE('',(#14545));
#14545 = SURFACE_STYLE_FILL_AREA(#14546);
#14546 = FILL_AREA_STYLE('',(#14547));
#14547 = FILL_AREA_STYLE_COLOUR('',#13784);
#14548 = STYLED_ITEM('color',(#14549),#12770);
#14549 = PRESENTATION_STYLE_ASSIGNMENT((#14550));
#14550 = SURFACE_STYLE_USAGE(.BOTH.,#14551);
#14551 = SURFACE_SIDE_STYLE('',(#14552));
#14552 = SURFACE_STYLE_FILL_AREA(#14553);
#14553 = FILL_AREA_STYLE('',(#14554));
#14554 = FILL_AREA_STYLE_COLOUR('',#13784);
#14555 = STYLED_ITEM('color',(#14556),#12782);
#14556 = PRESENTATION_STYLE_ASSIGNMENT((#14557));
#14557 = SURFACE_STYLE_USAGE(.BOTH.,#14558);
#14558 = SURFACE_SIDE_STYLE('',(#14559));
#14559 = SURFACE_STYLE_FILL_AREA(#14560);
#14560 = FILL_AREA_STYLE('',(#14561));
#14561 = FILL_AREA_STYLE_COLOUR('',#13784);
#14562 = STYLED_ITEM('color',(#14563),#12799);
#14563 = PRESENTATION_STYLE_ASSIGNMENT((#14564));
#14564 = SURFACE_STYLE_USAGE(.BOTH.,#14565);
#14565 = SURFACE_SIDE_STYLE('',(#14566));
#14566 = SURFACE_STYLE_FILL_AREA(#14567);
#14567 = FILL_AREA_STYLE('',(#14568));
#14568 = FILL_AREA_STYLE_COLOUR('',#13784);
#14569 = STYLED_ITEM('color',(#14570),#12811);
#14570 = PRESENTATION_STYLE_ASSIGNMENT((#14571));
#14571 = SURFACE_STYLE_USAGE(.BOTH.,#14572);
#14572 = SURFACE_SIDE_STYLE('',(#14573));
#14573 = SURFACE_STYLE_FILL_AREA(#14574);
#14574 = FILL_AREA_STYLE('',(#14575));
#14575 = FILL_AREA_STYLE_COLOUR('',#13784);
#14576 = STYLED_ITEM('color',(#14577),#12828);
#14577 = PRESENTATION_STYLE_ASSIGNMENT((#14578));
#14578 = SURFACE_STYLE_USAGE(.BOTH.,#14579);
#14579 = SURFACE_SIDE_STYLE('',(#14580));
#14580 = SURFACE_STYLE_FILL_AREA(#14581);
#14581 = FILL_AREA_STYLE('',(#14582));
#14582 = FILL_AREA_STYLE_COLOUR('',#13784);
#14583 = STYLED_ITEM('color',(#14584),#12840);
#14584 = PRESENTATION_STYLE_ASSIGNMENT((#14585));
#14585 = SURFACE_STYLE_USAGE(.BOTH.,#14586);
#14586 = SURFACE_SIDE_STYLE('',(#14587));
#14587 = SURFACE_STYLE_FILL_AREA(#14588);
#14588 = FILL_AREA_STYLE('',(#14589));
#14589 = FILL_AREA_STYLE_COLOUR('',#13784);
#14590 = STYLED_ITEM('color',(#14591),#12857);
#14591 = PRESENTATION_STYLE_ASSIGNMENT((#14592));
#14592 = SURFACE_STYLE_USAGE(.BOTH.,#14593);
#14593 = SURFACE_SIDE_STYLE('',(#14594));
#14594 = SURFACE_STYLE_FILL_AREA(#14595);
#14595 = FILL_AREA_STYLE('',(#14596));
#14596 = FILL_AREA_STYLE_COLOUR('',#13784);
#14597 = STYLED_ITEM('color',(#14598),#12869);
#14598 = PRESENTATION_STYLE_ASSIGNMENT((#14599));
#14599 = SURFACE_STYLE_USAGE(.BOTH.,#14600);
#14600 = SURFACE_SIDE_STYLE('',(#14601));
#14601 = SURFACE_STYLE_FILL_AREA(#14602);
#14602 = FILL_AREA_STYLE('',(#14603));
#14603 = FILL_AREA_STYLE_COLOUR('',#13784);
#14604 = STYLED_ITEM('color',(#14605),#12886);
#14605 = PRESENTATION_STYLE_ASSIGNMENT((#14606));
#14606 = SURFACE_STYLE_USAGE(.BOTH.,#14607);
#14607 = SURFACE_SIDE_STYLE('',(#14608));
#14608 = SURFACE_STYLE_FILL_AREA(#14609);
#14609 = FILL_AREA_STYLE('',(#14610));
#14610 = FILL_AREA_STYLE_COLOUR('',#13784);
#14611 = MECHANICAL_DESIGN_GEOMETRIC_PRESENTATION_REPRESENTATION('',(
    #14612,#14620,#14628,#14635,#14642,#14649),#1758);
#14612 = STYLED_ITEM('color',(#14613),#1532);
#14613 = PRESENTATION_STYLE_ASSIGNMENT((#14614));
#14614 = SURFACE_STYLE_USAGE(.BOTH.,#14615);
#14615 = SURFACE_SIDE_STYLE('',(#14616));
#14616 = SURFACE_STYLE_FILL_AREA(#14617);
#14617 = FILL_AREA_STYLE('',(#14618));
#14618 = FILL_AREA_STYLE_COLOUR('',#14619);
#14619 = COLOUR_RGB('',0.423529408994,0.768627468855,0.854901964685);
#14620 = OVER_RIDING_STYLED_ITEM('overriding color',(#14621),#1574,
  #14612);
#14621 = PRESENTATION_STYLE_ASSIGNMENT((#14622));
#14622 = SURFACE_STYLE_USAGE(.BOTH.,#14623);
#14623 = SURFACE_SIDE_STYLE('',(#14624));
#14624 = SURFACE_STYLE_FILL_AREA(#14625);
#14625 = FILL_AREA_STYLE('',(#14626));
#14626 = FILL_AREA_STYLE_COLOUR('',#14627);
#14627 = COLOUR_RGB('',0.964705886078,0.964705886078,0.952941189437);
#14628 = OVER_RIDING_STYLED_ITEM('overriding color',(#14629),#1605,
  #14612);
#14629 = PRESENTATION_STYLE_ASSIGNMENT((#14630));
#14630 = SURFACE_STYLE_USAGE(.BOTH.,#14631);
#14631 = SURFACE_SIDE_STYLE('',(#14632));
#14632 = SURFACE_STYLE_FILL_AREA(#14633);
#14633 = FILL_AREA_STYLE('',(#14634));
#14634 = FILL_AREA_STYLE_COLOUR('',#14627);
#14635 = OVER_RIDING_STYLED_ITEM('overriding color',(#14636),#1629,
  #14612);
#14636 = PRESENTATION_STYLE_ASSIGNMENT((#14637));
#14637 = SURFACE_STYLE_USAGE(.BOTH.,#14638);
#14638 = SURFACE_SIDE_STYLE('',(#14639));
#14639 = SURFACE_STYLE_FILL_AREA(#14640);
#14640 = FILL_AREA_STYLE('',(#14641));
#14641 = FILL_AREA_STYLE_COLOUR('',#14627);
#14642 = OVER_RIDING_STYLED_ITEM('overriding color',(#14643),#1653,
  #14612);
#14643 = PRESENTATION_STYLE_ASSIGNMENT((#14644));
#14644 = SURFACE_STYLE_USAGE(.BOTH.,#14645);
#14645 = SURFACE_SIDE_STYLE('',(#14646));
#14646 = SURFACE_STYLE_FILL_AREA(#14647);
#14647 = FILL_AREA_STYLE('',(#14648));
#14648 = FILL_AREA_STYLE_COLOUR('',#14627);
#14649 = OVER_RIDING_STYLED_ITEM('overriding color',(#14650),#1670,
  #14612);
#14650 = PRESENTATION_STYLE_ASSIGNMENT((#14651));
#14651 = SURFACE_STYLE_USAGE(.BOTH.,#14652);
#14652 = SURFACE_SIDE_STYLE('',(#14653));
#14653 = SURFACE_STYLE_FILL_AREA(#14654);
#14654 = FILL_AREA_STYLE('',(#14655));
#14655 = FILL_AREA_STYLE_COLOUR('',#14627);
#14656 = MECHANICAL_DESIGN_GEOMETRIC_PRESENTATION_REPRESENTATION('',(
    #14657,#14665,#14672,#14679,#14686,#14693,#14700,#14707,#14715,
    #14722,#14729,#14736,#14743,#14750,#14758,#14765,#14772,#14779,
    #14786,#14793,#14800,#14807,#14814,#14821,#14828,#14835),#2630);
#14657 = STYLED_ITEM('color',(#14658),#1842);
#14658 = PRESENTATION_STYLE_ASSIGNMENT((#14659));
#14659 = SURFACE_STYLE_USAGE(.BOTH.,#14660);
#14660 = SURFACE_SIDE_STYLE('',(#14661));
#14661 = SURFACE_STYLE_FILL_AREA(#14662);
#14662 = FILL_AREA_STYLE('',(#14663));
#14663 = FILL_AREA_STYLE_COLOUR('',#14664);
#14664 = COLOUR_RGB('',0.823999987314,0.819999987296,0.781000009244);
#14665 = STYLED_ITEM('color',(#14666),#1882);
#14666 = PRESENTATION_STYLE_ASSIGNMENT((#14667));
#14667 = SURFACE_STYLE_USAGE(.BOTH.,#14668);
#14668 = SURFACE_SIDE_STYLE('',(#14669));
#14669 = SURFACE_STYLE_FILL_AREA(#14670);
#14670 = FILL_AREA_STYLE('',(#14671));
#14671 = FILL_AREA_STYLE_COLOUR('',#14664);
#14672 = STYLED_ITEM('color',(#14673),#1965);
#14673 = PRESENTATION_STYLE_ASSIGNMENT((#14674));
#14674 = SURFACE_STYLE_USAGE(.BOTH.,#14675);
#14675 = SURFACE_SIDE_STYLE('',(#14676));
#14676 = SURFACE_STYLE_FILL_AREA(#14677);
#14677 = FILL_AREA_STYLE('',(#14678));
#14678 = FILL_AREA_STYLE_COLOUR('',#14664);
#14679 = STYLED_ITEM('color',(#14680),#1990);
#14680 = PRESENTATION_STYLE_ASSIGNMENT((#14681));
#14681 = SURFACE_STYLE_USAGE(.BOTH.,#14682);
#14682 = SURFACE_SIDE_STYLE('',(#14683));
#14683 = SURFACE_STYLE_FILL_AREA(#14684);
#14684 = FILL_AREA_STYLE('',(#14685));
#14685 = FILL_AREA_STYLE_COLOUR('',#14664);
#14686 = STYLED_ITEM('color',(#14687),#2015);
#14687 = PRESENTATION_STYLE_ASSIGNMENT((#14688));
#14688 = SURFACE_STYLE_USAGE(.BOTH.,#14689);
#14689 = SURFACE_SIDE_STYLE('',(#14690));
#14690 = SURFACE_STYLE_FILL_AREA(#14691);
#14691 = FILL_AREA_STYLE('',(#14692));
#14692 = FILL_AREA_STYLE_COLOUR('',#14664);
#14693 = STYLED_ITEM('color',(#14694),#2082);
#14694 = PRESENTATION_STYLE_ASSIGNMENT((#14695));
#14695 = SURFACE_STYLE_USAGE(.BOTH.,#14696);
#14696 = SURFACE_SIDE_STYLE('',(#14697));
#14697 = SURFACE_STYLE_FILL_AREA(#14698);
#14698 = FILL_AREA_STYLE('',(#14699));
#14699 = FILL_AREA_STYLE_COLOUR('',#14664);
#14700 = STYLED_ITEM('color',(#14701),#2099);
#14701 = PRESENTATION_STYLE_ASSIGNMENT((#14702));
#14702 = SURFACE_STYLE_USAGE(.BOTH.,#14703);
#14703 = SURFACE_SIDE_STYLE('',(#14704));
#14704 = SURFACE_STYLE_FILL_AREA(#14705);
#14705 = FILL_AREA_STYLE('',(#14706));
#14706 = FILL_AREA_STYLE_COLOUR('',#14664);
#14707 = STYLED_ITEM('color',(#14708),#2116);
#14708 = PRESENTATION_STYLE_ASSIGNMENT((#14709));
#14709 = SURFACE_STYLE_USAGE(.BOTH.,#14710);
#14710 = SURFACE_SIDE_STYLE('',(#14711));
#14711 = SURFACE_STYLE_FILL_AREA(#14712);
#14712 = FILL_AREA_STYLE('',(#14713));
#14713 = FILL_AREA_STYLE_COLOUR('',#14714);
#14714 = COLOUR_RGB('',0.894999966383,0.890999961016,0.813000030345);
#14715 = STYLED_ITEM('color',(#14716),#2165);
#14716 = PRESENTATION_STYLE_ASSIGNMENT((#14717));
#14717 = SURFACE_STYLE_USAGE(.BOTH.,#14718);
#14718 = SURFACE_SIDE_STYLE('',(#14719));
#14719 = SURFACE_STYLE_FILL_AREA(#14720);
#14720 = FILL_AREA_STYLE('',(#14721));
#14721 = FILL_AREA_STYLE_COLOUR('',#14664);
#14722 = STYLED_ITEM('color',(#14723),#2182);
#14723 = PRESENTATION_STYLE_ASSIGNMENT((#14724));
#14724 = SURFACE_STYLE_USAGE(.BOTH.,#14725);
#14725 = SURFACE_SIDE_STYLE('',(#14726));
#14726 = SURFACE_STYLE_FILL_AREA(#14727);
#14727 = FILL_AREA_STYLE('',(#14728));
#14728 = FILL_AREA_STYLE_COLOUR('',#14664);
#14729 = STYLED_ITEM('color',(#14730),#2199);
#14730 = PRESENTATION_STYLE_ASSIGNMENT((#14731));
#14731 = SURFACE_STYLE_USAGE(.BOTH.,#14732);
#14732 = SURFACE_SIDE_STYLE('',(#14733));
#14733 = SURFACE_STYLE_FILL_AREA(#14734);
#14734 = FILL_AREA_STYLE('',(#14735));
#14735 = FILL_AREA_STYLE_COLOUR('',#14714);
#14736 = STYLED_ITEM('color',(#14737),#2248);
#14737 = PRESENTATION_STYLE_ASSIGNMENT((#14738));
#14738 = SURFACE_STYLE_USAGE(.BOTH.,#14739);
#14739 = SURFACE_SIDE_STYLE('',(#14740));
#14740 = SURFACE_STYLE_FILL_AREA(#14741);
#14741 = FILL_AREA_STYLE('',(#14742));
#14742 = FILL_AREA_STYLE_COLOUR('',#14714);
#14743 = STYLED_ITEM('color',(#14744),#2265);
#14744 = PRESENTATION_STYLE_ASSIGNMENT((#14745));
#14745 = SURFACE_STYLE_USAGE(.BOTH.,#14746);
#14746 = SURFACE_SIDE_STYLE('',(#14747));
#14747 = SURFACE_STYLE_FILL_AREA(#14748);
#14748 = FILL_AREA_STYLE('',(#14749));
#14749 = FILL_AREA_STYLE_COLOUR('',#14664);
#14750 = STYLED_ITEM('color',(#14751),#2334);
#14751 = PRESENTATION_STYLE_ASSIGNMENT((#14752));
#14752 = SURFACE_STYLE_USAGE(.BOTH.,#14753);
#14753 = SURFACE_SIDE_STYLE('',(#14754));
#14754 = SURFACE_STYLE_FILL_AREA(#14755);
#14755 = FILL_AREA_STYLE('',(#14756));
#14756 = FILL_AREA_STYLE_COLOUR('',#14757);
#14757 = COLOUR_RGB('',8.200000279077E-02,8.600000121357E-02,
  9.399999706163E-02);
#14758 = STYLED_ITEM('color',(#14759),#2365);
#14759 = PRESENTATION_STYLE_ASSIGNMENT((#14760));
#14760 = SURFACE_STYLE_USAGE(.BOTH.,#14761);
#14761 = SURFACE_SIDE_STYLE('',(#14762));
#14762 = SURFACE_STYLE_FILL_AREA(#14763);
#14763 = FILL_AREA_STYLE('',(#14764));
#14764 = FILL_AREA_STYLE_COLOUR('',#14757);
#14765 = STYLED_ITEM('color',(#14766),#2389);
#14766 = PRESENTATION_STYLE_ASSIGNMENT((#14767));
#14767 = SURFACE_STYLE_USAGE(.BOTH.,#14768);
#14768 = SURFACE_SIDE_STYLE('',(#14769));
#14769 = SURFACE_STYLE_FILL_AREA(#14770);
#14770 = FILL_AREA_STYLE('',(#14771));
#14771 = FILL_AREA_STYLE_COLOUR('',#14664);
#14772 = STYLED_ITEM('color',(#14773),#2458);
#14773 = PRESENTATION_STYLE_ASSIGNMENT((#14774));
#14774 = SURFACE_STYLE_USAGE(.BOTH.,#14775);
#14775 = SURFACE_SIDE_STYLE('',(#14776));
#14776 = SURFACE_STYLE_FILL_AREA(#14777);
#14777 = FILL_AREA_STYLE('',(#14778));
#14778 = FILL_AREA_STYLE_COLOUR('',#14757);
#14779 = STYLED_ITEM('color',(#14780),#2482);
#14780 = PRESENTATION_STYLE_ASSIGNMENT((#14781));
#14781 = SURFACE_STYLE_USAGE(.BOTH.,#14782);
#14782 = SURFACE_SIDE_STYLE('',(#14783));
#14783 = SURFACE_STYLE_FILL_AREA(#14784);
#14784 = FILL_AREA_STYLE('',(#14785));
#14785 = FILL_AREA_STYLE_COLOUR('',#14664);
#14786 = STYLED_ITEM('color',(#14787),#2499);
#14787 = PRESENTATION_STYLE_ASSIGNMENT((#14788));
#14788 = SURFACE_STYLE_USAGE(.BOTH.,#14789);
#14789 = SURFACE_SIDE_STYLE('',(#14790));
#14790 = SURFACE_STYLE_FILL_AREA(#14791);
#14791 = FILL_AREA_STYLE('',(#14792));
#14792 = FILL_AREA_STYLE_COLOUR('',#14664);
#14793 = STYLED_ITEM('color',(#14794),#2516);
#14794 = PRESENTATION_STYLE_ASSIGNMENT((#14795));
#14795 = SURFACE_STYLE_USAGE(.BOTH.,#14796);
#14796 = SURFACE_SIDE_STYLE('',(#14797));
#14797 = SURFACE_STYLE_FILL_AREA(#14798);
#14798 = FILL_AREA_STYLE('',(#14799));
#14799 = FILL_AREA_STYLE_COLOUR('',#14664);
#14800 = STYLED_ITEM('color',(#14801),#2533);
#14801 = PRESENTATION_STYLE_ASSIGNMENT((#14802));
#14802 = SURFACE_STYLE_USAGE(.BOTH.,#14803);
#14803 = SURFACE_SIDE_STYLE('',(#14804));
#14804 = SURFACE_STYLE_FILL_AREA(#14805);
#14805 = FILL_AREA_STYLE('',(#14806));
#14806 = FILL_AREA_STYLE_COLOUR('',#14664);
#14807 = STYLED_ITEM('color',(#14808),#2550);
#14808 = PRESENTATION_STYLE_ASSIGNMENT((#14809));
#14809 = SURFACE_STYLE_USAGE(.BOTH.,#14810);
#14810 = SURFACE_SIDE_STYLE('',(#14811));
#14811 = SURFACE_STYLE_FILL_AREA(#14812);
#14812 = FILL_AREA_STYLE('',(#14813));
#14813 = FILL_AREA_STYLE_COLOUR('',#14664);
#14814 = STYLED_ITEM('color',(#14815),#2567);
#14815 = PRESENTATION_STYLE_ASSIGNMENT((#14816));
#14816 = SURFACE_STYLE_USAGE(.BOTH.,#14817);
#14817 = SURFACE_SIDE_STYLE('',(#14818));
#14818 = SURFACE_STYLE_FILL_AREA(#14819);
#14819 = FILL_AREA_STYLE('',(#14820));
#14820 = FILL_AREA_STYLE_COLOUR('',#14664);
#14821 = STYLED_ITEM('color',(#14822),#2584);
#14822 = PRESENTATION_STYLE_ASSIGNMENT((#14823));
#14823 = SURFACE_STYLE_USAGE(.BOTH.,#14824);
#14824 = SURFACE_SIDE_STYLE('',(#14825));
#14825 = SURFACE_STYLE_FILL_AREA(#14826);
#14826 = FILL_AREA_STYLE('',(#14827));
#14827 = FILL_AREA_STYLE_COLOUR('',#14664);
#14828 = STYLED_ITEM('color',(#14829),#2601);
#14829 = PRESENTATION_STYLE_ASSIGNMENT((#14830));
#14830 = SURFACE_STYLE_USAGE(.BOTH.,#14831);
#14831 = SURFACE_SIDE_STYLE('',(#14832));
#14832 = SURFACE_STYLE_FILL_AREA(#14833);
#14833 = FILL_AREA_STYLE('',(#14834));
#14834 = FILL_AREA_STYLE_COLOUR('',#14757);
#14835 = STYLED_ITEM('color',(#14836),#2618);
#14836 = PRESENTATION_STYLE_ASSIGNMENT((#14837));
#14837 = SURFACE_STYLE_USAGE(.BOTH.,#14838);
#14838 = SURFACE_SIDE_STYLE('',(#14839));
#14839 = SURFACE_STYLE_FILL_AREA(#14840);
#14840 = FILL_AREA_STYLE('',(#14841));
#14841 = FILL_AREA_STYLE_COLOUR('',#14757);
#14842 = MECHANICAL_DESIGN_GEOMETRIC_PRESENTATION_REPRESENTATION('',(
    #14843,#14851,#14859,#14866,#14873,#14880,#14887,#14894,#14901,
    #14908,#14915,#14922,#14929,#14936,#14943,#14950,#14957,#14964,
    #14971,#14978,#14985),#1076);
#14843 = STYLED_ITEM('color',(#14844),#449);
#14844 = PRESENTATION_STYLE_ASSIGNMENT((#14845));
#14845 = SURFACE_STYLE_USAGE(.BOTH.,#14846);
#14846 = SURFACE_SIDE_STYLE('',(#14847));
#14847 = SURFACE_STYLE_FILL_AREA(#14848);
#14848 = FILL_AREA_STYLE('',(#14849));
#14849 = FILL_AREA_STYLE_COLOUR('',#14850);
#14850 = COLOUR_RGB('',0.627450987486,0.627450987486,0.627450987486);
#14851 = OVER_RIDING_STYLED_ITEM('overriding color',(#14852),#451,#14843
  );
#14852 = PRESENTATION_STYLE_ASSIGNMENT((#14853));
#14853 = SURFACE_STYLE_USAGE(.BOTH.,#14854);
#14854 = SURFACE_SIDE_STYLE('',(#14855));
#14855 = SURFACE_STYLE_FILL_AREA(#14856);
#14856 = FILL_AREA_STYLE('',(#14857));
#14857 = FILL_AREA_STYLE_COLOUR('',#14858);
#14858 = COLOUR_RGB('',0.956862747054,0.898039222556,0.654901957162);
#14859 = OVER_RIDING_STYLED_ITEM('overriding color',(#14860),#533,#14843
  );
#14860 = PRESENTATION_STYLE_ASSIGNMENT((#14861));
#14861 = SURFACE_STYLE_USAGE(.BOTH.,#14862);
#14862 = SURFACE_SIDE_STYLE('',(#14863));
#14863 = SURFACE_STYLE_FILL_AREA(#14864);
#14864 = FILL_AREA_STYLE('',(#14865));
#14865 = FILL_AREA_STYLE_COLOUR('',#14858);
#14866 = OVER_RIDING_STYLED_ITEM('overriding color',(#14867),#557,#14843
  );
#14867 = PRESENTATION_STYLE_ASSIGNMENT((#14868));
#14868 = SURFACE_STYLE_USAGE(.BOTH.,#14869);
#14869 = SURFACE_SIDE_STYLE('',(#14870));
#14870 = SURFACE_STYLE_FILL_AREA(#14871);
#14871 = FILL_AREA_STYLE('',(#14872));
#14872 = FILL_AREA_STYLE_COLOUR('',#14858);
#14873 = OVER_RIDING_STYLED_ITEM('overriding color',(#14874),#592,#14843
  );
#14874 = PRESENTATION_STYLE_ASSIGNMENT((#14875));
#14875 = SURFACE_STYLE_USAGE(.BOTH.,#14876);
#14876 = SURFACE_SIDE_STYLE('',(#14877));
#14877 = SURFACE_STYLE_FILL_AREA(#14878);
#14878 = FILL_AREA_STYLE('',(#14879));
#14879 = FILL_AREA_STYLE_COLOUR('',#14858);
#14880 = OVER_RIDING_STYLED_ITEM('overriding color',(#14881),#609,#14843
  );
#14881 = PRESENTATION_STYLE_ASSIGNMENT((#14882));
#14882 = SURFACE_STYLE_USAGE(.BOTH.,#14883);
#14883 = SURFACE_SIDE_STYLE('',(#14884));
#14884 = SURFACE_STYLE_FILL_AREA(#14885);
#14885 = FILL_AREA_STYLE('',(#14886));
#14886 = FILL_AREA_STYLE_COLOUR('',#14858);
#14887 = STYLED_ITEM('color',(#14888),#638);
#14888 = PRESENTATION_STYLE_ASSIGNMENT((#14889));
#14889 = SURFACE_STYLE_USAGE(.BOTH.,#14890);
#14890 = SURFACE_SIDE_STYLE('',(#14891));
#14891 = SURFACE_STYLE_FILL_AREA(#14892);
#14892 = FILL_AREA_STYLE('',(#14893));
#14893 = FILL_AREA_STYLE_COLOUR('',#14850);
#14894 = OVER_RIDING_STYLED_ITEM('overriding color',(#14895),#640,#14887
  );
#14895 = PRESENTATION_STYLE_ASSIGNMENT((#14896));
#14896 = SURFACE_STYLE_USAGE(.BOTH.,#14897);
#14897 = SURFACE_SIDE_STYLE('',(#14898));
#14898 = SURFACE_STYLE_FILL_AREA(#14899);
#14899 = FILL_AREA_STYLE('',(#14900));
#14900 = FILL_AREA_STYLE_COLOUR('',#14858);
#14901 = OVER_RIDING_STYLED_ITEM('overriding color',(#14902),#735,#14887
  );
#14902 = PRESENTATION_STYLE_ASSIGNMENT((#14903));
#14903 = SURFACE_STYLE_USAGE(.BOTH.,#14904);
#14904 = SURFACE_SIDE_STYLE('',(#14905));
#14905 = SURFACE_STYLE_FILL_AREA(#14906);
#14906 = FILL_AREA_STYLE('',(#14907));
#14907 = FILL_AREA_STYLE_COLOUR('',#14858);
#14908 = OVER_RIDING_STYLED_ITEM('overriding color',(#14909),#766,#14887
  );
#14909 = PRESENTATION_STYLE_ASSIGNMENT((#14910));
#14910 = SURFACE_STYLE_USAGE(.BOTH.,#14911);
#14911 = SURFACE_SIDE_STYLE('',(#14912));
#14912 = SURFACE_STYLE_FILL_AREA(#14913);
#14913 = FILL_AREA_STYLE('',(#14914));
#14914 = FILL_AREA_STYLE_COLOUR('',#14858);
#14915 = OVER_RIDING_STYLED_ITEM('overriding color',(#14916),#790,#14887
  );
#14916 = PRESENTATION_STYLE_ASSIGNMENT((#14917));
#14917 = SURFACE_STYLE_USAGE(.BOTH.,#14918);
#14918 = SURFACE_SIDE_STYLE('',(#14919));
#14919 = SURFACE_STYLE_FILL_AREA(#14920);
#14920 = FILL_AREA_STYLE('',(#14921));
#14921 = FILL_AREA_STYLE_COLOUR('',#14858);
#14922 = OVER_RIDING_STYLED_ITEM('overriding color',(#14923),#821,#14887
  );
#14923 = PRESENTATION_STYLE_ASSIGNMENT((#14924));
#14924 = SURFACE_STYLE_USAGE(.BOTH.,#14925);
#14925 = SURFACE_SIDE_STYLE('',(#14926));
#14926 = SURFACE_STYLE_FILL_AREA(#14927);
#14927 = FILL_AREA_STYLE('',(#14928));
#14928 = FILL_AREA_STYLE_COLOUR('',#14858);
#14929 = OVER_RIDING_STYLED_ITEM('overriding color',(#14930),#838,#14887
  );
#14930 = PRESENTATION_STYLE_ASSIGNMENT((#14931));
#14931 = SURFACE_STYLE_USAGE(.BOTH.,#14932);
#14932 = SURFACE_SIDE_STYLE('',(#14933));
#14933 = SURFACE_STYLE_FILL_AREA(#14934);
#14934 = FILL_AREA_STYLE('',(#14935));
#14935 = FILL_AREA_STYLE_COLOUR('',#14858);
#14936 = OVER_RIDING_STYLED_ITEM('overriding color',(#14937),#863,#14887
  );
#14937 = PRESENTATION_STYLE_ASSIGNMENT((#14938));
#14938 = SURFACE_STYLE_USAGE(.BOTH.,#14939);
#14939 = SURFACE_SIDE_STYLE('',(#14940));
#14940 = SURFACE_STYLE_FILL_AREA(#14941);
#14941 = FILL_AREA_STYLE('',(#14942));
#14942 = FILL_AREA_STYLE_COLOUR('',#14858);
#14943 = OVER_RIDING_STYLED_ITEM('overriding color',(#14944),#875,#14887
  );
#14944 = PRESENTATION_STYLE_ASSIGNMENT((#14945));
#14945 = SURFACE_STYLE_USAGE(.BOTH.,#14946);
#14946 = SURFACE_SIDE_STYLE('',(#14947));
#14947 = SURFACE_STYLE_FILL_AREA(#14948);
#14948 = FILL_AREA_STYLE('',(#14949));
#14949 = FILL_AREA_STYLE_COLOUR('',#14858);
#14950 = STYLED_ITEM('color',(#14951),#887);
#14951 = PRESENTATION_STYLE_ASSIGNMENT((#14952));
#14952 = SURFACE_STYLE_USAGE(.BOTH.,#14953);
#14953 = SURFACE_SIDE_STYLE('',(#14954));
#14954 = SURFACE_STYLE_FILL_AREA(#14955);
#14955 = FILL_AREA_STYLE('',(#14956));
#14956 = FILL_AREA_STYLE_COLOUR('',#14850);
#14957 = OVER_RIDING_STYLED_ITEM('overriding color',(#14958),#889,#14950
  );
#14958 = PRESENTATION_STYLE_ASSIGNMENT((#14959));
#14959 = SURFACE_STYLE_USAGE(.BOTH.,#14960);
#14960 = SURFACE_SIDE_STYLE('',(#14961));
#14961 = SURFACE_STYLE_FILL_AREA(#14962);
#14962 = FILL_AREA_STYLE('',(#14963));
#14963 = FILL_AREA_STYLE_COLOUR('',#14858);
#14964 = OVER_RIDING_STYLED_ITEM('overriding color',(#14965),#971,#14950
  );
#14965 = PRESENTATION_STYLE_ASSIGNMENT((#14966));
#14966 = SURFACE_STYLE_USAGE(.BOTH.,#14967);
#14967 = SURFACE_SIDE_STYLE('',(#14968));
#14968 = SURFACE_STYLE_FILL_AREA(#14969);
#14969 = FILL_AREA_STYLE('',(#14970));
#14970 = FILL_AREA_STYLE_COLOUR('',#14858);
#14971 = OVER_RIDING_STYLED_ITEM('overriding color',(#14972),#995,#14950
  );
#14972 = PRESENTATION_STYLE_ASSIGNMENT((#14973));
#14973 = SURFACE_STYLE_USAGE(.BOTH.,#14974);
#14974 = SURFACE_SIDE_STYLE('',(#14975));
#14975 = SURFACE_STYLE_FILL_AREA(#14976);
#14976 = FILL_AREA_STYLE('',(#14977));
#14977 = FILL_AREA_STYLE_COLOUR('',#14858);
#14978 = OVER_RIDING_STYLED_ITEM('overriding color',(#14979),#1030,
  #14950);
#14979 = PRESENTATION_STYLE_ASSIGNMENT((#14980));
#14980 = SURFACE_STYLE_USAGE(.BOTH.,#14981);
#14981 = SURFACE_SIDE_STYLE('',(#14982));
#14982 = SURFACE_STYLE_FILL_AREA(#14983);
#14983 = FILL_AREA_STYLE('',(#14984));
#14984 = FILL_AREA_STYLE_COLOUR('',#14858);
#14985 = OVER_RIDING_STYLED_ITEM('overriding color',(#14986),#1047,
  #14950);
#14986 = PRESENTATION_STYLE_ASSIGNMENT((#14987));
#14987 = SURFACE_STYLE_USAGE(.BOTH.,#14988);
#14988 = SURFACE_SIDE_STYLE('',(#14989));
#14989 = SURFACE_STYLE_FILL_AREA(#14990);
#14990 = FILL_AREA_STYLE('',(#14991));
#14991 = FILL_AREA_STYLE_COLOUR('',#14858);
#14992 = MECHANICAL_DESIGN_GEOMETRIC_PRESENTATION_REPRESENTATION('',(
    #14993),#430);
#14993 = STYLED_ITEM('color',(#14994),#182);
#14994 = PRESENTATION_STYLE_ASSIGNMENT((#14995));
#14995 = SURFACE_STYLE_USAGE(.BOTH.,#14996);
#14996 = SURFACE_SIDE_STYLE('',(#14997));
#14997 = SURFACE_STYLE_FILL_AREA(#14998);
#14998 = FILL_AREA_STYLE('',(#14999));
#14999 = FILL_AREA_STYLE_COLOUR('',#14627);
#15000 = MECHANICAL_DESIGN_GEOMETRIC_PRESENTATION_REPRESENTATION('',(
    #15001,#15008,#15015,#15022,#15029,#15036,#15043,#15050,#15057,
    #15064,#15071,#15078,#15085,#15092,#15099,#15106,#15113,#15120,
    #15127,#15134,#15141,#15148,#15155,#15162,#15169,#15176,#15183,
    #15190,#15197,#15204,#15211,#15218,#15225,#15232,#15239,#15246,
    #15253,#15260,#15267,#15274,#15281,#15288,#15295,#15302,#15309,
    #15316,#15323,#15330,#15337,#15344,#15351,#15358,#15365,#15372,
    #15379,#15386,#15393,#15400,#15407,#15414,#15421,#15428,#15435,
    #15442,#15449,#15456,#15463,#15470,#15477,#15484,#15491,#15498,
    #15505,#15512,#15519,#15526,#15533,#15540,#15547,#15554,#15561,
    #15568,#15575,#15582,#15589,#15596,#15603,#15610,#15617,#15624,
    #15631,#15638,#15645,#15652,#15659,#15666,#15673,#15680,#15687,
    #15694,#15701,#15708,#15715,#15722,#15729,#15736,#15743,#15750,
    #15757,#15764,#15771,#15778,#15785,#15792,#15799,#15806,#15813,
    #15820,#15827,#15834,#15841,#15848,#15855,#15862,#15869,#15876,
    #15883,#15890,#15897,#15904,#15911),#6782);
#15001 = STYLED_ITEM('color',(#15002),#2679);
#15002 = PRESENTATION_STYLE_ASSIGNMENT((#15003));
#15003 = SURFACE_STYLE_USAGE(.BOTH.,#15004);
#15004 = SURFACE_SIDE_STYLE('',(#15005));
#15005 = SURFACE_STYLE_FILL_AREA(#15006);
#15006 = FILL_AREA_STYLE('',(#15007));
#15007 = FILL_AREA_STYLE_COLOUR('',#13265);
#15008 = STYLED_ITEM('color',(#15009),#2815);
#15009 = PRESENTATION_STYLE_ASSIGNMENT((#15010));
#15010 = SURFACE_STYLE_USAGE(.BOTH.,#15011);
#15011 = SURFACE_SIDE_STYLE('',(#15012));
#15012 = SURFACE_STYLE_FILL_AREA(#15013);
#15013 = FILL_AREA_STYLE('',(#15014));
#15014 = FILL_AREA_STYLE_COLOUR('',#13265);
#15015 = STYLED_ITEM('color',(#15016),#2878);
#15016 = PRESENTATION_STYLE_ASSIGNMENT((#15017));
#15017 = SURFACE_STYLE_USAGE(.BOTH.,#15018);
#15018 = SURFACE_SIDE_STYLE('',(#15019));
#15019 = SURFACE_STYLE_FILL_AREA(#15020);
#15020 = FILL_AREA_STYLE('',(#15021));
#15021 = FILL_AREA_STYLE_COLOUR('',#13265);
#15022 = STYLED_ITEM('color',(#15023),#2902);
#15023 = PRESENTATION_STYLE_ASSIGNMENT((#15024));
#15024 = SURFACE_STYLE_USAGE(.BOTH.,#15025);
#15025 = SURFACE_SIDE_STYLE('',(#15026));
#15026 = SURFACE_STYLE_FILL_AREA(#15027);
#15027 = FILL_AREA_STYLE('',(#15028));
#15028 = FILL_AREA_STYLE_COLOUR('',#13265);
#15029 = STYLED_ITEM('color',(#15030),#2926);
#15030 = PRESENTATION_STYLE_ASSIGNMENT((#15031));
#15031 = SURFACE_STYLE_USAGE(.BOTH.,#15032);
#15032 = SURFACE_SIDE_STYLE('',(#15033));
#15033 = SURFACE_STYLE_FILL_AREA(#15034);
#15034 = FILL_AREA_STYLE('',(#15035));
#15035 = FILL_AREA_STYLE_COLOUR('',#13265);
#15036 = STYLED_ITEM('color',(#15037),#2950);
#15037 = PRESENTATION_STYLE_ASSIGNMENT((#15038));
#15038 = SURFACE_STYLE_USAGE(.BOTH.,#15039);
#15039 = SURFACE_SIDE_STYLE('',(#15040));
#15040 = SURFACE_STYLE_FILL_AREA(#15041);
#15041 = FILL_AREA_STYLE('',(#15042));
#15042 = FILL_AREA_STYLE_COLOUR('',#13265);
#15043 = STYLED_ITEM('color',(#15044),#2974);
#15044 = PRESENTATION_STYLE_ASSIGNMENT((#15045));
#15045 = SURFACE_STYLE_USAGE(.BOTH.,#15046);
#15046 = SURFACE_SIDE_STYLE('',(#15047));
#15047 = SURFACE_STYLE_FILL_AREA(#15048);
#15048 = FILL_AREA_STYLE('',(#15049));
#15049 = FILL_AREA_STYLE_COLOUR('',#13265);
#15050 = STYLED_ITEM('color',(#15051),#3317);
#15051 = PRESENTATION_STYLE_ASSIGNMENT((#15052));
#15052 = SURFACE_STYLE_USAGE(.BOTH.,#15053);
#15053 = SURFACE_SIDE_STYLE('',(#15054));
#15054 = SURFACE_STYLE_FILL_AREA(#15055);
#15055 = FILL_AREA_STYLE('',(#15056));
#15056 = FILL_AREA_STYLE_COLOUR('',#13265);
#15057 = STYLED_ITEM('color',(#15058),#3389);
#15058 = PRESENTATION_STYLE_ASSIGNMENT((#15059));
#15059 = SURFACE_STYLE_USAGE(.BOTH.,#15060);
#15060 = SURFACE_SIDE_STYLE('',(#15061));
#15061 = SURFACE_STYLE_FILL_AREA(#15062);
#15062 = FILL_AREA_STYLE('',(#15063));
#15063 = FILL_AREA_STYLE_COLOUR('',#13265);
#15064 = STYLED_ITEM('color',(#15065),#3413);
#15065 = PRESENTATION_STYLE_ASSIGNMENT((#15066));
#15066 = SURFACE_STYLE_USAGE(.BOTH.,#15067);
#15067 = SURFACE_SIDE_STYLE('',(#15068));
#15068 = SURFACE_STYLE_FILL_AREA(#15069);
#15069 = FILL_AREA_STYLE('',(#15070));
#15070 = FILL_AREA_STYLE_COLOUR('',#13265);
#15071 = STYLED_ITEM('color',(#15072),#3453);
#15072 = PRESENTATION_STYLE_ASSIGNMENT((#15073));
#15073 = SURFACE_STYLE_USAGE(.BOTH.,#15074);
#15074 = SURFACE_SIDE_STYLE('',(#15075));
#15075 = SURFACE_STYLE_FILL_AREA(#15076);
#15076 = FILL_AREA_STYLE('',(#15077));
#15077 = FILL_AREA_STYLE_COLOUR('',#13265);
#15078 = STYLED_ITEM('color',(#15079),#3477);
#15079 = PRESENTATION_STYLE_ASSIGNMENT((#15080));
#15080 = SURFACE_STYLE_USAGE(.BOTH.,#15081);
#15081 = SURFACE_SIDE_STYLE('',(#15082));
#15082 = SURFACE_STYLE_FILL_AREA(#15083);
#15083 = FILL_AREA_STYLE('',(#15084));
#15084 = FILL_AREA_STYLE_COLOUR('',#13265);
#15085 = STYLED_ITEM('color',(#15086),#3517);
#15086 = PRESENTATION_STYLE_ASSIGNMENT((#15087));
#15087 = SURFACE_STYLE_USAGE(.BOTH.,#15088);
#15088 = SURFACE_SIDE_STYLE('',(#15089));
#15089 = SURFACE_STYLE_FILL_AREA(#15090);
#15090 = FILL_AREA_STYLE('',(#15091));
#15091 = FILL_AREA_STYLE_COLOUR('',#13265);
#15092 = STYLED_ITEM('color',(#15093),#3614);
#15093 = PRESENTATION_STYLE_ASSIGNMENT((#15094));
#15094 = SURFACE_STYLE_USAGE(.BOTH.,#15095);
#15095 = SURFACE_SIDE_STYLE('',(#15096));
#15096 = SURFACE_STYLE_FILL_AREA(#15097);
#15097 = FILL_AREA_STYLE('',(#15098));
#15098 = FILL_AREA_STYLE_COLOUR('',#13265);
#15099 = STYLED_ITEM('color',(#15100),#3702);
#15100 = PRESENTATION_STYLE_ASSIGNMENT((#15101));
#15101 = SURFACE_STYLE_USAGE(.BOTH.,#15102);
#15102 = SURFACE_SIDE_STYLE('',(#15103));
#15103 = SURFACE_STYLE_FILL_AREA(#15104);
#15104 = FILL_AREA_STYLE('',(#15105));
#15105 = FILL_AREA_STYLE_COLOUR('',#13265);
#15106 = STYLED_ITEM('color',(#15107),#3734);
#15107 = PRESENTATION_STYLE_ASSIGNMENT((#15108));
#15108 = SURFACE_STYLE_USAGE(.BOTH.,#15109);
#15109 = SURFACE_SIDE_STYLE('',(#15110));
#15110 = SURFACE_STYLE_FILL_AREA(#15111);
#15111 = FILL_AREA_STYLE('',(#15112));
#15112 = FILL_AREA_STYLE_COLOUR('',#13265);
#15113 = STYLED_ITEM('color',(#15114),#3790);
#15114 = PRESENTATION_STYLE_ASSIGNMENT((#15115));
#15115 = SURFACE_STYLE_USAGE(.BOTH.,#15116);
#15116 = SURFACE_SIDE_STYLE('',(#15117));
#15117 = SURFACE_STYLE_FILL_AREA(#15118);
#15118 = FILL_AREA_STYLE('',(#15119));
#15119 = FILL_AREA_STYLE_COLOUR('',#13265);
#15120 = STYLED_ITEM('color',(#15121),#3807);
#15121 = PRESENTATION_STYLE_ASSIGNMENT((#15122));
#15122 = SURFACE_STYLE_USAGE(.BOTH.,#15123);
#15123 = SURFACE_SIDE_STYLE('',(#15124));
#15124 = SURFACE_STYLE_FILL_AREA(#15125);
#15125 = FILL_AREA_STYLE('',(#15126));
#15126 = FILL_AREA_STYLE_COLOUR('',#13265);
#15127 = STYLED_ITEM('color',(#15128),#3888);
#15128 = PRESENTATION_STYLE_ASSIGNMENT((#15129));
#15129 = SURFACE_STYLE_USAGE(.BOTH.,#15130);
#15130 = SURFACE_SIDE_STYLE('',(#15131));
#15131 = SURFACE_STYLE_FILL_AREA(#15132);
#15132 = FILL_AREA_STYLE('',(#15133));
#15133 = FILL_AREA_STYLE_COLOUR('',#13265);
#15134 = STYLED_ITEM('color',(#15135),#3912);
#15135 = PRESENTATION_STYLE_ASSIGNMENT((#15136));
#15136 = SURFACE_STYLE_USAGE(.BOTH.,#15137);
#15137 = SURFACE_SIDE_STYLE('',(#15138));
#15138 = SURFACE_STYLE_FILL_AREA(#15139);
#15139 = FILL_AREA_STYLE('',(#15140));
#15140 = FILL_AREA_STYLE_COLOUR('',#13265);
#15141 = STYLED_ITEM('color',(#15142),#3945);
#15142 = PRESENTATION_STYLE_ASSIGNMENT((#15143));
#15143 = SURFACE_STYLE_USAGE(.BOTH.,#15144);
#15144 = SURFACE_SIDE_STYLE('',(#15145));
#15145 = SURFACE_STYLE_FILL_AREA(#15146);
#15146 = FILL_AREA_STYLE('',(#15147));
#15147 = FILL_AREA_STYLE_COLOUR('',#13265);
#15148 = STYLED_ITEM('color',(#15149),#3959);
#15149 = PRESENTATION_STYLE_ASSIGNMENT((#15150));
#15150 = SURFACE_STYLE_USAGE(.BOTH.,#15151);
#15151 = SURFACE_SIDE_STYLE('',(#15152));
#15152 = SURFACE_STYLE_FILL_AREA(#15153);
#15153 = FILL_AREA_STYLE('',(#15154));
#15154 = FILL_AREA_STYLE_COLOUR('',#13265);
#15155 = STYLED_ITEM('color',(#15156),#3976);
#15156 = PRESENTATION_STYLE_ASSIGNMENT((#15157));
#15157 = SURFACE_STYLE_USAGE(.BOTH.,#15158);
#15158 = SURFACE_SIDE_STYLE('',(#15159));
#15159 = SURFACE_STYLE_FILL_AREA(#15160);
#15160 = FILL_AREA_STYLE('',(#15161));
#15161 = FILL_AREA_STYLE_COLOUR('',#13265);
#15162 = STYLED_ITEM('color',(#15163),#3998);
#15163 = PRESENTATION_STYLE_ASSIGNMENT((#15164));
#15164 = SURFACE_STYLE_USAGE(.BOTH.,#15165);
#15165 = SURFACE_SIDE_STYLE('',(#15166));
#15166 = SURFACE_STYLE_FILL_AREA(#15167);
#15167 = FILL_AREA_STYLE('',(#15168));
#15168 = FILL_AREA_STYLE_COLOUR('',#13265);
#15169 = STYLED_ITEM('color',(#15170),#4015);
#15170 = PRESENTATION_STYLE_ASSIGNMENT((#15171));
#15171 = SURFACE_STYLE_USAGE(.BOTH.,#15172);
#15172 = SURFACE_SIDE_STYLE('',(#15173));
#15173 = SURFACE_STYLE_FILL_AREA(#15174);
#15174 = FILL_AREA_STYLE('',(#15175));
#15175 = FILL_AREA_STYLE_COLOUR('',#13265);
#15176 = STYLED_ITEM('color',(#15177),#4066);
#15177 = PRESENTATION_STYLE_ASSIGNMENT((#15178));
#15178 = SURFACE_STYLE_USAGE(.BOTH.,#15179);
#15179 = SURFACE_SIDE_STYLE('',(#15180));
#15180 = SURFACE_STYLE_FILL_AREA(#15181);
#15181 = FILL_AREA_STYLE('',(#15182));
#15182 = FILL_AREA_STYLE_COLOUR('',#13265);
#15183 = STYLED_ITEM('color',(#15184),#4078);
#15184 = PRESENTATION_STYLE_ASSIGNMENT((#15185));
#15185 = SURFACE_STYLE_USAGE(.BOTH.,#15186);
#15186 = SURFACE_SIDE_STYLE('',(#15187));
#15187 = SURFACE_STYLE_FILL_AREA(#15188);
#15188 = FILL_AREA_STYLE('',(#15189));
#15189 = FILL_AREA_STYLE_COLOUR('',#13265);
#15190 = STYLED_ITEM('color',(#15191),#4109);
#15191 = PRESENTATION_STYLE_ASSIGNMENT((#15192));
#15192 = SURFACE_STYLE_USAGE(.BOTH.,#15193);
#15193 = SURFACE_SIDE_STYLE('',(#15194));
#15194 = SURFACE_STYLE_FILL_AREA(#15195);
#15195 = FILL_AREA_STYLE('',(#15196));
#15196 = FILL_AREA_STYLE_COLOUR('',#13265);
#15197 = STYLED_ITEM('color',(#15198),#4133);
#15198 = PRESENTATION_STYLE_ASSIGNMENT((#15199));
#15199 = SURFACE_STYLE_USAGE(.BOTH.,#15200);
#15200 = SURFACE_SIDE_STYLE('',(#15201));
#15201 = SURFACE_STYLE_FILL_AREA(#15202);
#15202 = FILL_AREA_STYLE('',(#15203));
#15203 = FILL_AREA_STYLE_COLOUR('',#13265);
#15204 = STYLED_ITEM('color',(#15205),#4157);
#15205 = PRESENTATION_STYLE_ASSIGNMENT((#15206));
#15206 = SURFACE_STYLE_USAGE(.BOTH.,#15207);
#15207 = SURFACE_SIDE_STYLE('',(#15208));
#15208 = SURFACE_STYLE_FILL_AREA(#15209);
#15209 = FILL_AREA_STYLE('',(#15210));
#15210 = FILL_AREA_STYLE_COLOUR('',#13265);
#15211 = STYLED_ITEM('color',(#15212),#4181);
#15212 = PRESENTATION_STYLE_ASSIGNMENT((#15213));
#15213 = SURFACE_STYLE_USAGE(.BOTH.,#15214);
#15214 = SURFACE_SIDE_STYLE('',(#15215));
#15215 = SURFACE_STYLE_FILL_AREA(#15216);
#15216 = FILL_AREA_STYLE('',(#15217));
#15217 = FILL_AREA_STYLE_COLOUR('',#13265);
#15218 = STYLED_ITEM('color',(#15219),#4205);
#15219 = PRESENTATION_STYLE_ASSIGNMENT((#15220));
#15220 = SURFACE_STYLE_USAGE(.BOTH.,#15221);
#15221 = SURFACE_SIDE_STYLE('',(#15222));
#15222 = SURFACE_STYLE_FILL_AREA(#15223);
#15223 = FILL_AREA_STYLE('',(#15224));
#15224 = FILL_AREA_STYLE_COLOUR('',#13265);
#15225 = STYLED_ITEM('color',(#15226),#4229);
#15226 = PRESENTATION_STYLE_ASSIGNMENT((#15227));
#15227 = SURFACE_STYLE_USAGE(.BOTH.,#15228);
#15228 = SURFACE_SIDE_STYLE('',(#15229));
#15229 = SURFACE_STYLE_FILL_AREA(#15230);
#15230 = FILL_AREA_STYLE('',(#15231));
#15231 = FILL_AREA_STYLE_COLOUR('',#13265);
#15232 = STYLED_ITEM('color',(#15233),#4253);
#15233 = PRESENTATION_STYLE_ASSIGNMENT((#15234));
#15234 = SURFACE_STYLE_USAGE(.BOTH.,#15235);
#15235 = SURFACE_SIDE_STYLE('',(#15236));
#15236 = SURFACE_STYLE_FILL_AREA(#15237);
#15237 = FILL_AREA_STYLE('',(#15238));
#15238 = FILL_AREA_STYLE_COLOUR('',#13265);
#15239 = STYLED_ITEM('color',(#15240),#4277);
#15240 = PRESENTATION_STYLE_ASSIGNMENT((#15241));
#15241 = SURFACE_STYLE_USAGE(.BOTH.,#15242);
#15242 = SURFACE_SIDE_STYLE('',(#15243));
#15243 = SURFACE_STYLE_FILL_AREA(#15244);
#15244 = FILL_AREA_STYLE('',(#15245));
#15245 = FILL_AREA_STYLE_COLOUR('',#13265);
#15246 = STYLED_ITEM('color',(#15247),#4301);
#15247 = PRESENTATION_STYLE_ASSIGNMENT((#15248));
#15248 = SURFACE_STYLE_USAGE(.BOTH.,#15249);
#15249 = SURFACE_SIDE_STYLE('',(#15250));
#15250 = SURFACE_STYLE_FILL_AREA(#15251);
#15251 = FILL_AREA_STYLE('',(#15252));
#15252 = FILL_AREA_STYLE_COLOUR('',#13265);
#15253 = STYLED_ITEM('color',(#15254),#4325);
#15254 = PRESENTATION_STYLE_ASSIGNMENT((#15255));
#15255 = SURFACE_STYLE_USAGE(.BOTH.,#15256);
#15256 = SURFACE_SIDE_STYLE('',(#15257));
#15257 = SURFACE_STYLE_FILL_AREA(#15258);
#15258 = FILL_AREA_STYLE('',(#15259));
#15259 = FILL_AREA_STYLE_COLOUR('',#13265);
#15260 = STYLED_ITEM('color',(#15261),#4357);
#15261 = PRESENTATION_STYLE_ASSIGNMENT((#15262));
#15262 = SURFACE_STYLE_USAGE(.BOTH.,#15263);
#15263 = SURFACE_SIDE_STYLE('',(#15264));
#15264 = SURFACE_STYLE_FILL_AREA(#15265);
#15265 = FILL_AREA_STYLE('',(#15266));
#15266 = FILL_AREA_STYLE_COLOUR('',#13265);
#15267 = STYLED_ITEM('color',(#15268),#4381);
#15268 = PRESENTATION_STYLE_ASSIGNMENT((#15269));
#15269 = SURFACE_STYLE_USAGE(.BOTH.,#15270);
#15270 = SURFACE_SIDE_STYLE('',(#15271));
#15271 = SURFACE_STYLE_FILL_AREA(#15272);
#15272 = FILL_AREA_STYLE('',(#15273));
#15273 = FILL_AREA_STYLE_COLOUR('',#13265);
#15274 = STYLED_ITEM('color',(#15275),#4421);
#15275 = PRESENTATION_STYLE_ASSIGNMENT((#15276));
#15276 = SURFACE_STYLE_USAGE(.BOTH.,#15277);
#15277 = SURFACE_SIDE_STYLE('',(#15278));
#15278 = SURFACE_STYLE_FILL_AREA(#15279);
#15279 = FILL_AREA_STYLE('',(#15280));
#15280 = FILL_AREA_STYLE_COLOUR('',#13265);
#15281 = STYLED_ITEM('color',(#15282),#4453);
#15282 = PRESENTATION_STYLE_ASSIGNMENT((#15283));
#15283 = SURFACE_STYLE_USAGE(.BOTH.,#15284);
#15284 = SURFACE_SIDE_STYLE('',(#15285));
#15285 = SURFACE_STYLE_FILL_AREA(#15286);
#15286 = FILL_AREA_STYLE('',(#15287));
#15287 = FILL_AREA_STYLE_COLOUR('',#13265);
#15288 = STYLED_ITEM('color',(#15289),#4477);
#15289 = PRESENTATION_STYLE_ASSIGNMENT((#15290));
#15290 = SURFACE_STYLE_USAGE(.BOTH.,#15291);
#15291 = SURFACE_SIDE_STYLE('',(#15292));
#15292 = SURFACE_STYLE_FILL_AREA(#15293);
#15293 = FILL_AREA_STYLE('',(#15294));
#15294 = FILL_AREA_STYLE_COLOUR('',#13265);
#15295 = STYLED_ITEM('color',(#15296),#4517);
#15296 = PRESENTATION_STYLE_ASSIGNMENT((#15297));
#15297 = SURFACE_STYLE_USAGE(.BOTH.,#15298);
#15298 = SURFACE_SIDE_STYLE('',(#15299));
#15299 = SURFACE_STYLE_FILL_AREA(#15300);
#15300 = FILL_AREA_STYLE('',(#15301));
#15301 = FILL_AREA_STYLE_COLOUR('',#13265);
#15302 = STYLED_ITEM('color',(#15303),#4557);
#15303 = PRESENTATION_STYLE_ASSIGNMENT((#15304));
#15304 = SURFACE_STYLE_USAGE(.BOTH.,#15305);
#15305 = SURFACE_SIDE_STYLE('',(#15306));
#15306 = SURFACE_STYLE_FILL_AREA(#15307);
#15307 = FILL_AREA_STYLE('',(#15308));
#15308 = FILL_AREA_STYLE_COLOUR('',#13265);
#15309 = STYLED_ITEM('color',(#15310),#4581);
#15310 = PRESENTATION_STYLE_ASSIGNMENT((#15311));
#15311 = SURFACE_STYLE_USAGE(.BOTH.,#15312);
#15312 = SURFACE_SIDE_STYLE('',(#15313));
#15313 = SURFACE_STYLE_FILL_AREA(#15314);
#15314 = FILL_AREA_STYLE('',(#15315));
#15315 = FILL_AREA_STYLE_COLOUR('',#13265);
#15316 = STYLED_ITEM('color',(#15317),#4613);
#15317 = PRESENTATION_STYLE_ASSIGNMENT((#15318));
#15318 = SURFACE_STYLE_USAGE(.BOTH.,#15319);
#15319 = SURFACE_SIDE_STYLE('',(#15320));
#15320 = SURFACE_STYLE_FILL_AREA(#15321);
#15321 = FILL_AREA_STYLE('',(#15322));
#15322 = FILL_AREA_STYLE_COLOUR('',#13265);
#15323 = STYLED_ITEM('color',(#15324),#4653);
#15324 = PRESENTATION_STYLE_ASSIGNMENT((#15325));
#15325 = SURFACE_STYLE_USAGE(.BOTH.,#15326);
#15326 = SURFACE_SIDE_STYLE('',(#15327));
#15327 = SURFACE_STYLE_FILL_AREA(#15328);
#15328 = FILL_AREA_STYLE('',(#15329));
#15329 = FILL_AREA_STYLE_COLOUR('',#13265);
#15330 = STYLED_ITEM('color',(#15331),#4677);
#15331 = PRESENTATION_STYLE_ASSIGNMENT((#15332));
#15332 = SURFACE_STYLE_USAGE(.BOTH.,#15333);
#15333 = SURFACE_SIDE_STYLE('',(#15334));
#15334 = SURFACE_STYLE_FILL_AREA(#15335);
#15335 = FILL_AREA_STYLE('',(#15336));
#15336 = FILL_AREA_STYLE_COLOUR('',#13265);
#15337 = STYLED_ITEM('color',(#15338),#4709);
#15338 = PRESENTATION_STYLE_ASSIGNMENT((#15339));
#15339 = SURFACE_STYLE_USAGE(.BOTH.,#15340);
#15340 = SURFACE_SIDE_STYLE('',(#15341));
#15341 = SURFACE_STYLE_FILL_AREA(#15342);
#15342 = FILL_AREA_STYLE('',(#15343));
#15343 = FILL_AREA_STYLE_COLOUR('',#13265);
#15344 = STYLED_ITEM('color',(#15345),#4733);
#15345 = PRESENTATION_STYLE_ASSIGNMENT((#15346));
#15346 = SURFACE_STYLE_USAGE(.BOTH.,#15347);
#15347 = SURFACE_SIDE_STYLE('',(#15348));
#15348 = SURFACE_STYLE_FILL_AREA(#15349);
#15349 = FILL_AREA_STYLE('',(#15350));
#15350 = FILL_AREA_STYLE_COLOUR('',#13265);
#15351 = STYLED_ITEM('color',(#15352),#4750);
#15352 = PRESENTATION_STYLE_ASSIGNMENT((#15353));
#15353 = SURFACE_STYLE_USAGE(.BOTH.,#15354);
#15354 = SURFACE_SIDE_STYLE('',(#15355));
#15355 = SURFACE_STYLE_FILL_AREA(#15356);
#15356 = FILL_AREA_STYLE('',(#15357));
#15357 = FILL_AREA_STYLE_COLOUR('',#13265);
#15358 = STYLED_ITEM('color',(#15359),#4781);
#15359 = PRESENTATION_STYLE_ASSIGNMENT((#15360));
#15360 = SURFACE_STYLE_USAGE(.BOTH.,#15361);
#15361 = SURFACE_SIDE_STYLE('',(#15362));
#15362 = SURFACE_STYLE_FILL_AREA(#15363);
#15363 = FILL_AREA_STYLE('',(#15364));
#15364 = FILL_AREA_STYLE_COLOUR('',#13265);
#15365 = STYLED_ITEM('color',(#15366),#4805);
#15366 = PRESENTATION_STYLE_ASSIGNMENT((#15367));
#15367 = SURFACE_STYLE_USAGE(.BOTH.,#15368);
#15368 = SURFACE_SIDE_STYLE('',(#15369));
#15369 = SURFACE_STYLE_FILL_AREA(#15370);
#15370 = FILL_AREA_STYLE('',(#15371));
#15371 = FILL_AREA_STYLE_COLOUR('',#13265);
#15372 = STYLED_ITEM('color',(#15373),#4829);
#15373 = PRESENTATION_STYLE_ASSIGNMENT((#15374));
#15374 = SURFACE_STYLE_USAGE(.BOTH.,#15375);
#15375 = SURFACE_SIDE_STYLE('',(#15376));
#15376 = SURFACE_STYLE_FILL_AREA(#15377);
#15377 = FILL_AREA_STYLE('',(#15378));
#15378 = FILL_AREA_STYLE_COLOUR('',#13265);
#15379 = STYLED_ITEM('color',(#15380),#4846);
#15380 = PRESENTATION_STYLE_ASSIGNMENT((#15381));
#15381 = SURFACE_STYLE_USAGE(.BOTH.,#15382);
#15382 = SURFACE_SIDE_STYLE('',(#15383));
#15383 = SURFACE_STYLE_FILL_AREA(#15384);
#15384 = FILL_AREA_STYLE('',(#15385));
#15385 = FILL_AREA_STYLE_COLOUR('',#13265);
#15386 = STYLED_ITEM('color',(#15387),#4877);
#15387 = PRESENTATION_STYLE_ASSIGNMENT((#15388));
#15388 = SURFACE_STYLE_USAGE(.BOTH.,#15389);
#15389 = SURFACE_SIDE_STYLE('',(#15390));
#15390 = SURFACE_STYLE_FILL_AREA(#15391);
#15391 = FILL_AREA_STYLE('',(#15392));
#15392 = FILL_AREA_STYLE_COLOUR('',#13265);
#15393 = STYLED_ITEM('color',(#15394),#4901);
#15394 = PRESENTATION_STYLE_ASSIGNMENT((#15395));
#15395 = SURFACE_STYLE_USAGE(.BOTH.,#15396);
#15396 = SURFACE_SIDE_STYLE('',(#15397));
#15397 = SURFACE_STYLE_FILL_AREA(#15398);
#15398 = FILL_AREA_STYLE('',(#15399));
#15399 = FILL_AREA_STYLE_COLOUR('',#13265);
#15400 = STYLED_ITEM('color',(#15401),#4925);
#15401 = PRESENTATION_STYLE_ASSIGNMENT((#15402));
#15402 = SURFACE_STYLE_USAGE(.BOTH.,#15403);
#15403 = SURFACE_SIDE_STYLE('',(#15404));
#15404 = SURFACE_STYLE_FILL_AREA(#15405);
#15405 = FILL_AREA_STYLE('',(#15406));
#15406 = FILL_AREA_STYLE_COLOUR('',#13265);
#15407 = STYLED_ITEM('color',(#15408),#4942);
#15408 = PRESENTATION_STYLE_ASSIGNMENT((#15409));
#15409 = SURFACE_STYLE_USAGE(.BOTH.,#15410);
#15410 = SURFACE_SIDE_STYLE('',(#15411));
#15411 = SURFACE_STYLE_FILL_AREA(#15412);
#15412 = FILL_AREA_STYLE('',(#15413));
#15413 = FILL_AREA_STYLE_COLOUR('',#13784);
#15414 = STYLED_ITEM('color',(#15415),#4974);
#15415 = PRESENTATION_STYLE_ASSIGNMENT((#15416));
#15416 = SURFACE_STYLE_USAGE(.BOTH.,#15417);
#15417 = SURFACE_SIDE_STYLE('',(#15418));
#15418 = SURFACE_STYLE_FILL_AREA(#15419);
#15419 = FILL_AREA_STYLE('',(#15420));
#15420 = FILL_AREA_STYLE_COLOUR('',#13265);
#15421 = STYLED_ITEM('color',(#15422),#4998);
#15422 = PRESENTATION_STYLE_ASSIGNMENT((#15423));
#15423 = SURFACE_STYLE_USAGE(.BOTH.,#15424);
#15424 = SURFACE_SIDE_STYLE('',(#15425));
#15425 = SURFACE_STYLE_FILL_AREA(#15426);
#15426 = FILL_AREA_STYLE('',(#15427));
#15427 = FILL_AREA_STYLE_COLOUR('',#13784);
#15428 = STYLED_ITEM('color',(#15429),#5030);
#15429 = PRESENTATION_STYLE_ASSIGNMENT((#15430));
#15430 = SURFACE_STYLE_USAGE(.BOTH.,#15431);
#15431 = SURFACE_SIDE_STYLE('',(#15432));
#15432 = SURFACE_STYLE_FILL_AREA(#15433);
#15433 = FILL_AREA_STYLE('',(#15434));
#15434 = FILL_AREA_STYLE_COLOUR('',#13784);
#15435 = STYLED_ITEM('color',(#15436),#5067);
#15436 = PRESENTATION_STYLE_ASSIGNMENT((#15437));
#15437 = SURFACE_STYLE_USAGE(.BOTH.,#15438);
#15438 = SURFACE_SIDE_STYLE('',(#15439));
#15439 = SURFACE_STYLE_FILL_AREA(#15440);
#15440 = FILL_AREA_STYLE('',(#15441));
#15441 = FILL_AREA_STYLE_COLOUR('',#13784);
#15442 = STYLED_ITEM('color',(#15443),#5091);
#15443 = PRESENTATION_STYLE_ASSIGNMENT((#15444));
#15444 = SURFACE_STYLE_USAGE(.BOTH.,#15445);
#15445 = SURFACE_SIDE_STYLE('',(#15446));
#15446 = SURFACE_STYLE_FILL_AREA(#15447);
#15447 = FILL_AREA_STYLE('',(#15448));
#15448 = FILL_AREA_STYLE_COLOUR('',#13265);
#15449 = STYLED_ITEM('color',(#15450),#5108);
#15450 = PRESENTATION_STYLE_ASSIGNMENT((#15451));
#15451 = SURFACE_STYLE_USAGE(.BOTH.,#15452);
#15452 = SURFACE_SIDE_STYLE('',(#15453));
#15453 = SURFACE_STYLE_FILL_AREA(#15454);
#15454 = FILL_AREA_STYLE('',(#15455));
#15455 = FILL_AREA_STYLE_COLOUR('',#13784);
#15456 = STYLED_ITEM('color',(#15457),#5132);
#15457 = PRESENTATION_STYLE_ASSIGNMENT((#15458));
#15458 = SURFACE_STYLE_USAGE(.BOTH.,#15459);
#15459 = SURFACE_SIDE_STYLE('',(#15460));
#15460 = SURFACE_STYLE_FILL_AREA(#15461);
#15461 = FILL_AREA_STYLE('',(#15462));
#15462 = FILL_AREA_STYLE_COLOUR('',#13784);
#15463 = STYLED_ITEM('color',(#15464),#5156);
#15464 = PRESENTATION_STYLE_ASSIGNMENT((#15465));
#15465 = SURFACE_STYLE_USAGE(.BOTH.,#15466);
#15466 = SURFACE_SIDE_STYLE('',(#15467));
#15467 = SURFACE_STYLE_FILL_AREA(#15468);
#15468 = FILL_AREA_STYLE('',(#15469));
#15469 = FILL_AREA_STYLE_COLOUR('',#13265);
#15470 = STYLED_ITEM('color',(#15471),#5187);
#15471 = PRESENTATION_STYLE_ASSIGNMENT((#15472));
#15472 = SURFACE_STYLE_USAGE(.BOTH.,#15473);
#15473 = SURFACE_SIDE_STYLE('',(#15474));
#15474 = SURFACE_STYLE_FILL_AREA(#15475);
#15475 = FILL_AREA_STYLE('',(#15476));
#15476 = FILL_AREA_STYLE_COLOUR('',#13265);
#15477 = STYLED_ITEM('color',(#15478),#5220);
#15478 = PRESENTATION_STYLE_ASSIGNMENT((#15479));
#15479 = SURFACE_STYLE_USAGE(.BOTH.,#15480);
#15480 = SURFACE_SIDE_STYLE('',(#15481));
#15481 = SURFACE_STYLE_FILL_AREA(#15482);
#15482 = FILL_AREA_STYLE('',(#15483));
#15483 = FILL_AREA_STYLE_COLOUR('',#13784);
#15484 = STYLED_ITEM('color',(#15485),#5285);
#15485 = PRESENTATION_STYLE_ASSIGNMENT((#15486));
#15486 = SURFACE_STYLE_USAGE(.BOTH.,#15487);
#15487 = SURFACE_SIDE_STYLE('',(#15488));
#15488 = SURFACE_STYLE_FILL_AREA(#15489);
#15489 = FILL_AREA_STYLE('',(#15490));
#15490 = FILL_AREA_STYLE_COLOUR('',#13784);
#15491 = STYLED_ITEM('color',(#15492),#5309);
#15492 = PRESENTATION_STYLE_ASSIGNMENT((#15493));
#15493 = SURFACE_STYLE_USAGE(.BOTH.,#15494);
#15494 = SURFACE_SIDE_STYLE('',(#15495));
#15495 = SURFACE_STYLE_FILL_AREA(#15496);
#15496 = FILL_AREA_STYLE('',(#15497));
#15497 = FILL_AREA_STYLE_COLOUR('',#13784);
#15498 = STYLED_ITEM('color',(#15499),#5379);
#15499 = PRESENTATION_STYLE_ASSIGNMENT((#15500));
#15500 = SURFACE_STYLE_USAGE(.BOTH.,#15501);
#15501 = SURFACE_SIDE_STYLE('',(#15502));
#15502 = SURFACE_STYLE_FILL_AREA(#15503);
#15503 = FILL_AREA_STYLE('',(#15504));
#15504 = FILL_AREA_STYLE_COLOUR('',#13265);
#15505 = STYLED_ITEM('color',(#15506),#5405);
#15506 = PRESENTATION_STYLE_ASSIGNMENT((#15507));
#15507 = SURFACE_STYLE_USAGE(.BOTH.,#15508);
#15508 = SURFACE_SIDE_STYLE('',(#15509));
#15509 = SURFACE_STYLE_FILL_AREA(#15510);
#15510 = FILL_AREA_STYLE('',(#15511));
#15511 = FILL_AREA_STYLE_COLOUR('',#13784);
#15512 = STYLED_ITEM('color',(#15513),#5470);
#15513 = PRESENTATION_STYLE_ASSIGNMENT((#15514));
#15514 = SURFACE_STYLE_USAGE(.BOTH.,#15515);
#15515 = SURFACE_SIDE_STYLE('',(#15516));
#15516 = SURFACE_STYLE_FILL_AREA(#15517);
#15517 = FILL_AREA_STYLE('',(#15518));
#15518 = FILL_AREA_STYLE_COLOUR('',#13784);
#15519 = STYLED_ITEM('color',(#15520),#5494);
#15520 = PRESENTATION_STYLE_ASSIGNMENT((#15521));
#15521 = SURFACE_STYLE_USAGE(.BOTH.,#15522);
#15522 = SURFACE_SIDE_STYLE('',(#15523));
#15523 = SURFACE_STYLE_FILL_AREA(#15524);
#15524 = FILL_AREA_STYLE('',(#15525));
#15525 = FILL_AREA_STYLE_COLOUR('',#13784);
#15526 = STYLED_ITEM('color',(#15527),#5564);
#15527 = PRESENTATION_STYLE_ASSIGNMENT((#15528));
#15528 = SURFACE_STYLE_USAGE(.BOTH.,#15529);
#15529 = SURFACE_SIDE_STYLE('',(#15530));
#15530 = SURFACE_STYLE_FILL_AREA(#15531);
#15531 = FILL_AREA_STYLE('',(#15532));
#15532 = FILL_AREA_STYLE_COLOUR('',#13265);
#15533 = STYLED_ITEM('color',(#15534),#5577);
#15534 = PRESENTATION_STYLE_ASSIGNMENT((#15535));
#15535 = SURFACE_STYLE_USAGE(.BOTH.,#15536);
#15536 = SURFACE_SIDE_STYLE('',(#15537));
#15537 = SURFACE_STYLE_FILL_AREA(#15538);
#15538 = FILL_AREA_STYLE('',(#15539));
#15539 = FILL_AREA_STYLE_COLOUR('',#13784);
#15540 = STYLED_ITEM('color',(#15541),#5594);
#15541 = PRESENTATION_STYLE_ASSIGNMENT((#15542));
#15542 = SURFACE_STYLE_USAGE(.BOTH.,#15543);
#15543 = SURFACE_SIDE_STYLE('',(#15544));
#15544 = SURFACE_STYLE_FILL_AREA(#15545);
#15545 = FILL_AREA_STYLE('',(#15546));
#15546 = FILL_AREA_STYLE_COLOUR('',#13784);
#15547 = STYLED_ITEM('color',(#15548),#5611);
#15548 = PRESENTATION_STYLE_ASSIGNMENT((#15549));
#15549 = SURFACE_STYLE_USAGE(.BOTH.,#15550);
#15550 = SURFACE_SIDE_STYLE('',(#15551));
#15551 = SURFACE_STYLE_FILL_AREA(#15552);
#15552 = FILL_AREA_STYLE('',(#15553));
#15553 = FILL_AREA_STYLE_COLOUR('',#13265);
#15554 = STYLED_ITEM('color',(#15555),#5628);
#15555 = PRESENTATION_STYLE_ASSIGNMENT((#15556));
#15556 = SURFACE_STYLE_USAGE(.BOTH.,#15557);
#15557 = SURFACE_SIDE_STYLE('',(#15558));
#15558 = SURFACE_STYLE_FILL_AREA(#15559);
#15559 = FILL_AREA_STYLE('',(#15560));
#15560 = FILL_AREA_STYLE_COLOUR('',#13265);
#15561 = STYLED_ITEM('color',(#15562),#5640);
#15562 = PRESENTATION_STYLE_ASSIGNMENT((#15563));
#15563 = SURFACE_STYLE_USAGE(.BOTH.,#15564);
#15564 = SURFACE_SIDE_STYLE('',(#15565));
#15565 = SURFACE_STYLE_FILL_AREA(#15566);
#15566 = FILL_AREA_STYLE('',(#15567));
#15567 = FILL_AREA_STYLE_COLOUR('',#13265);
#15568 = STYLED_ITEM('color',(#15569),#5680);
#15569 = PRESENTATION_STYLE_ASSIGNMENT((#15570));
#15570 = SURFACE_STYLE_USAGE(.BOTH.,#15571);
#15571 = SURFACE_SIDE_STYLE('',(#15572));
#15572 = SURFACE_STYLE_FILL_AREA(#15573);
#15573 = FILL_AREA_STYLE('',(#15574));
#15574 = FILL_AREA_STYLE_COLOUR('',#13265);
#15575 = STYLED_ITEM('color',(#15576),#5697);
#15576 = PRESENTATION_STYLE_ASSIGNMENT((#15577));
#15577 = SURFACE_STYLE_USAGE(.BOTH.,#15578);
#15578 = SURFACE_SIDE_STYLE('',(#15579));
#15579 = SURFACE_STYLE_FILL_AREA(#15580);
#15580 = FILL_AREA_STYLE('',(#15581));
#15581 = FILL_AREA_STYLE_COLOUR('',#13265);
#15582 = STYLED_ITEM('color',(#15583),#5720);
#15583 = PRESENTATION_STYLE_ASSIGNMENT((#15584));
#15584 = SURFACE_STYLE_USAGE(.BOTH.,#15585);
#15585 = SURFACE_SIDE_STYLE('',(#15586));
#15586 = SURFACE_STYLE_FILL_AREA(#15587);
#15587 = FILL_AREA_STYLE('',(#15588));
#15588 = FILL_AREA_STYLE_COLOUR('',#13265);
#15589 = STYLED_ITEM('color',(#15590),#5744);
#15590 = PRESENTATION_STYLE_ASSIGNMENT((#15591));
#15591 = SURFACE_STYLE_USAGE(.BOTH.,#15592);
#15592 = SURFACE_SIDE_STYLE('',(#15593));
#15593 = SURFACE_STYLE_FILL_AREA(#15594);
#15594 = FILL_AREA_STYLE('',(#15595));
#15595 = FILL_AREA_STYLE_COLOUR('',#13265);
#15596 = STYLED_ITEM('color',(#15597),#5760);
#15597 = PRESENTATION_STYLE_ASSIGNMENT((#15598));
#15598 = SURFACE_STYLE_USAGE(.BOTH.,#15599);
#15599 = SURFACE_SIDE_STYLE('',(#15600));
#15600 = SURFACE_STYLE_FILL_AREA(#15601);
#15601 = FILL_AREA_STYLE('',(#15602));
#15602 = FILL_AREA_STYLE_COLOUR('',#13265);
#15603 = STYLED_ITEM('color',(#15604),#5772);
#15604 = PRESENTATION_STYLE_ASSIGNMENT((#15605));
#15605 = SURFACE_STYLE_USAGE(.BOTH.,#15606);
#15606 = SURFACE_SIDE_STYLE('',(#15607));
#15607 = SURFACE_STYLE_FILL_AREA(#15608);
#15608 = FILL_AREA_STYLE('',(#15609));
#15609 = FILL_AREA_STYLE_COLOUR('',#13265);
#15610 = STYLED_ITEM('color',(#15611),#5910);
#15611 = PRESENTATION_STYLE_ASSIGNMENT((#15612));
#15612 = SURFACE_STYLE_USAGE(.BOTH.,#15613);
#15613 = SURFACE_SIDE_STYLE('',(#15614));
#15614 = SURFACE_STYLE_FILL_AREA(#15615);
#15615 = FILL_AREA_STYLE('',(#15616));
#15616 = FILL_AREA_STYLE_COLOUR('',#13784);
#15617 = STYLED_ITEM('color',(#15618),#5942);
#15618 = PRESENTATION_STYLE_ASSIGNMENT((#15619));
#15619 = SURFACE_STYLE_USAGE(.BOTH.,#15620);
#15620 = SURFACE_SIDE_STYLE('',(#15621));
#15621 = SURFACE_STYLE_FILL_AREA(#15622);
#15622 = FILL_AREA_STYLE('',(#15623));
#15623 = FILL_AREA_STYLE_COLOUR('',#13265);
#15624 = STYLED_ITEM('color',(#15625),#5959);
#15625 = PRESENTATION_STYLE_ASSIGNMENT((#15626));
#15626 = SURFACE_STYLE_USAGE(.BOTH.,#15627);
#15627 = SURFACE_SIDE_STYLE('',(#15628));
#15628 = SURFACE_STYLE_FILL_AREA(#15629);
#15629 = FILL_AREA_STYLE('',(#15630));
#15630 = FILL_AREA_STYLE_COLOUR('',#13784);
#15631 = STYLED_ITEM('color',(#15632),#5976);
#15632 = PRESENTATION_STYLE_ASSIGNMENT((#15633));
#15633 = SURFACE_STYLE_USAGE(.BOTH.,#15634);
#15634 = SURFACE_SIDE_STYLE('',(#15635));
#15635 = SURFACE_STYLE_FILL_AREA(#15636);
#15636 = FILL_AREA_STYLE('',(#15637));
#15637 = FILL_AREA_STYLE_COLOUR('',#13784);
#15638 = STYLED_ITEM('color',(#15639),#6002);
#15639 = PRESENTATION_STYLE_ASSIGNMENT((#15640));
#15640 = SURFACE_STYLE_USAGE(.BOTH.,#15641);
#15641 = SURFACE_SIDE_STYLE('',(#15642));
#15642 = SURFACE_STYLE_FILL_AREA(#15643);
#15643 = FILL_AREA_STYLE('',(#15644));
#15644 = FILL_AREA_STYLE_COLOUR('',#13784);
#15645 = STYLED_ITEM('color',(#15646),#6034);
#15646 = PRESENTATION_STYLE_ASSIGNMENT((#15647));
#15647 = SURFACE_STYLE_USAGE(.BOTH.,#15648);
#15648 = SURFACE_SIDE_STYLE('',(#15649));
#15649 = SURFACE_STYLE_FILL_AREA(#15650);
#15650 = FILL_AREA_STYLE('',(#15651));
#15651 = FILL_AREA_STYLE_COLOUR('',#13784);
#15652 = STYLED_ITEM('color',(#15653),#6065);
#15653 = PRESENTATION_STYLE_ASSIGNMENT((#15654));
#15654 = SURFACE_STYLE_USAGE(.BOTH.,#15655);
#15655 = SURFACE_SIDE_STYLE('',(#15656));
#15656 = SURFACE_STYLE_FILL_AREA(#15657);
#15657 = FILL_AREA_STYLE('',(#15658));
#15658 = FILL_AREA_STYLE_COLOUR('',#13784);
#15659 = STYLED_ITEM('color',(#15660),#6082);
#15660 = PRESENTATION_STYLE_ASSIGNMENT((#15661));
#15661 = SURFACE_STYLE_USAGE(.BOTH.,#15662);
#15662 = SURFACE_SIDE_STYLE('',(#15663));
#15663 = SURFACE_STYLE_FILL_AREA(#15664);
#15664 = FILL_AREA_STYLE('',(#15665));
#15665 = FILL_AREA_STYLE_COLOUR('',#13265);
#15666 = STYLED_ITEM('color',(#15667),#6094);
#15667 = PRESENTATION_STYLE_ASSIGNMENT((#15668));
#15668 = SURFACE_STYLE_USAGE(.BOTH.,#15669);
#15669 = SURFACE_SIDE_STYLE('',(#15670));
#15670 = SURFACE_STYLE_FILL_AREA(#15671);
#15671 = FILL_AREA_STYLE('',(#15672));
#15672 = FILL_AREA_STYLE_COLOUR('',#13784);
#15673 = STYLED_ITEM('color',(#15674),#6119);
#15674 = PRESENTATION_STYLE_ASSIGNMENT((#15675));
#15675 = SURFACE_STYLE_USAGE(.BOTH.,#15676);
#15676 = SURFACE_SIDE_STYLE('',(#15677));
#15677 = SURFACE_STYLE_FILL_AREA(#15678);
#15678 = FILL_AREA_STYLE('',(#15679));
#15679 = FILL_AREA_STYLE_COLOUR('',#13784);
#15680 = STYLED_ITEM('color',(#15681),#6144);
#15681 = PRESENTATION_STYLE_ASSIGNMENT((#15682));
#15682 = SURFACE_STYLE_USAGE(.BOTH.,#15683);
#15683 = SURFACE_SIDE_STYLE('',(#15684));
#15684 = SURFACE_STYLE_FILL_AREA(#15685);
#15685 = FILL_AREA_STYLE('',(#15686));
#15686 = FILL_AREA_STYLE_COLOUR('',#13265);
#15687 = STYLED_ITEM('color',(#15688),#6156);
#15688 = PRESENTATION_STYLE_ASSIGNMENT((#15689));
#15689 = SURFACE_STYLE_USAGE(.BOTH.,#15690);
#15690 = SURFACE_SIDE_STYLE('',(#15691));
#15691 = SURFACE_STYLE_FILL_AREA(#15692);
#15692 = FILL_AREA_STYLE('',(#15693));
#15693 = FILL_AREA_STYLE_COLOUR('',#13265);
#15694 = STYLED_ITEM('color',(#15695),#6168);
#15695 = PRESENTATION_STYLE_ASSIGNMENT((#15696));
#15696 = SURFACE_STYLE_USAGE(.BOTH.,#15697);
#15697 = SURFACE_SIDE_STYLE('',(#15698));
#15698 = SURFACE_STYLE_FILL_AREA(#15699);
#15699 = FILL_AREA_STYLE('',(#15700));
#15700 = FILL_AREA_STYLE_COLOUR('',#13784);
#15701 = STYLED_ITEM('color',(#15702),#6192);
#15702 = PRESENTATION_STYLE_ASSIGNMENT((#15703));
#15703 = SURFACE_STYLE_USAGE(.BOTH.,#15704);
#15704 = SURFACE_SIDE_STYLE('',(#15705));
#15705 = SURFACE_STYLE_FILL_AREA(#15706);
#15706 = FILL_AREA_STYLE('',(#15707));
#15707 = FILL_AREA_STYLE_COLOUR('',#13784);
#15708 = STYLED_ITEM('color',(#15709),#6222);
#15709 = PRESENTATION_STYLE_ASSIGNMENT((#15710));
#15710 = SURFACE_STYLE_USAGE(.BOTH.,#15711);
#15711 = SURFACE_SIDE_STYLE('',(#15712));
#15712 = SURFACE_STYLE_FILL_AREA(#15713);
#15713 = FILL_AREA_STYLE('',(#15714));
#15714 = FILL_AREA_STYLE_COLOUR('',#13784);
#15715 = STYLED_ITEM('color',(#15716),#6239);
#15716 = PRESENTATION_STYLE_ASSIGNMENT((#15717));
#15717 = SURFACE_STYLE_USAGE(.BOTH.,#15718);
#15718 = SURFACE_SIDE_STYLE('',(#15719));
#15719 = SURFACE_STYLE_FILL_AREA(#15720);
#15720 = FILL_AREA_STYLE('',(#15721));
#15721 = FILL_AREA_STYLE_COLOUR('',#13784);
#15722 = STYLED_ITEM('color',(#15723),#6252);
#15723 = PRESENTATION_STYLE_ASSIGNMENT((#15724));
#15724 = SURFACE_STYLE_USAGE(.BOTH.,#15725);
#15725 = SURFACE_SIDE_STYLE('',(#15726));
#15726 = SURFACE_STYLE_FILL_AREA(#15727);
#15727 = FILL_AREA_STYLE('',(#15728));
#15728 = FILL_AREA_STYLE_COLOUR('',#13784);
#15729 = STYLED_ITEM('color',(#15730),#6270);
#15730 = PRESENTATION_STYLE_ASSIGNMENT((#15731));
#15731 = SURFACE_STYLE_USAGE(.BOTH.,#15732);
#15732 = SURFACE_SIDE_STYLE('',(#15733));
#15733 = SURFACE_STYLE_FILL_AREA(#15734);
#15734 = FILL_AREA_STYLE('',(#15735));
#15735 = FILL_AREA_STYLE_COLOUR('',#13784);
#15736 = STYLED_ITEM('color',(#15737),#6282);
#15737 = PRESENTATION_STYLE_ASSIGNMENT((#15738));
#15738 = SURFACE_STYLE_USAGE(.BOTH.,#15739);
#15739 = SURFACE_SIDE_STYLE('',(#15740));
#15740 = SURFACE_STYLE_FILL_AREA(#15741);
#15741 = FILL_AREA_STYLE('',(#15742));
#15742 = FILL_AREA_STYLE_COLOUR('',#13784);
#15743 = STYLED_ITEM('color',(#15744),#6304);
#15744 = PRESENTATION_STYLE_ASSIGNMENT((#15745));
#15745 = SURFACE_STYLE_USAGE(.BOTH.,#15746);
#15746 = SURFACE_SIDE_STYLE('',(#15747));
#15747 = SURFACE_STYLE_FILL_AREA(#15748);
#15748 = FILL_AREA_STYLE('',(#15749));
#15749 = FILL_AREA_STYLE_COLOUR('',#13784);
#15750 = STYLED_ITEM('color',(#15751),#6316);
#15751 = PRESENTATION_STYLE_ASSIGNMENT((#15752));
#15752 = SURFACE_STYLE_USAGE(.BOTH.,#15753);
#15753 = SURFACE_SIDE_STYLE('',(#15754));
#15754 = SURFACE_STYLE_FILL_AREA(#15755);
#15755 = FILL_AREA_STYLE('',(#15756));
#15756 = FILL_AREA_STYLE_COLOUR('',#13784);
#15757 = STYLED_ITEM('color',(#15758),#6333);
#15758 = PRESENTATION_STYLE_ASSIGNMENT((#15759));
#15759 = SURFACE_STYLE_USAGE(.BOTH.,#15760);
#15760 = SURFACE_SIDE_STYLE('',(#15761));
#15761 = SURFACE_STYLE_FILL_AREA(#15762);
#15762 = FILL_AREA_STYLE('',(#15763));
#15763 = FILL_AREA_STYLE_COLOUR('',#13784);
#15764 = STYLED_ITEM('color',(#15765),#6350);
#15765 = PRESENTATION_STYLE_ASSIGNMENT((#15766));
#15766 = SURFACE_STYLE_USAGE(.BOTH.,#15767);
#15767 = SURFACE_SIDE_STYLE('',(#15768));
#15768 = SURFACE_STYLE_FILL_AREA(#15769);
#15769 = FILL_AREA_STYLE('',(#15770));
#15770 = FILL_AREA_STYLE_COLOUR('',#13784);
#15771 = STYLED_ITEM('color',(#15772),#6362);
#15772 = PRESENTATION_STYLE_ASSIGNMENT((#15773));
#15773 = SURFACE_STYLE_USAGE(.BOTH.,#15774);
#15774 = SURFACE_SIDE_STYLE('',(#15775));
#15775 = SURFACE_STYLE_FILL_AREA(#15776);
#15776 = FILL_AREA_STYLE('',(#15777));
#15777 = FILL_AREA_STYLE_COLOUR('',#13784);
#15778 = STYLED_ITEM('color',(#15779),#6384);
#15779 = PRESENTATION_STYLE_ASSIGNMENT((#15780));
#15780 = SURFACE_STYLE_USAGE(.BOTH.,#15781);
#15781 = SURFACE_SIDE_STYLE('',(#15782));
#15782 = SURFACE_STYLE_FILL_AREA(#15783);
#15783 = FILL_AREA_STYLE('',(#15784));
#15784 = FILL_AREA_STYLE_COLOUR('',#13784);
#15785 = STYLED_ITEM('color',(#15786),#6396);
#15786 = PRESENTATION_STYLE_ASSIGNMENT((#15787));
#15787 = SURFACE_STYLE_USAGE(.BOTH.,#15788);
#15788 = SURFACE_SIDE_STYLE('',(#15789));
#15789 = SURFACE_STYLE_FILL_AREA(#15790);
#15790 = FILL_AREA_STYLE('',(#15791));
#15791 = FILL_AREA_STYLE_COLOUR('',#13784);
#15792 = STYLED_ITEM('color',(#15793),#6413);
#15793 = PRESENTATION_STYLE_ASSIGNMENT((#15794));
#15794 = SURFACE_STYLE_USAGE(.BOTH.,#15795);
#15795 = SURFACE_SIDE_STYLE('',(#15796));
#15796 = SURFACE_STYLE_FILL_AREA(#15797);
#15797 = FILL_AREA_STYLE('',(#15798));
#15798 = FILL_AREA_STYLE_COLOUR('',#13784);
#15799 = STYLED_ITEM('color',(#15800),#6430);
#15800 = PRESENTATION_STYLE_ASSIGNMENT((#15801));
#15801 = SURFACE_STYLE_USAGE(.BOTH.,#15802);
#15802 = SURFACE_SIDE_STYLE('',(#15803));
#15803 = SURFACE_STYLE_FILL_AREA(#15804);
#15804 = FILL_AREA_STYLE('',(#15805));
#15805 = FILL_AREA_STYLE_COLOUR('',#13784);
#15806 = STYLED_ITEM('color',(#15807),#6442);
#15807 = PRESENTATION_STYLE_ASSIGNMENT((#15808));
#15808 = SURFACE_STYLE_USAGE(.BOTH.,#15809);
#15809 = SURFACE_SIDE_STYLE('',(#15810));
#15810 = SURFACE_STYLE_FILL_AREA(#15811);
#15811 = FILL_AREA_STYLE('',(#15812));
#15812 = FILL_AREA_STYLE_COLOUR('',#13784);
#15813 = STYLED_ITEM('color',(#15814),#6459);
#15814 = PRESENTATION_STYLE_ASSIGNMENT((#15815));
#15815 = SURFACE_STYLE_USAGE(.BOTH.,#15816);
#15816 = SURFACE_SIDE_STYLE('',(#15817));
#15817 = SURFACE_STYLE_FILL_AREA(#15818);
#15818 = FILL_AREA_STYLE('',(#15819));
#15819 = FILL_AREA_STYLE_COLOUR('',#13784);
#15820 = STYLED_ITEM('color',(#15821),#6476);
#15821 = PRESENTATION_STYLE_ASSIGNMENT((#15822));
#15822 = SURFACE_STYLE_USAGE(.BOTH.,#15823);
#15823 = SURFACE_SIDE_STYLE('',(#15824));
#15824 = SURFACE_STYLE_FILL_AREA(#15825);
#15825 = FILL_AREA_STYLE('',(#15826));
#15826 = FILL_AREA_STYLE_COLOUR('',#13784);
#15827 = STYLED_ITEM('color',(#15828),#6515);
#15828 = PRESENTATION_STYLE_ASSIGNMENT((#15829));
#15829 = SURFACE_STYLE_USAGE(.BOTH.,#15830);
#15830 = SURFACE_SIDE_STYLE('',(#15831));
#15831 = SURFACE_STYLE_FILL_AREA(#15832);
#15832 = FILL_AREA_STYLE('',(#15833));
#15833 = FILL_AREA_STYLE_COLOUR('',#13784);
#15834 = STYLED_ITEM('color',(#15835),#6539);
#15835 = PRESENTATION_STYLE_ASSIGNMENT((#15836));
#15836 = SURFACE_STYLE_USAGE(.BOTH.,#15837);
#15837 = SURFACE_SIDE_STYLE('',(#15838));
#15838 = SURFACE_STYLE_FILL_AREA(#15839);
#15839 = FILL_AREA_STYLE('',(#15840));
#15840 = FILL_AREA_STYLE_COLOUR('',#13784);
#15841 = STYLED_ITEM('color',(#15842),#6571);
#15842 = PRESENTATION_STYLE_ASSIGNMENT((#15843));
#15843 = SURFACE_STYLE_USAGE(.BOTH.,#15844);
#15844 = SURFACE_SIDE_STYLE('',(#15845));
#15845 = SURFACE_STYLE_FILL_AREA(#15846);
#15846 = FILL_AREA_STYLE('',(#15847));
#15847 = FILL_AREA_STYLE_COLOUR('',#13784);
#15848 = STYLED_ITEM('color',(#15849),#6588);
#15849 = PRESENTATION_STYLE_ASSIGNMENT((#15850));
#15850 = SURFACE_STYLE_USAGE(.BOTH.,#15851);
#15851 = SURFACE_SIDE_STYLE('',(#15852));
#15852 = SURFACE_STYLE_FILL_AREA(#15853);
#15853 = FILL_AREA_STYLE('',(#15854));
#15854 = FILL_AREA_STYLE_COLOUR('',#13784);
#15855 = STYLED_ITEM('color',(#15856),#6619);
#15856 = PRESENTATION_STYLE_ASSIGNMENT((#15857));
#15857 = SURFACE_STYLE_USAGE(.BOTH.,#15858);
#15858 = SURFACE_SIDE_STYLE('',(#15859));
#15859 = SURFACE_STYLE_FILL_AREA(#15860);
#15860 = FILL_AREA_STYLE('',(#15861));
#15861 = FILL_AREA_STYLE_COLOUR('',#13784);
#15862 = STYLED_ITEM('color',(#15863),#6651);
#15863 = PRESENTATION_STYLE_ASSIGNMENT((#15864));
#15864 = SURFACE_STYLE_USAGE(.BOTH.,#15865);
#15865 = SURFACE_SIDE_STYLE('',(#15866));
#15866 = SURFACE_STYLE_FILL_AREA(#15867);
#15867 = FILL_AREA_STYLE('',(#15868));
#15868 = FILL_AREA_STYLE_COLOUR('',#13784);
#15869 = STYLED_ITEM('color',(#15870),#6675);
#15870 = PRESENTATION_STYLE_ASSIGNMENT((#15871));
#15871 = SURFACE_STYLE_USAGE(.BOTH.,#15872);
#15872 = SURFACE_SIDE_STYLE('',(#15873));
#15873 = SURFACE_STYLE_FILL_AREA(#15874);
#15874 = FILL_AREA_STYLE('',(#15875));
#15875 = FILL_AREA_STYLE_COLOUR('',#13784);
#15876 = STYLED_ITEM('color',(#15877),#6700);
#15877 = PRESENTATION_STYLE_ASSIGNMENT((#15878));
#15878 = SURFACE_STYLE_USAGE(.BOTH.,#15879);
#15879 = SURFACE_SIDE_STYLE('',(#15880));
#15880 = SURFACE_STYLE_FILL_AREA(#15881);
#15881 = FILL_AREA_STYLE('',(#15882));
#15882 = FILL_AREA_STYLE_COLOUR('',#13784);
#15883 = STYLED_ITEM('color',(#15884),#6712);
#15884 = PRESENTATION_STYLE_ASSIGNMENT((#15885));
#15885 = SURFACE_STYLE_USAGE(.BOTH.,#15886);
#15886 = SURFACE_SIDE_STYLE('',(#15887));
#15887 = SURFACE_STYLE_FILL_AREA(#15888);
#15888 = FILL_AREA_STYLE('',(#15889));
#15889 = FILL_AREA_STYLE_COLOUR('',#13784);
#15890 = STYLED_ITEM('color',(#15891),#6724);
#15891 = PRESENTATION_STYLE_ASSIGNMENT((#15892));
#15892 = SURFACE_STYLE_USAGE(.BOTH.,#15893);
#15893 = SURFACE_SIDE_STYLE('',(#15894));
#15894 = SURFACE_STYLE_FILL_AREA(#15895);
#15895 = FILL_AREA_STYLE('',(#15896));
#15896 = FILL_AREA_STYLE_COLOUR('',#13784);
#15897 = STYLED_ITEM('color',(#15898),#6741);
#15898 = PRESENTATION_STYLE_ASSIGNMENT((#15899));
#15899 = SURFACE_STYLE_USAGE(.BOTH.,#15900);
#15900 = SURFACE_SIDE_STYLE('',(#15901));
#15901 = SURFACE_STYLE_FILL_AREA(#15902);
#15902 = FILL_AREA_STYLE('',(#15903));
#15903 = FILL_AREA_STYLE_COLOUR('',#13784);
#15904 = STYLED_ITEM('color',(#15905),#6753);
#15905 = PRESENTATION_STYLE_ASSIGNMENT((#15906));
#15906 = SURFACE_STYLE_USAGE(.BOTH.,#15907);
#15907 = SURFACE_SIDE_STYLE('',(#15908));
#15908 = SURFACE_STYLE_FILL_AREA(#15909);
#15909 = FILL_AREA_STYLE('',(#15910));
#15910 = FILL_AREA_STYLE_COLOUR('',#13784);
#15911 = STYLED_ITEM('color',(#15912),#6770);
#15912 = PRESENTATION_STYLE_ASSIGNMENT((#15913));
#15913 = SURFACE_STYLE_USAGE(.BOTH.,#15914);
#15914 = SURFACE_SIDE_STYLE('',(#15915));
#15915 = SURFACE_STYLE_FILL_AREA(#15916);
#15916 = FILL_AREA_STYLE('',(#15917));
#15917 = FILL_AREA_STYLE_COLOUR('',#13784);
#15918 = MECHANICAL_DESIGN_GEOMETRIC_PRESENTATION_REPRESENTATION('',(
    #15919),#13221);
#15919 = STYLED_ITEM('color',(#15920),#12927);
#15920 = PRESENTATION_STYLE_ASSIGNMENT((#15921));
#15921 = SURFACE_STYLE_USAGE(.BOTH.,#15922);
#15922 = SURFACE_SIDE_STYLE('',(#15923));
#15923 = SURFACE_STYLE_FILL_AREA(#15924);
#15924 = FILL_AREA_STYLE('',(#15925));
#15925 = FILL_AREA_STYLE_COLOUR('',#15926);
#15926 = COLOUR_RGB('',0.313304153717,0.484529207832,0.410020903123);
#15927 = MECHANICAL_DESIGN_GEOMETRIC_PRESENTATION_REPRESENTATION('',(
    #15928,#15935,#15942,#15949),#1513);
#15928 = STYLED_ITEM('color',(#15929),#1363);
#15929 = PRESENTATION_STYLE_ASSIGNMENT((#15930));
#15930 = SURFACE_STYLE_USAGE(.BOTH.,#15931);
#15931 = SURFACE_SIDE_STYLE('',(#15932));
#15932 = SURFACE_STYLE_FILL_AREA(#15933);
#15933 = FILL_AREA_STYLE('',(#15934));
#15934 = FILL_AREA_STYLE_COLOUR('',#14850);
#15935 = OVER_RIDING_STYLED_ITEM('overriding color',(#15936),#1365,
  #15928);
#15936 = PRESENTATION_STYLE_ASSIGNMENT((#15937));
#15937 = SURFACE_STYLE_USAGE(.BOTH.,#15938);
#15938 = SURFACE_SIDE_STYLE('',(#15939));
#15939 = SURFACE_STYLE_FILL_AREA(#15940);
#15940 = FILL_AREA_STYLE('',(#15941));
#15941 = FILL_AREA_STYLE_COLOUR('',#14627);
#15942 = OVER_RIDING_STYLED_ITEM('overriding color',(#15943),#1405,
  #15928);
#15943 = PRESENTATION_STYLE_ASSIGNMENT((#15944));
#15944 = SURFACE_STYLE_USAGE(.BOTH.,#15945);
#15945 = SURFACE_SIDE_STYLE('',(#15946));
#15946 = SURFACE_STYLE_FILL_AREA(#15947);
#15947 = FILL_AREA_STYLE('',(#15948));
#15948 = FILL_AREA_STYLE_COLOUR('',#14627);
#15949 = OVER_RIDING_STYLED_ITEM('overriding color',(#15950),#1460,
  #15928);
#15950 = PRESENTATION_STYLE_ASSIGNMENT((#15951));
#15951 = SURFACE_STYLE_USAGE(.BOTH.,#15952);
#15952 = SURFACE_SIDE_STYLE('',(#15953));
#15953 = SURFACE_STYLE_FILL_AREA(#15954);
#15954 = FILL_AREA_STYLE('',(#15955));
#15955 = FILL_AREA_STYLE_COLOUR('',#14627);
#15956 = MECHANICAL_DESIGN_GEOMETRIC_PRESENTATION_REPRESENTATION('',(
    #15957,#15964,#15971,#15978),#1344);
#15957 = STYLED_ITEM('color',(#15958),#1095);
#15958 = PRESENTATION_STYLE_ASSIGNMENT((#15959));
#15959 = SURFACE_STYLE_USAGE(.BOTH.,#15960);
#15960 = SURFACE_SIDE_STYLE('',(#15961));
#15961 = SURFACE_STYLE_FILL_AREA(#15962);
#15962 = FILL_AREA_STYLE('',(#15963));
#15963 = FILL_AREA_STYLE_COLOUR('',#14850);
#15964 = OVER_RIDING_STYLED_ITEM('overriding color',(#15965),#1247,
  #15957);
#15965 = PRESENTATION_STYLE_ASSIGNMENT((#15966));
#15966 = SURFACE_STYLE_USAGE(.BOTH.,#15967);
#15967 = SURFACE_SIDE_STYLE('',(#15968));
#15968 = SURFACE_STYLE_FILL_AREA(#15969);
#15969 = FILL_AREA_STYLE('',(#15970));
#15970 = FILL_AREA_STYLE_COLOUR('',#14627);
#15971 = OVER_RIDING_STYLED_ITEM('overriding color',(#15972),#1298,
  #15957);
#15972 = PRESENTATION_STYLE_ASSIGNMENT((#15973));
#15973 = SURFACE_STYLE_USAGE(.BOTH.,#15974);
#15974 = SURFACE_SIDE_STYLE('',(#15975));
#15975 = SURFACE_STYLE_FILL_AREA(#15976);
#15976 = FILL_AREA_STYLE('',(#15977));
#15977 = FILL_AREA_STYLE_COLOUR('',#14627);
#15978 = OVER_RIDING_STYLED_ITEM('overriding color',(#15979),#1332,
  #15957);
#15979 = PRESENTATION_STYLE_ASSIGNMENT((#15980));
#15980 = SURFACE_STYLE_USAGE(.BOTH.,#15981);
#15981 = SURFACE_SIDE_STYLE('',(#15982));
#15982 = SURFACE_STYLE_FILL_AREA(#15983);
#15983 = FILL_AREA_STYLE('',(#15984));
#15984 = FILL_AREA_STYLE_COLOUR('',#14627);
ENDSEC;
END-ISO-10303-21;
